ISO-10303-21;
HEADER;
/* Generated by software containing ST-Developer
 * from STEP Tools, Inc. (www.steptools.com) 
 */

FILE_DESCRIPTION(
/* description */ (''),
/* implementation_level */ '2;1');

FILE_NAME(
/* name */ 'My_Arcade_Controller.step',
/* time_stamp */ '2026-09-04T18:40:20+09:00',
/* author */ (''),
/* organization */ (''),
/* preprocessor_version */ 'ST-DEVELOPER v20.1',
/* originating_system */ 'Autodesk Translation Framework v15.8.0.0',
/* authorisation */ '');

FILE_SCHEMA (('AUTOMOTIVE_DESIGN { 1 0 10303 214 3 1 1 }'));
ENDSEC;

DATA;
#10=MECHANICAL_DESIGN_GEOMETRIC_PRESENTATION_REPRESENTATION('',(#41,#42,
#43,#44,#45,#46,#47,#48,#49,#50),#7544);
#11=SHAPE_REPRESENTATION_RELATIONSHIP('SRR','None',#7551,#12);
#12=ADVANCED_BREP_SHAPE_REPRESENTATION('',(#51,#52,#53,#54,#55,#56,#57,
#58,#59,#60),#7543);
#13=B_SPLINE_CURVE_WITH_KNOTS('',3,(#6823,#6824,#6825,#6826,#6827,#6828,
#6829,#6830,#6831,#6832,#6833,#6834),.UNSPECIFIED.,.F.,.F.,(4,2,2,2,2,4),
(0.181103519547173,0.226379004714224,0.271654489881276,0.316930764487811,
0.362207039094345,0.365718048326655),.UNSPECIFIED.);
#14=B_SPLINE_CURVE_WITH_KNOTS('',3,(#6835,#6836,#6837,#6838,#6839,#6840,
#6841,#6842,#6843,#6844,#6845,#6846,#6847,#6848,#6849,#6850,#6851,#6852,
#6853),.UNSPECIFIED.,.F.,.F.,(4,2,2,2,3,2,2,2,4),(0.543310558641518,0.58858604380857,
0.633861528975621,0.679137803582156,0.72441407818869,0.769690352795224,
0.814966627401759,0.860242112568811,0.905517597735863),.UNSPECIFIED.);
#15=B_SPLINE_CURVE_WITH_KNOTS('',3,(#6854,#6855,#6856,#6857,#6858,#6859,
#6860,#6861,#6862,#6863),.UNSPECIFIED.,.F.,.F.,(4,2,2,2,4),(0.365718048326655,
0.407483313700879,0.452759588307414,0.498035073474466,0.543310558641518),
 .UNSPECIFIED.);
#16=B_SPLINE_CURVE_WITH_KNOTS('',3,(#6972,#6973,#6974,#6975,#6976,#6977,
#6978,#6979,#6980,#6981,#6982,#6983,#6984,#6985,#6986,#6987,#6988,#6989,
#6990),.UNSPECIFIED.,.F.,.F.,(4,2,2,2,3,2,2,2,4),(0.543310558641518,0.58858604380857,
0.633861528975622,0.679137803582156,0.724414078188691,0.769690352795225,
0.81496662740176,0.860242112568811,0.905517597735863),.UNSPECIFIED.);
#17=B_SPLINE_CURVE_WITH_KNOTS('',3,(#6992,#6993,#6994,#6995,#6996,#6997,
#6998,#6999,#7000,#7001,#7002,#7003),.UNSPECIFIED.,.F.,.F.,(4,2,2,2,2,4),
(0.358696029862036,0.362207039094345,0.40748331370088,0.452759588307414,
0.498035073474466,0.543310558641518),.UNSPECIFIED.);
#18=B_SPLINE_CURVE_WITH_KNOTS('',3,(#7007,#7008,#7009,#7010,#7011,#7012,
#7013,#7014,#7015,#7016),.UNSPECIFIED.,.F.,.F.,(4,2,2,2,4),(0.181103519547172,
0.226379004714224,0.271654489881276,0.316930764487811,0.358696029862036),
 .UNSPECIFIED.);
#19=B_SPLINE_CURVE_WITH_KNOTS('',3,(#7121,#7122,#7123,#7124,#7125,#7126,
#7127,#7128,#7129,#7130,#7131,#7132),.UNSPECIFIED.,.F.,.F.,(4,2,2,2,2,4),
(0.181103519547176,0.226379004714229,0.271654489881282,0.316930764487818,
0.362207039094353,0.365718048326663),.UNSPECIFIED.);
#20=B_SPLINE_CURVE_WITH_KNOTS('',3,(#7133,#7134,#7135,#7136,#7137,#7138,
#7139,#7140,#7141,#7142,#7143,#7144,#7145,#7146,#7147,#7148,#7149,#7150,
#7151),.UNSPECIFIED.,.F.,.F.,(4,2,2,2,3,2,2,2,4),(0.54331055864153,0.588586043808583,
0.633861528975635,0.679137803582171,0.724414078188707,0.769690352795242,
0.814966627401777,0.86024211256883,0.905517597735883),.UNSPECIFIED.);
#21=B_SPLINE_CURVE_WITH_KNOTS('',3,(#7152,#7153,#7154,#7155,#7156,#7157,
#7158,#7159,#7160,#7161),.UNSPECIFIED.,.F.,.F.,(4,2,2,2,4),(0.365718048326663,
0.407483313700889,0.452759588307424,0.498035073474477,0.54331055864153),
 .UNSPECIFIED.);
#22=B_SPLINE_CURVE_WITH_KNOTS('',3,(#7260,#7261,#7262,#7263,#7264,#7265,
#7266,#7267,#7268,#7269,#7270,#7271,#7272,#7273,#7274,#7275,#7276,#7277,
#7278),.UNSPECIFIED.,.F.,.F.,(4,2,2,2,3,2,2,2,4),(0.54331055864153,0.588586043808583,
0.633861528975636,0.679137803582171,0.724414078188707,0.769690352795242,
0.814966627401778,0.860242112568831,0.905517597735883),.UNSPECIFIED.);
#23=B_SPLINE_CURVE_WITH_KNOTS('',3,(#7280,#7281,#7282,#7283,#7284,#7285,
#7286,#7287,#7288,#7289,#7290,#7291),.UNSPECIFIED.,.F.,.F.,(4,2,2,2,2,4),
(0.358696029862044,0.362207039094354,0.407483313700889,0.452759588307424,
0.498035073474477,0.54331055864153),.UNSPECIFIED.);
#24=B_SPLINE_CURVE_WITH_KNOTS('',3,(#7295,#7296,#7297,#7298,#7299,#7300,
#7301,#7302,#7303,#7304),.UNSPECIFIED.,.F.,.F.,(4,2,2,2,4),(0.181103519547177,
0.22637900471423,0.271654489881283,0.316930764487818,0.358696029862044),
 .UNSPECIFIED.);
#25=ELLIPSE('',#4546,8.00345945962115,8.);
#26=ELLIPSE('',#4548,8.00345945962115,8.);
#27=ELLIPSE('',#4549,272.117621627123,8.);
#28=ELLIPSE('',#4550,8.00345945962115,8.);
#29=ELLIPSE('',#4590,8.00345945962115,8.);
#30=ELLIPSE('',#4592,8.00345945962115,8.);
#31=ELLIPSE('',#4593,8.00345945962115,8.);
#32=ELLIPSE('',#4594,272.117621627123,8.);
#33=ELLIPSE('',#4633,8.00345945962116,8.);
#34=ELLIPSE('',#4635,8.00345945962116,8.);
#35=ELLIPSE('',#4636,8.00345945962116,8.);
#36=ELLIPSE('',#4637,272.117621627113,8.);
#37=ELLIPSE('',#4677,8.00345945962115,8.);
#38=ELLIPSE('',#4679,8.00345945962115,8.);
#39=ELLIPSE('',#4680,272.117621627113,8.);
#40=ELLIPSE('',#4681,8.00345945962115,8.);
#41=STYLED_ITEM('',(#7560),#51);
#42=STYLED_ITEM('',(#7560),#52);
#43=STYLED_ITEM('',(#7560),#53);
#44=STYLED_ITEM('',(#7560),#54);
#45=STYLED_ITEM('',(#7560),#55);
#46=STYLED_ITEM('',(#7560),#56);
#47=STYLED_ITEM('',(#7560),#57);
#48=STYLED_ITEM('',(#7560),#58);
#49=STYLED_ITEM('',(#7560),#59);
#50=STYLED_ITEM('',(#7560),#60);
#51=MANIFOLD_SOLID_BREP('\X2\5E959762\X0\',#4233);
#52=MANIFOLD_SOLID_BREP('\X2\59659762\X0\',#4234);
#53=MANIFOLD_SOLID_BREP('\X2\53F39762\X0\',#4235);
#54=MANIFOLD_SOLID_BREP('\X2\524D9762\X0\',#4236);
#55=MANIFOLD_SOLID_BREP('\X2\5DE69762\X0\',#4237);
#56=MANIFOLD_SOLID_BREP('\X2\30D630ED30C330AF\X0\(\X2\5DE64E0A\X0\)',#4238);
#57=MANIFOLD_SOLID_BREP('\X2\30D630ED30C330AF\X0\(\X2\53F34E0A\X0\)',#4239);
#58=MANIFOLD_SOLID_BREP('\X2\30D630ED30C330AF\X0\(\X2\5DE64E0B\X0\)',#4240);
#59=MANIFOLD_SOLID_BREP('\X2\30D630ED30C330AF\X0\(\X2\53F34E0B\X0\)',#4241);
#60=MANIFOLD_SOLID_BREP('\X2\5929677F7A74\X0\2',#4242);
#61=LINE('',#6193,#329);
#62=LINE('',#6208,#330);
#63=LINE('',#6223,#331);
#64=LINE('',#6238,#332);
#65=LINE('',#6251,#333);
#66=LINE('',#6255,#334);
#67=LINE('',#6259,#335);
#68=LINE('',#6262,#336);
#69=LINE('',#6271,#337);
#70=LINE('',#6279,#338);
#71=LINE('',#6287,#339);
#72=LINE('',#6295,#340);
#73=LINE('',#6321,#341);
#74=LINE('',#6322,#342);
#75=LINE('',#6325,#343);
#76=LINE('',#6329,#344);
#77=LINE('',#6333,#345);
#78=LINE('',#6336,#346);
#79=LINE('',#6338,#347);
#80=LINE('',#6340,#348);
#81=LINE('',#6342,#349);
#82=LINE('',#6343,#350);
#83=LINE('',#6345,#351);
#84=LINE('',#6347,#352);
#85=LINE('',#6363,#353);
#86=LINE('',#6367,#354);
#87=LINE('',#6371,#355);
#88=LINE('',#6374,#356);
#89=LINE('',#6381,#357);
#90=LINE('',#6389,#358);
#91=LINE('',#6407,#359);
#92=LINE('',#6417,#360);
#93=LINE('',#6438,#361);
#94=LINE('',#6439,#362);
#95=LINE('',#6441,#363);
#96=LINE('',#6442,#364);
#97=LINE('',#6453,#365);
#98=LINE('',#6454,#366);
#99=LINE('',#6465,#367);
#100=LINE('',#6466,#368);
#101=LINE('',#6468,#369);
#102=LINE('',#6469,#370);
#103=LINE('',#6471,#371);
#104=LINE('',#6472,#372);
#105=LINE('',#6474,#373);
#106=LINE('',#6475,#374);
#107=LINE('',#6477,#375);
#108=LINE('',#6478,#376);
#109=LINE('',#6482,#377);
#110=LINE('',#6484,#378);
#111=LINE('',#6486,#379);
#112=LINE('',#6487,#380);
#113=LINE('',#6496,#381);
#114=LINE('',#6499,#382);
#115=LINE('',#6502,#383);
#116=LINE('',#6506,#384);
#117=LINE('',#6510,#385);
#118=LINE('',#6511,#386);
#119=LINE('',#6514,#387);
#120=LINE('',#6518,#388);
#121=LINE('',#6522,#389);
#122=LINE('',#6525,#390);
#123=LINE('',#6544,#391);
#124=LINE('',#6548,#392);
#125=LINE('',#6553,#393);
#126=LINE('',#6554,#394);
#127=LINE('',#6555,#395);
#128=LINE('',#6558,#396);
#129=LINE('',#6559,#397);
#130=LINE('',#6562,#398);
#131=LINE('',#6563,#399);
#132=LINE('',#6565,#400);
#133=LINE('',#6576,#401);
#134=LINE('',#6578,#402);
#135=LINE('',#6580,#403);
#136=LINE('',#6581,#404);
#137=LINE('',#6596,#405);
#138=LINE('',#6600,#406);
#139=LINE('',#6604,#407);
#140=LINE('',#6606,#408);
#141=LINE('',#6607,#409);
#142=LINE('',#6610,#410);
#143=LINE('',#6612,#411);
#144=LINE('',#6613,#412);
#145=LINE('',#6615,#413);
#146=LINE('',#6617,#414);
#147=LINE('',#6628,#415);
#148=LINE('',#6630,#416);
#149=LINE('',#6632,#417);
#150=LINE('',#6633,#418);
#151=LINE('',#6648,#419);
#152=LINE('',#6652,#420);
#153=LINE('',#6656,#421);
#154=LINE('',#6658,#422);
#155=LINE('',#6659,#423);
#156=LINE('',#6662,#424);
#157=LINE('',#6663,#425);
#158=LINE('',#6666,#426);
#159=LINE('',#6667,#427);
#160=LINE('',#6669,#428);
#161=LINE('',#6689,#429);
#162=LINE('',#6691,#430);
#163=LINE('',#6693,#431);
#164=LINE('',#6694,#432);
#165=LINE('',#6711,#433);
#166=LINE('',#6721,#434);
#167=LINE('',#6731,#435);
#168=LINE('',#6741,#436);
#169=LINE('',#6748,#437);
#170=LINE('',#6752,#438);
#171=LINE('',#6756,#439);
#172=LINE('',#6758,#440);
#173=LINE('',#6759,#441);
#174=LINE('',#6762,#442);
#175=LINE('',#6763,#443);
#176=LINE('',#6766,#444);
#177=LINE('',#6767,#445);
#178=LINE('',#6769,#446);
#179=LINE('',#6776,#447);
#180=LINE('',#6780,#448);
#181=LINE('',#6787,#449);
#182=LINE('',#6790,#450);
#183=LINE('',#6792,#451);
#184=LINE('',#6793,#452);
#185=LINE('',#6796,#453);
#186=LINE('',#6798,#454);
#187=LINE('',#6804,#455);
#188=LINE('',#6806,#456);
#189=LINE('',#6808,#457);
#190=LINE('',#6809,#458);
#191=LINE('',#6814,#459);
#192=LINE('',#6821,#460);
#193=LINE('',#6866,#461);
#194=LINE('',#6874,#462);
#195=LINE('',#6881,#463);
#196=LINE('',#6894,#464);
#197=LINE('',#6898,#465);
#198=LINE('',#6900,#466);
#199=LINE('',#6902,#467);
#200=LINE('',#6903,#468);
#201=LINE('',#6907,#469);
#202=LINE('',#6908,#470);
#203=LINE('',#6910,#471);
#204=LINE('',#6912,#472);
#205=LINE('',#6914,#473);
#206=LINE('',#6916,#474);
#207=LINE('',#6923,#475);
#208=LINE('',#6927,#476);
#209=LINE('',#6931,#477);
#210=LINE('',#6937,#478);
#211=LINE('',#6939,#479);
#212=LINE('',#6941,#480);
#213=LINE('',#6942,#481);
#214=LINE('',#6947,#482);
#215=LINE('',#6948,#483);
#216=LINE('',#6951,#484);
#217=LINE('',#6952,#485);
#218=LINE('',#6954,#486);
#219=LINE('',#6956,#487);
#220=LINE('',#6957,#488);
#221=LINE('',#6960,#489);
#222=LINE('',#6961,#490);
#223=LINE('',#6966,#491);
#224=LINE('',#7005,#492);
#225=LINE('',#7019,#493);
#226=LINE('',#7023,#494);
#227=LINE('',#7026,#495);
#228=LINE('',#7031,#496);
#229=LINE('',#7036,#497);
#230=LINE('',#7043,#498);
#231=LINE('',#7052,#499);
#232=LINE('',#7056,#500);
#233=LINE('',#7057,#501);
#234=LINE('',#7061,#502);
#235=LINE('',#7068,#503);
#236=LINE('',#7072,#504);
#237=LINE('',#7076,#505);
#238=LINE('',#7082,#506);
#239=LINE('',#7088,#507);
#240=LINE('',#7089,#508);
#241=LINE('',#7092,#509);
#242=LINE('',#7093,#510);
#243=LINE('',#7096,#511);
#244=LINE('',#7097,#512);
#245=LINE('',#7099,#513);
#246=LINE('',#7101,#514);
#247=LINE('',#7102,#515);
#248=LINE('',#7105,#516);
#249=LINE('',#7113,#517);
#250=LINE('',#7120,#518);
#251=LINE('',#7164,#519);
#252=LINE('',#7169,#520);
#253=LINE('',#7176,#521);
#254=LINE('',#7189,#522);
#255=LINE('',#7193,#523);
#256=LINE('',#7195,#524);
#257=LINE('',#7196,#525);
#258=LINE('',#7201,#526);
#259=LINE('',#7203,#527);
#260=LINE('',#7204,#528);
#261=LINE('',#7206,#529);
#262=LINE('',#7208,#530);
#263=LINE('',#7215,#531);
#264=LINE('',#7219,#532);
#265=LINE('',#7226,#533);
#266=LINE('',#7229,#534);
#267=LINE('',#7231,#535);
#268=LINE('',#7232,#536);
#269=LINE('',#7235,#537);
#270=LINE('',#7237,#538);
#271=LINE('',#7238,#539);
#272=LINE('',#7243,#540);
#273=LINE('',#7249,#541);
#274=LINE('',#7250,#542);
#275=LINE('',#7255,#543);
#276=LINE('',#7293,#544);
#277=LINE('',#7307,#545);
#278=LINE('',#7309,#546);
#279=LINE('',#7313,#547);
#280=LINE('',#7315,#548);
#281=LINE('',#7317,#549);
#282=LINE('',#7322,#550);
#283=LINE('',#7329,#551);
#284=LINE('',#7338,#552);
#285=LINE('',#7342,#553);
#286=LINE('',#7346,#554);
#287=LINE('',#7347,#555);
#288=LINE('',#7350,#556);
#289=LINE('',#7351,#557);
#290=LINE('',#7353,#558);
#291=LINE('',#7359,#559);
#292=LINE('',#7365,#560);
#293=LINE('',#7371,#561);
#294=LINE('',#7377,#562);
#295=LINE('',#7383,#563);
#296=LINE('',#7389,#564);
#297=LINE('',#7395,#565);
#298=LINE('',#7401,#566);
#299=LINE('',#7407,#567);
#300=LINE('',#7413,#568);
#301=LINE('',#7419,#569);
#302=LINE('',#7425,#570);
#303=LINE('',#7431,#571);
#304=LINE('',#7437,#572);
#305=LINE('',#7443,#573);
#306=LINE('',#7449,#574);
#307=LINE('',#7457,#575);
#308=LINE('',#7461,#576);
#309=LINE('',#7465,#577);
#310=LINE('',#7468,#578);
#311=LINE('',#7479,#579);
#312=LINE('',#7484,#580);
#313=LINE('',#7490,#581);
#314=LINE('',#7495,#582);
#315=LINE('',#7501,#583);
#316=LINE('',#7506,#584);
#317=LINE('',#7512,#585);
#318=LINE('',#7513,#586);
#319=LINE('',#7516,#587);
#320=LINE('',#7517,#588);
#321=LINE('',#7522,#589);
#322=LINE('',#7523,#590);
#323=LINE('',#7526,#591);
#324=LINE('',#7527,#592);
#325=LINE('',#7531,#593);
#326=LINE('',#7534,#594);
#327=LINE('',#7537,#595);
#328=LINE('',#7539,#596);
#329=VECTOR('',#4825,1.4);
#330=VECTOR('',#4844,1.40000000000001);
#331=VECTOR('',#4863,1.40000000000001);
#332=VECTOR('',#4882,1.40000000000001);
#333=VECTOR('',#4897,10.);
#334=VECTOR('',#4900,10.);
#335=VECTOR('',#4903,10.);
#336=VECTOR('',#4906,10.);
#337=VECTOR('',#4915,2.99999999999997);
#338=VECTOR('',#4926,3.00000000000001);
#339=VECTOR('',#4937,3.);
#340=VECTOR('',#4948,3.00000000000001);
#341=VECTOR('',#4987,10.);
#342=VECTOR('',#4988,10.);
#343=VECTOR('',#4991,10.);
#344=VECTOR('',#4994,10.);
#345=VECTOR('',#4997,10.);
#346=VECTOR('',#5000,10.);
#347=VECTOR('',#5003,10.);
#348=VECTOR('',#5006,10.);
#349=VECTOR('',#5009,10.);
#350=VECTOR('',#5010,10.);
#351=VECTOR('',#5013,10.);
#352=VECTOR('',#5016,10.);
#353=VECTOR('',#5035,10.);
#354=VECTOR('',#5038,10.);
#355=VECTOR('',#5041,10.);
#356=VECTOR('',#5044,10.);
#357=VECTOR('',#5049,10.);
#358=VECTOR('',#5056,10.);
#359=VECTOR('',#5079,1.5);
#360=VECTOR('',#5092,1.5);
#361=VECTOR('',#5117,10.);
#362=VECTOR('',#5118,10.);
#363=VECTOR('',#5121,10.);
#364=VECTOR('',#5122,10.);
#365=VECTOR('',#5135,10.);
#366=VECTOR('',#5136,10.);
#367=VECTOR('',#5149,10.);
#368=VECTOR('',#5150,10.);
#369=VECTOR('',#5153,10.);
#370=VECTOR('',#5154,10.);
#371=VECTOR('',#5157,10.);
#372=VECTOR('',#5158,10.);
#373=VECTOR('',#5161,10.);
#374=VECTOR('',#5162,10.);
#375=VECTOR('',#5165,10.);
#376=VECTOR('',#5166,10.);
#377=VECTOR('',#5169,10.);
#378=VECTOR('',#5170,10.);
#379=VECTOR('',#5171,10.);
#380=VECTOR('',#5172,10.);
#381=VECTOR('',#5183,10.);
#382=VECTOR('',#5186,10.);
#383=VECTOR('',#5189,10.);
#384=VECTOR('',#5194,10.);
#385=VECTOR('',#5199,10.);
#386=VECTOR('',#5200,10.);
#387=VECTOR('',#5203,10.);
#388=VECTOR('',#5208,10.);
#389=VECTOR('',#5213,10.);
#390=VECTOR('',#5218,10.);
#391=VECTOR('',#5245,1.40000000000001);
#392=VECTOR('',#5250,1.4);
#393=VECTOR('',#5255,10.);
#394=VECTOR('',#5256,10.);
#395=VECTOR('',#5257,10.);
#396=VECTOR('',#5260,10.);
#397=VECTOR('',#5261,10.);
#398=VECTOR('',#5264,10.);
#399=VECTOR('',#5265,10.);
#400=VECTOR('',#5268,10.);
#401=VECTOR('',#5281,10.);
#402=VECTOR('',#5282,10.);
#403=VECTOR('',#5283,10.);
#404=VECTOR('',#5284,10.);
#405=VECTOR('',#5303,1.4);
#406=VECTOR('',#5308,1.40000000000001);
#407=VECTOR('',#5313,10.);
#408=VECTOR('',#5314,10.);
#409=VECTOR('',#5315,10.);
#410=VECTOR('',#5318,10.);
#411=VECTOR('',#5319,10.);
#412=VECTOR('',#5320,10.);
#413=VECTOR('',#5323,10.);
#414=VECTOR('',#5326,10.);
#415=VECTOR('',#5339,10.);
#416=VECTOR('',#5340,10.);
#417=VECTOR('',#5341,10.);
#418=VECTOR('',#5342,10.);
#419=VECTOR('',#5361,1.39999999999997);
#420=VECTOR('',#5366,1.4);
#421=VECTOR('',#5371,10.);
#422=VECTOR('',#5372,10.);
#423=VECTOR('',#5373,10.);
#424=VECTOR('',#5376,10.);
#425=VECTOR('',#5377,10.);
#426=VECTOR('',#5380,10.);
#427=VECTOR('',#5381,10.);
#428=VECTOR('',#5384,10.);
#429=VECTOR('',#5409,10.);
#430=VECTOR('',#5410,10.);
#431=VECTOR('',#5411,10.);
#432=VECTOR('',#5412,10.);
#433=VECTOR('',#5431,6.05);
#434=VECTOR('',#5444,6.05);
#435=VECTOR('',#5457,6.05);
#436=VECTOR('',#5470,6.05);
#437=VECTOR('',#5479,1.4);
#438=VECTOR('',#5484,1.39999999999997);
#439=VECTOR('',#5489,10.);
#440=VECTOR('',#5490,10.);
#441=VECTOR('',#5491,10.);
#442=VECTOR('',#5494,10.);
#443=VECTOR('',#5495,10.);
#444=VECTOR('',#5498,10.);
#445=VECTOR('',#5499,10.);
#446=VECTOR('',#5502,10.);
#447=VECTOR('',#5509,10.);
#448=VECTOR('',#5512,10.);
#449=VECTOR('',#5519,10.);
#450=VECTOR('',#5522,10.);
#451=VECTOR('',#5523,10.);
#452=VECTOR('',#5524,10.);
#453=VECTOR('',#5527,10.);
#454=VECTOR('',#5528,10.);
#455=VECTOR('',#5535,10.);
#456=VECTOR('',#5536,10.);
#457=VECTOR('',#5537,10.);
#458=VECTOR('',#5538,10.);
#459=VECTOR('',#5543,1.40000000000001);
#460=VECTOR('',#5552,1.19999999999997);
#461=VECTOR('',#5555,10.);
#462=VECTOR('',#5566,1.40000000000001);
#463=VECTOR('',#5575,1.39999999999997);
#464=VECTOR('',#5592,8.125);
#465=VECTOR('',#5597,10.);
#466=VECTOR('',#5598,10.);
#467=VECTOR('',#5599,10.);
#468=VECTOR('',#5600,10.);
#469=VECTOR('',#5605,10.);
#470=VECTOR('',#5606,10.);
#471=VECTOR('',#5609,10.);
#472=VECTOR('',#5612,10.);
#473=VECTOR('',#5615,10.);
#474=VECTOR('',#5618,10.);
#475=VECTOR('',#5625,10.);
#476=VECTOR('',#5628,10.);
#477=VECTOR('',#5631,10.);
#478=VECTOR('',#5638,10.);
#479=VECTOR('',#5639,10.);
#480=VECTOR('',#5640,10.);
#481=VECTOR('',#5641,10.);
#482=VECTOR('',#5646,10.);
#483=VECTOR('',#5647,10.);
#484=VECTOR('',#5650,10.);
#485=VECTOR('',#5651,10.);
#486=VECTOR('',#5652,10.);
#487=VECTOR('',#5653,10.);
#488=VECTOR('',#5654,10.);
#489=VECTOR('',#5657,10.);
#490=VECTOR('',#5658,10.);
#491=VECTOR('',#5663,1.40000000000001);
#492=VECTOR('',#5670,1.19999999999997);
#493=VECTOR('',#5675,10.);
#494=VECTOR('',#5680,10.);
#495=VECTOR('',#5683,10.);
#496=VECTOR('',#5690,10.);
#497=VECTOR('',#5695,1.40000000000001);
#498=VECTOR('',#5704,1.4);
#499=VECTOR('',#5717,8.125);
#500=VECTOR('',#5724,10.);
#501=VECTOR('',#5725,10.);
#502=VECTOR('',#5732,10.);
#503=VECTOR('',#5739,10.);
#504=VECTOR('',#5742,10.);
#505=VECTOR('',#5745,10.);
#506=VECTOR('',#5752,10.);
#507=VECTOR('',#5757,10.);
#508=VECTOR('',#5758,10.);
#509=VECTOR('',#5761,10.);
#510=VECTOR('',#5762,10.);
#511=VECTOR('',#5765,10.);
#512=VECTOR('',#5766,10.);
#513=VECTOR('',#5767,10.);
#514=VECTOR('',#5768,10.);
#515=VECTOR('',#5769,10.);
#516=VECTOR('',#5772,10.);
#517=VECTOR('',#5781,1.40000000000001);
#518=VECTOR('',#5790,1.2);
#519=VECTOR('',#5795,10.);
#520=VECTOR('',#5800,1.4);
#521=VECTOR('',#5809,1.39999999999997);
#522=VECTOR('',#5826,8.125);
#523=VECTOR('',#5831,10.);
#524=VECTOR('',#5832,10.);
#525=VECTOR('',#5833,10.);
#526=VECTOR('',#5840,10.);
#527=VECTOR('',#5841,10.);
#528=VECTOR('',#5842,10.);
#529=VECTOR('',#5845,10.);
#530=VECTOR('',#5848,10.);
#531=VECTOR('',#5855,10.);
#532=VECTOR('',#5858,10.);
#533=VECTOR('',#5865,10.);
#534=VECTOR('',#5868,10.);
#535=VECTOR('',#5869,10.);
#536=VECTOR('',#5870,10.);
#537=VECTOR('',#5873,10.);
#538=VECTOR('',#5874,10.);
#539=VECTOR('',#5875,10.);
#540=VECTOR('',#5880,10.);
#541=VECTOR('',#5885,10.);
#542=VECTOR('',#5886,10.);
#543=VECTOR('',#5891,1.4);
#544=VECTOR('',#5898,1.2);
#545=VECTOR('',#5903,10.);
#546=VECTOR('',#5904,10.);
#547=VECTOR('',#5909,10.);
#548=VECTOR('',#5912,10.);
#549=VECTOR('',#5915,10.);
#550=VECTOR('',#5920,1.4);
#551=VECTOR('',#5929,1.4);
#552=VECTOR('',#5942,8.125);
#553=VECTOR('',#5949,10.);
#554=VECTOR('',#5954,10.);
#555=VECTOR('',#5955,10.);
#556=VECTOR('',#5958,10.);
#557=VECTOR('',#5959,10.);
#558=VECTOR('',#5962,10.);
#559=VECTOR('',#5969,12.1);
#560=VECTOR('',#5976,12.1);
#561=VECTOR('',#5983,12.1);
#562=VECTOR('',#5990,12.1);
#563=VECTOR('',#5997,12.1);
#564=VECTOR('',#6004,12.1);
#565=VECTOR('',#6011,12.1);
#566=VECTOR('',#6018,12.1);
#567=VECTOR('',#6025,12.1);
#568=VECTOR('',#6032,12.1);
#569=VECTOR('',#6039,12.1);
#570=VECTOR('',#6046,12.1);
#571=VECTOR('',#6053,12.1);
#572=VECTOR('',#6060,12.1);
#573=VECTOR('',#6067,2.05);
#574=VECTOR('',#6074,7.75);
#575=VECTOR('',#6083,10.);
#576=VECTOR('',#6086,10.);
#577=VECTOR('',#6089,10.);
#578=VECTOR('',#6092,10.);
#579=VECTOR('',#6103,2.04999999999998);
#580=VECTOR('',#6110,7.75000000000002);
#581=VECTOR('',#6117,2.05);
#582=VECTOR('',#6124,7.75);
#583=VECTOR('',#6131,2.04999999999998);
#584=VECTOR('',#6138,7.75000000000002);
#585=VECTOR('',#6145,10.);
#586=VECTOR('',#6146,10.);
#587=VECTOR('',#6149,10.);
#588=VECTOR('',#6150,10.);
#589=VECTOR('',#6155,10.);
#590=VECTOR('',#6156,10.);
#591=VECTOR('',#6159,10.);
#592=VECTOR('',#6160,10.);
#593=VECTOR('',#6165,10.);
#594=VECTOR('',#6168,10.);
#595=VECTOR('',#6173,10.);
#596=VECTOR('',#6176,10.);
#597=CYLINDRICAL_SURFACE('',#4263,1.4);
#598=CYLINDRICAL_SURFACE('',#4272,1.40000000000001);
#599=CYLINDRICAL_SURFACE('',#4281,1.40000000000001);
#600=CYLINDRICAL_SURFACE('',#4290,1.40000000000001);
#601=CYLINDRICAL_SURFACE('',#4304,2.99999999999997);
#602=CYLINDRICAL_SURFACE('',#4309,3.00000000000001);
#603=CYLINDRICAL_SURFACE('',#4314,3.);
#604=CYLINDRICAL_SURFACE('',#4319,3.00000000000001);
#605=CYLINDRICAL_SURFACE('',#4337,20.);
#606=CYLINDRICAL_SURFACE('',#4344,20.);
#607=CYLINDRICAL_SURFACE('',#4345,20.);
#608=CYLINDRICAL_SURFACE('',#4347,20.);
#609=CYLINDRICAL_SURFACE('',#4375,1.5);
#610=CYLINDRICAL_SURFACE('',#4381,1.5);
#611=CYLINDRICAL_SURFACE('',#4393,0.5);
#612=CYLINDRICAL_SURFACE('',#4394,3.);
#613=CYLINDRICAL_SURFACE('',#4400,0.5);
#614=CYLINDRICAL_SURFACE('',#4406,0.5);
#615=CYLINDRICAL_SURFACE('',#4407,0.5);
#616=CYLINDRICAL_SURFACE('',#4408,3.);
#617=CYLINDRICAL_SURFACE('',#4409,3.);
#618=CYLINDRICAL_SURFACE('',#4410,3.);
#619=CYLINDRICAL_SURFACE('',#4416,3.);
#620=CYLINDRICAL_SURFACE('',#4418,5.50000000000001);
#621=CYLINDRICAL_SURFACE('',#4420,3.);
#622=CYLINDRICAL_SURFACE('',#4423,3.);
#623=CYLINDRICAL_SURFACE('',#4425,5.50000000000001);
#624=CYLINDRICAL_SURFACE('',#4427,3.);
#625=CYLINDRICAL_SURFACE('',#4442,1.40000000000001);
#626=CYLINDRICAL_SURFACE('',#4444,1.4);
#627=CYLINDRICAL_SURFACE('',#4464,1.4);
#628=CYLINDRICAL_SURFACE('',#4466,1.40000000000001);
#629=CYLINDRICAL_SURFACE('',#4486,1.39999999999997);
#630=CYLINDRICAL_SURFACE('',#4488,1.4);
#631=CYLINDRICAL_SURFACE('',#4514,6.05);
#632=CYLINDRICAL_SURFACE('',#4520,6.05);
#633=CYLINDRICAL_SURFACE('',#4526,6.05);
#634=CYLINDRICAL_SURFACE('',#4532,6.05);
#635=CYLINDRICAL_SURFACE('',#4536,1.4);
#636=CYLINDRICAL_SURFACE('',#4538,1.39999999999997);
#637=CYLINDRICAL_SURFACE('',#4545,8.);
#638=CYLINDRICAL_SURFACE('',#4557,1.40000000000001);
#639=CYLINDRICAL_SURFACE('',#4560,1.19999999999997);
#640=CYLINDRICAL_SURFACE('',#4562,8.00000000000001);
#641=CYLINDRICAL_SURFACE('',#4564,8.00000000000001);
#642=CYLINDRICAL_SURFACE('',#4566,1.40000000000001);
#643=CYLINDRICAL_SURFACE('',#4570,1.39999999999997);
#644=CYLINDRICAL_SURFACE('',#4579,8.125);
#645=CYLINDRICAL_SURFACE('',#4589,8.);
#646=CYLINDRICAL_SURFACE('',#4601,1.40000000000001);
#647=CYLINDRICAL_SURFACE('',#4604,1.19999999999997);
#648=CYLINDRICAL_SURFACE('',#4609,8.00000000000001);
#649=CYLINDRICAL_SURFACE('',#4611,8.00000000000001);
#650=CYLINDRICAL_SURFACE('',#4613,1.40000000000001);
#651=CYLINDRICAL_SURFACE('',#4617,1.4);
#652=CYLINDRICAL_SURFACE('',#4624,8.125);
#653=CYLINDRICAL_SURFACE('',#4632,8.);
#654=CYLINDRICAL_SURFACE('',#4646,1.40000000000001);
#655=CYLINDRICAL_SURFACE('',#4650,1.2);
#656=CYLINDRICAL_SURFACE('',#4652,8.00000000000001);
#657=CYLINDRICAL_SURFACE('',#4653,8.00000000000001);
#658=CYLINDRICAL_SURFACE('',#4654,1.4);
#659=CYLINDRICAL_SURFACE('',#4658,1.39999999999997);
#660=CYLINDRICAL_SURFACE('',#4667,8.125);
#661=CYLINDRICAL_SURFACE('',#4676,8.);
#662=CYLINDRICAL_SURFACE('',#4688,1.4);
#663=CYLINDRICAL_SURFACE('',#4692,1.2);
#664=CYLINDRICAL_SURFACE('',#4697,8.00000000000001);
#665=CYLINDRICAL_SURFACE('',#4698,8.00000000000001);
#666=CYLINDRICAL_SURFACE('',#4699,1.4);
#667=CYLINDRICAL_SURFACE('',#4703,1.4);
#668=CYLINDRICAL_SURFACE('',#4710,8.125);
#669=CYLINDRICAL_SURFACE('',#4719,12.1);
#670=CYLINDRICAL_SURFACE('',#4722,12.1);
#671=CYLINDRICAL_SURFACE('',#4725,12.1);
#672=CYLINDRICAL_SURFACE('',#4728,12.1);
#673=CYLINDRICAL_SURFACE('',#4731,12.1);
#674=CYLINDRICAL_SURFACE('',#4734,12.1);
#675=CYLINDRICAL_SURFACE('',#4737,12.1);
#676=CYLINDRICAL_SURFACE('',#4740,12.1);
#677=CYLINDRICAL_SURFACE('',#4743,12.1);
#678=CYLINDRICAL_SURFACE('',#4746,12.1);
#679=CYLINDRICAL_SURFACE('',#4749,12.1);
#680=CYLINDRICAL_SURFACE('',#4752,12.1);
#681=CYLINDRICAL_SURFACE('',#4755,12.1);
#682=CYLINDRICAL_SURFACE('',#4758,12.1);
#683=CYLINDRICAL_SURFACE('',#4761,2.05);
#684=CYLINDRICAL_SURFACE('',#4764,7.75);
#685=CYLINDRICAL_SURFACE('',#4776,2.04999999999998);
#686=CYLINDRICAL_SURFACE('',#4779,7.75000000000002);
#687=CYLINDRICAL_SURFACE('',#4782,2.05);
#688=CYLINDRICAL_SURFACE('',#4785,7.75);
#689=CYLINDRICAL_SURFACE('',#4788,2.04999999999998);
#690=CYLINDRICAL_SURFACE('',#4791,7.75000000000002);
#691=CYLINDRICAL_SURFACE('',#4794,20.);
#692=CYLINDRICAL_SURFACE('',#4797,20.);
#693=CYLINDRICAL_SURFACE('',#4800,20.);
#694=CYLINDRICAL_SURFACE('',#4802,20.);
#695=FACE_BOUND('',#1184,.T.);
#696=FACE_BOUND('',#1188,.T.);
#697=FACE_BOUND('',#1192,.T.);
#698=FACE_BOUND('',#1196,.T.);
#699=FACE_BOUND('',#1200,.T.);
#700=FACE_BOUND('',#1201,.T.);
#701=FACE_BOUND('',#1202,.T.);
#702=FACE_BOUND('',#1203,.T.);
#703=FACE_BOUND('',#1213,.T.);
#704=FACE_BOUND('',#1216,.T.);
#705=FACE_BOUND('',#1219,.T.);
#706=FACE_BOUND('',#1222,.T.);
#707=FACE_BOUND('',#1225,.T.);
#708=FACE_BOUND('',#1226,.T.);
#709=FACE_BOUND('',#1227,.T.);
#710=FACE_BOUND('',#1228,.T.);
#711=FACE_BOUND('',#1238,.T.);
#712=FACE_BOUND('',#1239,.T.);
#713=FACE_BOUND('',#1240,.T.);
#714=FACE_BOUND('',#1259,.T.);
#715=FACE_BOUND('',#1260,.T.);
#716=FACE_BOUND('',#1261,.T.);
#717=FACE_BOUND('',#1277,.T.);
#718=FACE_BOUND('',#1279,.T.);
#719=FACE_BOUND('',#1285,.T.);
#720=FACE_BOUND('',#1286,.T.);
#721=FACE_BOUND('',#1287,.T.);
#722=FACE_BOUND('',#1288,.T.);
#723=FACE_BOUND('',#1289,.T.);
#724=FACE_BOUND('',#1294,.T.);
#725=FACE_BOUND('',#1295,.T.);
#726=FACE_BOUND('',#1298,.T.);
#727=FACE_BOUND('',#1300,.T.);
#728=FACE_BOUND('',#1305,.T.);
#729=FACE_BOUND('',#1306,.T.);
#730=FACE_BOUND('',#1312,.T.);
#731=FACE_BOUND('',#1313,.T.);
#732=FACE_BOUND('',#1316,.T.);
#733=FACE_BOUND('',#1318,.T.);
#734=FACE_BOUND('',#1326,.T.);
#735=FACE_BOUND('',#1327,.T.);
#736=FACE_BOUND('',#1330,.T.);
#737=FACE_BOUND('',#1333,.T.);
#738=FACE_BOUND('',#1334,.T.);
#739=FACE_BOUND('',#1335,.T.);
#740=FACE_BOUND('',#1336,.T.);
#741=FACE_BOUND('',#1337,.T.);
#742=FACE_BOUND('',#1338,.T.);
#743=FACE_BOUND('',#1348,.T.);
#744=FACE_BOUND('',#1354,.T.);
#745=FACE_BOUND('',#1355,.T.);
#746=FACE_BOUND('',#1356,.T.);
#747=FACE_BOUND('',#1357,.T.);
#748=FACE_BOUND('',#1358,.T.);
#749=FACE_BOUND('',#1359,.T.);
#750=FACE_BOUND('',#1366,.T.);
#751=FACE_BOUND('',#1379,.T.);
#752=FACE_BOUND('',#1385,.T.);
#753=FACE_BOUND('',#1387,.T.);
#754=FACE_BOUND('',#1388,.T.);
#755=FACE_BOUND('',#1392,.T.);
#756=FACE_BOUND('',#1396,.T.);
#757=FACE_BOUND('',#1414,.T.);
#758=FACE_BOUND('',#1415,.T.);
#759=FACE_BOUND('',#1417,.T.);
#760=FACE_BOUND('',#1435,.T.);
#761=FACE_BOUND('',#1439,.T.);
#762=FACE_BOUND('',#1441,.T.);
#763=FACE_BOUND('',#1444,.T.);
#764=FACE_BOUND('',#1445,.T.);
#765=FACE_BOUND('',#1449,.T.);
#766=FACE_BOUND('',#1468,.T.);
#767=FACE_BOUND('',#1470,.T.);
#768=FACE_BOUND('',#1471,.T.);
#769=FACE_BOUND('',#1473,.T.);
#770=FACE_BOUND('',#1491,.T.);
#771=FACE_BOUND('',#1493,.T.);
#772=FACE_BOUND('',#1494,.T.);
#773=FACE_BOUND('',#1495,.T.);
#774=FACE_BOUND('',#1496,.T.);
#775=FACE_BOUND('',#1497,.T.);
#776=FACE_BOUND('',#1498,.T.);
#777=FACE_BOUND('',#1499,.T.);
#778=FACE_BOUND('',#1500,.T.);
#779=FACE_BOUND('',#1501,.T.);
#780=FACE_BOUND('',#1502,.T.);
#781=FACE_BOUND('',#1503,.T.);
#782=FACE_BOUND('',#1504,.T.);
#783=FACE_BOUND('',#1505,.T.);
#784=FACE_BOUND('',#1506,.T.);
#785=FACE_BOUND('',#1507,.T.);
#786=FACE_BOUND('',#1508,.T.);
#787=FACE_BOUND('',#1509,.T.);
#788=FACE_BOUND('',#1510,.T.);
#789=FACE_BOUND('',#1514,.T.);
#790=FACE_BOUND('',#1518,.T.);
#791=FACE_BOUND('',#1522,.T.);
#792=FACE_BOUND('',#1532,.T.);
#793=FACE_BOUND('',#1533,.T.);
#794=FACE_BOUND('',#1534,.T.);
#795=FACE_BOUND('',#1535,.T.);
#796=FACE_BOUND('',#1536,.T.);
#797=FACE_BOUND('',#1537,.T.);
#798=FACE_BOUND('',#1538,.T.);
#799=FACE_BOUND('',#1539,.T.);
#800=FACE_BOUND('',#1540,.T.);
#801=FACE_BOUND('',#1541,.T.);
#802=FACE_BOUND('',#1542,.T.);
#803=FACE_BOUND('',#1543,.T.);
#804=FACE_BOUND('',#1544,.T.);
#805=FACE_BOUND('',#1545,.T.);
#806=FACE_BOUND('',#1546,.T.);
#807=FACE_BOUND('',#1547,.T.);
#808=FACE_BOUND('',#1548,.T.);
#809=FACE_BOUND('',#1549,.T.);
#810=PLANE('',#4261);
#811=PLANE('',#4270);
#812=PLANE('',#4279);
#813=PLANE('',#4288);
#814=PLANE('',#4296);
#815=PLANE('',#4324);
#816=PLANE('',#4328);
#817=PLANE('',#4332);
#818=PLANE('',#4336);
#819=PLANE('',#4339);
#820=PLANE('',#4343);
#821=PLANE('',#4346);
#822=PLANE('',#4348);
#823=PLANE('',#4349);
#824=PLANE('',#4355);
#825=PLANE('',#4411);
#826=PLANE('',#4414);
#827=PLANE('',#4415);
#828=PLANE('',#4422);
#829=PLANE('',#4429);
#830=PLANE('',#4430);
#831=PLANE('',#4431);
#832=PLANE('',#4438);
#833=PLANE('',#4440);
#834=PLANE('',#4446);
#835=PLANE('',#4447);
#836=PLANE('',#4448);
#837=PLANE('',#4449);
#838=PLANE('',#4450);
#839=PLANE('',#4455);
#840=PLANE('',#4460);
#841=PLANE('',#4462);
#842=PLANE('',#4468);
#843=PLANE('',#4469);
#844=PLANE('',#4470);
#845=PLANE('',#4471);
#846=PLANE('',#4472);
#847=PLANE('',#4477);
#848=PLANE('',#4482);
#849=PLANE('',#4484);
#850=PLANE('',#4490);
#851=PLANE('',#4491);
#852=PLANE('',#4492);
#853=PLANE('',#4493);
#854=PLANE('',#4494);
#855=PLANE('',#4499);
#856=PLANE('',#4505);
#857=PLANE('',#4534);
#858=PLANE('',#4540);
#859=PLANE('',#4541);
#860=PLANE('',#4542);
#861=PLANE('',#4543);
#862=PLANE('',#4544);
#863=PLANE('',#4551);
#864=PLANE('',#4552);
#865=PLANE('',#4555);
#866=PLANE('',#4559);
#867=PLANE('',#4569);
#868=PLANE('',#4573);
#869=PLANE('',#4581);
#870=PLANE('',#4582);
#871=PLANE('',#4583);
#872=PLANE('',#4584);
#873=PLANE('',#4585);
#874=PLANE('',#4586);
#875=PLANE('',#4587);
#876=PLANE('',#4588);
#877=PLANE('',#4595);
#878=PLANE('',#4597);
#879=PLANE('',#4598);
#880=PLANE('',#4599);
#881=PLANE('',#4603);
#882=PLANE('',#4606);
#883=PLANE('',#4616);
#884=PLANE('',#4620);
#885=PLANE('',#4626);
#886=PLANE('',#4627);
#887=PLANE('',#4628);
#888=PLANE('',#4629);
#889=PLANE('',#4630);
#890=PLANE('',#4631);
#891=PLANE('',#4638);
#892=PLANE('',#4641);
#893=PLANE('',#4642);
#894=PLANE('',#4643);
#895=PLANE('',#4649);
#896=PLANE('',#4657);
#897=PLANE('',#4661);
#898=PLANE('',#4669);
#899=PLANE('',#4670);
#900=PLANE('',#4671);
#901=PLANE('',#4672);
#902=PLANE('',#4673);
#903=PLANE('',#4674);
#904=PLANE('',#4675);
#905=PLANE('',#4682);
#906=PLANE('',#4683);
#907=PLANE('',#4685);
#908=PLANE('',#4691);
#909=PLANE('',#4694);
#910=PLANE('',#4702);
#911=PLANE('',#4706);
#912=PLANE('',#4712);
#913=PLANE('',#4713);
#914=PLANE('',#4714);
#915=PLANE('',#4715);
#916=PLANE('',#4716);
#917=PLANE('',#4717);
#918=PLANE('',#4718);
#919=PLANE('',#4767);
#920=PLANE('',#4768);
#921=PLANE('',#4781);
#922=PLANE('',#4787);
#923=PLANE('',#4793);
#924=PLANE('',#4796);
#925=PLANE('',#4799);
#926=PLANE('',#4804);
#927=PLANE('',#4805);
#928=PLANE('',#4806);
#929=FACE_OUTER_BOUND('',#1182,.T.);
#930=FACE_OUTER_BOUND('',#1183,.T.);
#931=FACE_OUTER_BOUND('',#1185,.T.);
#932=FACE_OUTER_BOUND('',#1186,.T.);
#933=FACE_OUTER_BOUND('',#1187,.T.);
#934=FACE_OUTER_BOUND('',#1189,.T.);
#935=FACE_OUTER_BOUND('',#1190,.T.);
#936=FACE_OUTER_BOUND('',#1191,.T.);
#937=FACE_OUTER_BOUND('',#1193,.T.);
#938=FACE_OUTER_BOUND('',#1194,.T.);
#939=FACE_OUTER_BOUND('',#1195,.T.);
#940=FACE_OUTER_BOUND('',#1197,.T.);
#941=FACE_OUTER_BOUND('',#1198,.T.);
#942=FACE_OUTER_BOUND('',#1199,.T.);
#943=FACE_OUTER_BOUND('',#1204,.T.);
#944=FACE_OUTER_BOUND('',#1205,.T.);
#945=FACE_OUTER_BOUND('',#1206,.T.);
#946=FACE_OUTER_BOUND('',#1207,.T.);
#947=FACE_OUTER_BOUND('',#1208,.T.);
#948=FACE_OUTER_BOUND('',#1209,.T.);
#949=FACE_OUTER_BOUND('',#1210,.T.);
#950=FACE_OUTER_BOUND('',#1211,.T.);
#951=FACE_OUTER_BOUND('',#1212,.T.);
#952=FACE_OUTER_BOUND('',#1214,.T.);
#953=FACE_OUTER_BOUND('',#1215,.T.);
#954=FACE_OUTER_BOUND('',#1217,.T.);
#955=FACE_OUTER_BOUND('',#1218,.T.);
#956=FACE_OUTER_BOUND('',#1220,.T.);
#957=FACE_OUTER_BOUND('',#1221,.T.);
#958=FACE_OUTER_BOUND('',#1223,.T.);
#959=FACE_OUTER_BOUND('',#1224,.T.);
#960=FACE_OUTER_BOUND('',#1229,.T.);
#961=FACE_OUTER_BOUND('',#1230,.T.);
#962=FACE_OUTER_BOUND('',#1231,.T.);
#963=FACE_OUTER_BOUND('',#1232,.T.);
#964=FACE_OUTER_BOUND('',#1233,.T.);
#965=FACE_OUTER_BOUND('',#1234,.T.);
#966=FACE_OUTER_BOUND('',#1235,.T.);
#967=FACE_OUTER_BOUND('',#1236,.T.);
#968=FACE_OUTER_BOUND('',#1237,.T.);
#969=FACE_OUTER_BOUND('',#1241,.T.);
#970=FACE_OUTER_BOUND('',#1242,.T.);
#971=FACE_OUTER_BOUND('',#1243,.T.);
#972=FACE_OUTER_BOUND('',#1244,.T.);
#973=FACE_OUTER_BOUND('',#1245,.T.);
#974=FACE_OUTER_BOUND('',#1246,.T.);
#975=FACE_OUTER_BOUND('',#1247,.T.);
#976=FACE_OUTER_BOUND('',#1248,.T.);
#977=FACE_OUTER_BOUND('',#1249,.T.);
#978=FACE_OUTER_BOUND('',#1250,.T.);
#979=FACE_OUTER_BOUND('',#1251,.T.);
#980=FACE_OUTER_BOUND('',#1252,.T.);
#981=FACE_OUTER_BOUND('',#1253,.T.);
#982=FACE_OUTER_BOUND('',#1254,.T.);
#983=FACE_OUTER_BOUND('',#1255,.T.);
#984=FACE_OUTER_BOUND('',#1256,.T.);
#985=FACE_OUTER_BOUND('',#1257,.T.);
#986=FACE_OUTER_BOUND('',#1258,.T.);
#987=FACE_OUTER_BOUND('',#1262,.T.);
#988=FACE_OUTER_BOUND('',#1263,.T.);
#989=FACE_OUTER_BOUND('',#1264,.T.);
#990=FACE_OUTER_BOUND('',#1265,.T.);
#991=FACE_OUTER_BOUND('',#1266,.T.);
#992=FACE_OUTER_BOUND('',#1267,.T.);
#993=FACE_OUTER_BOUND('',#1268,.T.);
#994=FACE_OUTER_BOUND('',#1269,.T.);
#995=FACE_OUTER_BOUND('',#1270,.T.);
#996=FACE_OUTER_BOUND('',#1271,.T.);
#997=FACE_OUTER_BOUND('',#1272,.T.);
#998=FACE_OUTER_BOUND('',#1273,.T.);
#999=FACE_OUTER_BOUND('',#1274,.T.);
#1000=FACE_OUTER_BOUND('',#1275,.T.);
#1001=FACE_OUTER_BOUND('',#1276,.T.);
#1002=FACE_OUTER_BOUND('',#1278,.T.);
#1003=FACE_OUTER_BOUND('',#1280,.T.);
#1004=FACE_OUTER_BOUND('',#1281,.T.);
#1005=FACE_OUTER_BOUND('',#1282,.T.);
#1006=FACE_OUTER_BOUND('',#1283,.T.);
#1007=FACE_OUTER_BOUND('',#1284,.T.);
#1008=FACE_OUTER_BOUND('',#1290,.T.);
#1009=FACE_OUTER_BOUND('',#1291,.T.);
#1010=FACE_OUTER_BOUND('',#1292,.T.);
#1011=FACE_OUTER_BOUND('',#1293,.T.);
#1012=FACE_OUTER_BOUND('',#1296,.T.);
#1013=FACE_OUTER_BOUND('',#1297,.T.);
#1014=FACE_OUTER_BOUND('',#1299,.T.);
#1015=FACE_OUTER_BOUND('',#1301,.T.);
#1016=FACE_OUTER_BOUND('',#1302,.T.);
#1017=FACE_OUTER_BOUND('',#1303,.T.);
#1018=FACE_OUTER_BOUND('',#1304,.T.);
#1019=FACE_OUTER_BOUND('',#1307,.T.);
#1020=FACE_OUTER_BOUND('',#1308,.T.);
#1021=FACE_OUTER_BOUND('',#1309,.T.);
#1022=FACE_OUTER_BOUND('',#1310,.T.);
#1023=FACE_OUTER_BOUND('',#1311,.T.);
#1024=FACE_OUTER_BOUND('',#1314,.T.);
#1025=FACE_OUTER_BOUND('',#1315,.T.);
#1026=FACE_OUTER_BOUND('',#1317,.T.);
#1027=FACE_OUTER_BOUND('',#1319,.T.);
#1028=FACE_OUTER_BOUND('',#1320,.T.);
#1029=FACE_OUTER_BOUND('',#1321,.T.);
#1030=FACE_OUTER_BOUND('',#1322,.T.);
#1031=FACE_OUTER_BOUND('',#1323,.T.);
#1032=FACE_OUTER_BOUND('',#1324,.T.);
#1033=FACE_OUTER_BOUND('',#1325,.T.);
#1034=FACE_OUTER_BOUND('',#1328,.T.);
#1035=FACE_OUTER_BOUND('',#1329,.T.);
#1036=FACE_OUTER_BOUND('',#1331,.T.);
#1037=FACE_OUTER_BOUND('',#1332,.T.);
#1038=FACE_OUTER_BOUND('',#1339,.T.);
#1039=FACE_OUTER_BOUND('',#1340,.T.);
#1040=FACE_OUTER_BOUND('',#1341,.T.);
#1041=FACE_OUTER_BOUND('',#1342,.T.);
#1042=FACE_OUTER_BOUND('',#1343,.T.);
#1043=FACE_OUTER_BOUND('',#1344,.T.);
#1044=FACE_OUTER_BOUND('',#1345,.T.);
#1045=FACE_OUTER_BOUND('',#1346,.T.);
#1046=FACE_OUTER_BOUND('',#1347,.T.);
#1047=FACE_OUTER_BOUND('',#1349,.T.);
#1048=FACE_OUTER_BOUND('',#1350,.T.);
#1049=FACE_OUTER_BOUND('',#1351,.T.);
#1050=FACE_OUTER_BOUND('',#1352,.T.);
#1051=FACE_OUTER_BOUND('',#1353,.T.);
#1052=FACE_OUTER_BOUND('',#1360,.T.);
#1053=FACE_OUTER_BOUND('',#1361,.T.);
#1054=FACE_OUTER_BOUND('',#1362,.T.);
#1055=FACE_OUTER_BOUND('',#1363,.T.);
#1056=FACE_OUTER_BOUND('',#1364,.T.);
#1057=FACE_OUTER_BOUND('',#1365,.T.);
#1058=FACE_OUTER_BOUND('',#1367,.T.);
#1059=FACE_OUTER_BOUND('',#1368,.T.);
#1060=FACE_OUTER_BOUND('',#1369,.T.);
#1061=FACE_OUTER_BOUND('',#1370,.T.);
#1062=FACE_OUTER_BOUND('',#1371,.T.);
#1063=FACE_OUTER_BOUND('',#1372,.T.);
#1064=FACE_OUTER_BOUND('',#1373,.T.);
#1065=FACE_OUTER_BOUND('',#1374,.T.);
#1066=FACE_OUTER_BOUND('',#1375,.T.);
#1067=FACE_OUTER_BOUND('',#1376,.T.);
#1068=FACE_OUTER_BOUND('',#1377,.T.);
#1069=FACE_OUTER_BOUND('',#1378,.T.);
#1070=FACE_OUTER_BOUND('',#1380,.T.);
#1071=FACE_OUTER_BOUND('',#1381,.T.);
#1072=FACE_OUTER_BOUND('',#1382,.T.);
#1073=FACE_OUTER_BOUND('',#1383,.T.);
#1074=FACE_OUTER_BOUND('',#1384,.T.);
#1075=FACE_OUTER_BOUND('',#1386,.T.);
#1076=FACE_OUTER_BOUND('',#1389,.T.);
#1077=FACE_OUTER_BOUND('',#1390,.T.);
#1078=FACE_OUTER_BOUND('',#1391,.T.);
#1079=FACE_OUTER_BOUND('',#1393,.T.);
#1080=FACE_OUTER_BOUND('',#1394,.T.);
#1081=FACE_OUTER_BOUND('',#1395,.T.);
#1082=FACE_OUTER_BOUND('',#1397,.T.);
#1083=FACE_OUTER_BOUND('',#1398,.T.);
#1084=FACE_OUTER_BOUND('',#1399,.T.);
#1085=FACE_OUTER_BOUND('',#1400,.T.);
#1086=FACE_OUTER_BOUND('',#1401,.T.);
#1087=FACE_OUTER_BOUND('',#1402,.T.);
#1088=FACE_OUTER_BOUND('',#1403,.T.);
#1089=FACE_OUTER_BOUND('',#1404,.T.);
#1090=FACE_OUTER_BOUND('',#1405,.T.);
#1091=FACE_OUTER_BOUND('',#1406,.T.);
#1092=FACE_OUTER_BOUND('',#1407,.T.);
#1093=FACE_OUTER_BOUND('',#1408,.T.);
#1094=FACE_OUTER_BOUND('',#1409,.T.);
#1095=FACE_OUTER_BOUND('',#1410,.T.);
#1096=FACE_OUTER_BOUND('',#1411,.T.);
#1097=FACE_OUTER_BOUND('',#1412,.T.);
#1098=FACE_OUTER_BOUND('',#1413,.T.);
#1099=FACE_OUTER_BOUND('',#1416,.T.);
#1100=FACE_OUTER_BOUND('',#1418,.T.);
#1101=FACE_OUTER_BOUND('',#1419,.T.);
#1102=FACE_OUTER_BOUND('',#1420,.T.);
#1103=FACE_OUTER_BOUND('',#1421,.T.);
#1104=FACE_OUTER_BOUND('',#1422,.T.);
#1105=FACE_OUTER_BOUND('',#1423,.T.);
#1106=FACE_OUTER_BOUND('',#1424,.T.);
#1107=FACE_OUTER_BOUND('',#1425,.T.);
#1108=FACE_OUTER_BOUND('',#1426,.T.);
#1109=FACE_OUTER_BOUND('',#1427,.T.);
#1110=FACE_OUTER_BOUND('',#1428,.T.);
#1111=FACE_OUTER_BOUND('',#1429,.T.);
#1112=FACE_OUTER_BOUND('',#1430,.T.);
#1113=FACE_OUTER_BOUND('',#1431,.T.);
#1114=FACE_OUTER_BOUND('',#1432,.T.);
#1115=FACE_OUTER_BOUND('',#1433,.T.);
#1116=FACE_OUTER_BOUND('',#1434,.T.);
#1117=FACE_OUTER_BOUND('',#1436,.T.);
#1118=FACE_OUTER_BOUND('',#1437,.T.);
#1119=FACE_OUTER_BOUND('',#1438,.T.);
#1120=FACE_OUTER_BOUND('',#1440,.T.);
#1121=FACE_OUTER_BOUND('',#1442,.T.);
#1122=FACE_OUTER_BOUND('',#1443,.T.);
#1123=FACE_OUTER_BOUND('',#1446,.T.);
#1124=FACE_OUTER_BOUND('',#1447,.T.);
#1125=FACE_OUTER_BOUND('',#1448,.T.);
#1126=FACE_OUTER_BOUND('',#1450,.T.);
#1127=FACE_OUTER_BOUND('',#1451,.T.);
#1128=FACE_OUTER_BOUND('',#1452,.T.);
#1129=FACE_OUTER_BOUND('',#1453,.T.);
#1130=FACE_OUTER_BOUND('',#1454,.T.);
#1131=FACE_OUTER_BOUND('',#1455,.T.);
#1132=FACE_OUTER_BOUND('',#1456,.T.);
#1133=FACE_OUTER_BOUND('',#1457,.T.);
#1134=FACE_OUTER_BOUND('',#1458,.T.);
#1135=FACE_OUTER_BOUND('',#1459,.T.);
#1136=FACE_OUTER_BOUND('',#1460,.T.);
#1137=FACE_OUTER_BOUND('',#1461,.T.);
#1138=FACE_OUTER_BOUND('',#1462,.T.);
#1139=FACE_OUTER_BOUND('',#1463,.T.);
#1140=FACE_OUTER_BOUND('',#1464,.T.);
#1141=FACE_OUTER_BOUND('',#1465,.T.);
#1142=FACE_OUTER_BOUND('',#1466,.T.);
#1143=FACE_OUTER_BOUND('',#1467,.T.);
#1144=FACE_OUTER_BOUND('',#1469,.T.);
#1145=FACE_OUTER_BOUND('',#1472,.T.);
#1146=FACE_OUTER_BOUND('',#1474,.T.);
#1147=FACE_OUTER_BOUND('',#1475,.T.);
#1148=FACE_OUTER_BOUND('',#1476,.T.);
#1149=FACE_OUTER_BOUND('',#1477,.T.);
#1150=FACE_OUTER_BOUND('',#1478,.T.);
#1151=FACE_OUTER_BOUND('',#1479,.T.);
#1152=FACE_OUTER_BOUND('',#1480,.T.);
#1153=FACE_OUTER_BOUND('',#1481,.T.);
#1154=FACE_OUTER_BOUND('',#1482,.T.);
#1155=FACE_OUTER_BOUND('',#1483,.T.);
#1156=FACE_OUTER_BOUND('',#1484,.T.);
#1157=FACE_OUTER_BOUND('',#1485,.T.);
#1158=FACE_OUTER_BOUND('',#1486,.T.);
#1159=FACE_OUTER_BOUND('',#1487,.T.);
#1160=FACE_OUTER_BOUND('',#1488,.T.);
#1161=FACE_OUTER_BOUND('',#1489,.T.);
#1162=FACE_OUTER_BOUND('',#1490,.T.);
#1163=FACE_OUTER_BOUND('',#1492,.T.);
#1164=FACE_OUTER_BOUND('',#1511,.T.);
#1165=FACE_OUTER_BOUND('',#1512,.T.);
#1166=FACE_OUTER_BOUND('',#1513,.T.);
#1167=FACE_OUTER_BOUND('',#1515,.T.);
#1168=FACE_OUTER_BOUND('',#1516,.T.);
#1169=FACE_OUTER_BOUND('',#1517,.T.);
#1170=FACE_OUTER_BOUND('',#1519,.T.);
#1171=FACE_OUTER_BOUND('',#1520,.T.);
#1172=FACE_OUTER_BOUND('',#1521,.T.);
#1173=FACE_OUTER_BOUND('',#1523,.T.);
#1174=FACE_OUTER_BOUND('',#1524,.T.);
#1175=FACE_OUTER_BOUND('',#1525,.T.);
#1176=FACE_OUTER_BOUND('',#1526,.T.);
#1177=FACE_OUTER_BOUND('',#1527,.T.);
#1178=FACE_OUTER_BOUND('',#1528,.T.);
#1179=FACE_OUTER_BOUND('',#1529,.T.);
#1180=FACE_OUTER_BOUND('',#1530,.T.);
#1181=FACE_OUTER_BOUND('',#1531,.T.);
#1182=EDGE_LOOP('',(#2788,#2789,#2790,#2791,#2792));
#1183=EDGE_LOOP('',(#2793));
#1184=EDGE_LOOP('',(#2794));
#1185=EDGE_LOOP('',(#2795,#2796,#2797,#2798,#2799));
#1186=EDGE_LOOP('',(#2800,#2801,#2802,#2803,#2804));
#1187=EDGE_LOOP('',(#2805));
#1188=EDGE_LOOP('',(#2806));
#1189=EDGE_LOOP('',(#2807,#2808,#2809,#2810,#2811));
#1190=EDGE_LOOP('',(#2812,#2813,#2814,#2815,#2816));
#1191=EDGE_LOOP('',(#2817));
#1192=EDGE_LOOP('',(#2818));
#1193=EDGE_LOOP('',(#2819,#2820,#2821,#2822,#2823));
#1194=EDGE_LOOP('',(#2824,#2825,#2826,#2827,#2828));
#1195=EDGE_LOOP('',(#2829));
#1196=EDGE_LOOP('',(#2830));
#1197=EDGE_LOOP('',(#2831,#2832,#2833,#2834,#2835));
#1198=EDGE_LOOP('',(#2836,#2837,#2838,#2839));
#1199=EDGE_LOOP('',(#2840,#2841,#2842,#2843,#2844,#2845,#2846,#2847));
#1200=EDGE_LOOP('',(#2848));
#1201=EDGE_LOOP('',(#2849));
#1202=EDGE_LOOP('',(#2850));
#1203=EDGE_LOOP('',(#2851));
#1204=EDGE_LOOP('',(#2852,#2853,#2854,#2855));
#1205=EDGE_LOOP('',(#2856,#2857,#2858,#2859));
#1206=EDGE_LOOP('',(#2860,#2861,#2862,#2863));
#1207=EDGE_LOOP('',(#2864,#2865,#2866,#2867));
#1208=EDGE_LOOP('',(#2868,#2869,#2870,#2871));
#1209=EDGE_LOOP('',(#2872,#2873,#2874,#2875));
#1210=EDGE_LOOP('',(#2876,#2877,#2878,#2879));
#1211=EDGE_LOOP('',(#2880,#2881,#2882,#2883));
#1212=EDGE_LOOP('',(#2884));
#1213=EDGE_LOOP('',(#2885));
#1214=EDGE_LOOP('',(#2886,#2887,#2888,#2889));
#1215=EDGE_LOOP('',(#2890));
#1216=EDGE_LOOP('',(#2891));
#1217=EDGE_LOOP('',(#2892,#2893,#2894,#2895));
#1218=EDGE_LOOP('',(#2896));
#1219=EDGE_LOOP('',(#2897));
#1220=EDGE_LOOP('',(#2898,#2899,#2900,#2901));
#1221=EDGE_LOOP('',(#2902));
#1222=EDGE_LOOP('',(#2903));
#1223=EDGE_LOOP('',(#2904,#2905,#2906,#2907));
#1224=EDGE_LOOP('',(#2908,#2909,#2910,#2911,#2912,#2913,#2914,#2915));
#1225=EDGE_LOOP('',(#2916));
#1226=EDGE_LOOP('',(#2917));
#1227=EDGE_LOOP('',(#2918));
#1228=EDGE_LOOP('',(#2919));
#1229=EDGE_LOOP('',(#2920,#2921,#2922,#2923));
#1230=EDGE_LOOP('',(#2924,#2925,#2926,#2927));
#1231=EDGE_LOOP('',(#2928,#2929,#2930,#2931));
#1232=EDGE_LOOP('',(#2932,#2933,#2934,#2935));
#1233=EDGE_LOOP('',(#2936,#2937,#2938,#2939));
#1234=EDGE_LOOP('',(#2940,#2941,#2942,#2943));
#1235=EDGE_LOOP('',(#2944,#2945,#2946,#2947));
#1236=EDGE_LOOP('',(#2948,#2949,#2950,#2951,#2952));
#1237=EDGE_LOOP('',(#2953,#2954,#2955,#2956,#2957,#2958,#2959,#2960));
#1238=EDGE_LOOP('',(#2961));
#1239=EDGE_LOOP('',(#2962,#2963,#2964,#2965,#2966,#2967,#2968,#2969));
#1240=EDGE_LOOP('',(#2970));
#1241=EDGE_LOOP('',(#2971,#2972,#2973,#2974,#2975));
#1242=EDGE_LOOP('',(#2976,#2977,#2978,#2979,#2980,#2981));
#1243=EDGE_LOOP('',(#2982,#2983,#2984,#2985,#2986));
#1244=EDGE_LOOP('',(#2987,#2988,#2989,#2990,#2991,#2992));
#1245=EDGE_LOOP('',(#2993,#2994,#2995,#2996,#2997));
#1246=EDGE_LOOP('',(#2998,#2999,#3000,#3001));
#1247=EDGE_LOOP('',(#3002,#3003,#3004,#3005));
#1248=EDGE_LOOP('',(#3006,#3007,#3008,#3009));
#1249=EDGE_LOOP('',(#3010,#3011,#3012,#3013));
#1250=EDGE_LOOP('',(#3014,#3015,#3016,#3017));
#1251=EDGE_LOOP('',(#3018,#3019,#3020,#3021));
#1252=EDGE_LOOP('',(#3022,#3023,#3024,#3025));
#1253=EDGE_LOOP('',(#3026,#3027,#3028,#3029));
#1254=EDGE_LOOP('',(#3030,#3031,#3032,#3033));
#1255=EDGE_LOOP('',(#3034,#3035,#3036,#3037));
#1256=EDGE_LOOP('',(#3038,#3039,#3040,#3041));
#1257=EDGE_LOOP('',(#3042,#3043,#3044,#3045));
#1258=EDGE_LOOP('',(#3046,#3047,#3048,#3049));
#1259=EDGE_LOOP('',(#3050));
#1260=EDGE_LOOP('',(#3051));
#1261=EDGE_LOOP('',(#3052,#3053,#3054,#3055,#3056,#3057,#3058,#3059));
#1262=EDGE_LOOP('',(#3060,#3061,#3062,#3063));
#1263=EDGE_LOOP('',(#3064,#3065,#3066,#3067));
#1264=EDGE_LOOP('',(#3068,#3069,#3070,#3071));
#1265=EDGE_LOOP('',(#3072,#3073,#3074,#3075));
#1266=EDGE_LOOP('',(#3076,#3077,#3078,#3079));
#1267=EDGE_LOOP('',(#3080,#3081,#3082,#3083));
#1268=EDGE_LOOP('',(#3084,#3085,#3086,#3087));
#1269=EDGE_LOOP('',(#3088,#3089,#3090,#3091));
#1270=EDGE_LOOP('',(#3092,#3093,#3094,#3095));
#1271=EDGE_LOOP('',(#3096,#3097,#3098,#3099));
#1272=EDGE_LOOP('',(#3100,#3101,#3102,#3103));
#1273=EDGE_LOOP('',(#3104,#3105,#3106,#3107));
#1274=EDGE_LOOP('',(#3108,#3109,#3110,#3111));
#1275=EDGE_LOOP('',(#3112,#3113,#3114,#3115));
#1276=EDGE_LOOP('',(#3116));
#1277=EDGE_LOOP('',(#3117));
#1278=EDGE_LOOP('',(#3118));
#1279=EDGE_LOOP('',(#3119));
#1280=EDGE_LOOP('',(#3120,#3121,#3122,#3123));
#1281=EDGE_LOOP('',(#3124,#3125,#3126,#3127));
#1282=EDGE_LOOP('',(#3128,#3129,#3130,#3131));
#1283=EDGE_LOOP('',(#3132,#3133,#3134,#3135));
#1284=EDGE_LOOP('',(#3136,#3137,#3138,#3139));
#1285=EDGE_LOOP('',(#3140,#3141,#3142,#3143,#3144,#3145,#3146,#3147));
#1286=EDGE_LOOP('',(#3148));
#1287=EDGE_LOOP('',(#3149));
#1288=EDGE_LOOP('',(#3150));
#1289=EDGE_LOOP('',(#3151));
#1290=EDGE_LOOP('',(#3152,#3153,#3154,#3155));
#1291=EDGE_LOOP('',(#3156,#3157,#3158,#3159));
#1292=EDGE_LOOP('',(#3160,#3161,#3162,#3163));
#1293=EDGE_LOOP('',(#3164,#3165,#3166,#3167));
#1294=EDGE_LOOP('',(#3168));
#1295=EDGE_LOOP('',(#3169));
#1296=EDGE_LOOP('',(#3170,#3171,#3172,#3173));
#1297=EDGE_LOOP('',(#3174));
#1298=EDGE_LOOP('',(#3175));
#1299=EDGE_LOOP('',(#3176));
#1300=EDGE_LOOP('',(#3177));
#1301=EDGE_LOOP('',(#3178,#3179,#3180,#3181));
#1302=EDGE_LOOP('',(#3182,#3183,#3184,#3185));
#1303=EDGE_LOOP('',(#3186,#3187,#3188,#3189));
#1304=EDGE_LOOP('',(#3190,#3191,#3192,#3193));
#1305=EDGE_LOOP('',(#3194));
#1306=EDGE_LOOP('',(#3195));
#1307=EDGE_LOOP('',(#3196,#3197,#3198,#3199));
#1308=EDGE_LOOP('',(#3200,#3201,#3202,#3203));
#1309=EDGE_LOOP('',(#3204,#3205,#3206,#3207));
#1310=EDGE_LOOP('',(#3208,#3209,#3210,#3211));
#1311=EDGE_LOOP('',(#3212,#3213,#3214,#3215));
#1312=EDGE_LOOP('',(#3216));
#1313=EDGE_LOOP('',(#3217));
#1314=EDGE_LOOP('',(#3218,#3219,#3220,#3221));
#1315=EDGE_LOOP('',(#3222));
#1316=EDGE_LOOP('',(#3223));
#1317=EDGE_LOOP('',(#3224));
#1318=EDGE_LOOP('',(#3225));
#1319=EDGE_LOOP('',(#3226,#3227,#3228,#3229));
#1320=EDGE_LOOP('',(#3230,#3231,#3232,#3233));
#1321=EDGE_LOOP('',(#3234,#3235,#3236,#3237));
#1322=EDGE_LOOP('',(#3238,#3239,#3240,#3241));
#1323=EDGE_LOOP('',(#3242,#3243,#3244,#3245));
#1324=EDGE_LOOP('',(#3246,#3247,#3248,#3249));
#1325=EDGE_LOOP('',(#3250,#3251,#3252,#3253));
#1326=EDGE_LOOP('',(#3254));
#1327=EDGE_LOOP('',(#3255));
#1328=EDGE_LOOP('',(#3256,#3257,#3258,#3259));
#1329=EDGE_LOOP('',(#3260));
#1330=EDGE_LOOP('',(#3261));
#1331=EDGE_LOOP('',(#3262,#3263,#3264,#3265));
#1332=EDGE_LOOP('',(#3266,#3267,#3268,#3269));
#1333=EDGE_LOOP('',(#3270));
#1334=EDGE_LOOP('',(#3271));
#1335=EDGE_LOOP('',(#3272));
#1336=EDGE_LOOP('',(#3273));
#1337=EDGE_LOOP('',(#3274));
#1338=EDGE_LOOP('',(#3275));
#1339=EDGE_LOOP('',(#3276,#3277,#3278,#3279,#3280));
#1340=EDGE_LOOP('',(#3281,#3282,#3283,#3284,#3285));
#1341=EDGE_LOOP('',(#3286,#3287,#3288,#3289,#3290));
#1342=EDGE_LOOP('',(#3291,#3292,#3293,#3294,#3295));
#1343=EDGE_LOOP('',(#3296,#3297,#3298,#3299,#3300));
#1344=EDGE_LOOP('',(#3301,#3302,#3303,#3304,#3305));
#1345=EDGE_LOOP('',(#3306,#3307,#3308,#3309,#3310));
#1346=EDGE_LOOP('',(#3311,#3312,#3313,#3314,#3315));
#1347=EDGE_LOOP('',(#3316));
#1348=EDGE_LOOP('',(#3317));
#1349=EDGE_LOOP('',(#3318,#3319,#3320,#3321));
#1350=EDGE_LOOP('',(#3322,#3323,#3324,#3325));
#1351=EDGE_LOOP('',(#3326,#3327,#3328,#3329));
#1352=EDGE_LOOP('',(#3330,#3331,#3332,#3333));
#1353=EDGE_LOOP('',(#3334,#3335,#3336,#3337));
#1354=EDGE_LOOP('',(#3338));
#1355=EDGE_LOOP('',(#3339));
#1356=EDGE_LOOP('',(#3340));
#1357=EDGE_LOOP('',(#3341));
#1358=EDGE_LOOP('',(#3342));
#1359=EDGE_LOOP('',(#3343));
#1360=EDGE_LOOP('',(#3344,#3345,#3346,#3347));
#1361=EDGE_LOOP('',(#3348,#3349,#3350,#3351));
#1362=EDGE_LOOP('',(#3352,#3353,#3354,#3355,#3356,#3357,#3358,#3359));
#1363=EDGE_LOOP('',(#3360,#3361,#3362,#3363));
#1364=EDGE_LOOP('',(#3364,#3365,#3366,#3367,#3368,#3369));
#1365=EDGE_LOOP('',(#3370,#3371,#3372,#3373,#3374));
#1366=EDGE_LOOP('',(#3375));
#1367=EDGE_LOOP('',(#3376,#3377,#3378,#3379));
#1368=EDGE_LOOP('',(#3380));
#1369=EDGE_LOOP('',(#3381,#3382,#3383,#3384,#3385,#3386));
#1370=EDGE_LOOP('',(#3387,#3388,#3389,#3390,#3391));
#1371=EDGE_LOOP('',(#3392,#3393,#3394,#3395));
#1372=EDGE_LOOP('',(#3396,#3397,#3398,#3399));
#1373=EDGE_LOOP('',(#3400));
#1374=EDGE_LOOP('',(#3401,#3402,#3403,#3404));
#1375=EDGE_LOOP('',(#3405));
#1376=EDGE_LOOP('',(#3406,#3407,#3408,#3409,#3410));
#1377=EDGE_LOOP('',(#3411,#3412,#3413,#3414,#3415));
#1378=EDGE_LOOP('',(#3416,#3417,#3418,#3419,#3420));
#1379=EDGE_LOOP('',(#3421));
#1380=EDGE_LOOP('',(#3422));
#1381=EDGE_LOOP('',(#3423,#3424,#3425,#3426,#3427,#3428));
#1382=EDGE_LOOP('',(#3429,#3430,#3431,#3432));
#1383=EDGE_LOOP('',(#3433,#3434,#3435,#3436,#3437,#3438,#3439,#3440));
#1384=EDGE_LOOP('',(#3441,#3442,#3443,#3444));
#1385=EDGE_LOOP('',(#3445));
#1386=EDGE_LOOP('',(#3446,#3447,#3448,#3449));
#1387=EDGE_LOOP('',(#3450));
#1388=EDGE_LOOP('',(#3451));
#1389=EDGE_LOOP('',(#3452,#3453,#3454,#3455));
#1390=EDGE_LOOP('',(#3456,#3457,#3458,#3459,#3460,#3461,#3462,#3463));
#1391=EDGE_LOOP('',(#3464,#3465,#3466,#3467,#3468));
#1392=EDGE_LOOP('',(#3469));
#1393=EDGE_LOOP('',(#3470,#3471,#3472,#3473));
#1394=EDGE_LOOP('',(#3474,#3475,#3476,#3477,#3478,#3479,#3480,#3481));
#1395=EDGE_LOOP('',(#3482,#3483,#3484,#3485,#3486));
#1396=EDGE_LOOP('',(#3487));
#1397=EDGE_LOOP('',(#3488,#3489,#3490,#3491));
#1398=EDGE_LOOP('',(#3492));
#1399=EDGE_LOOP('',(#3493,#3494,#3495,#3496,#3497,#3498));
#1400=EDGE_LOOP('',(#3499,#3500,#3501,#3502,#3503,#3504));
#1401=EDGE_LOOP('',(#3505,#3506,#3507,#3508));
#1402=EDGE_LOOP('',(#3509,#3510,#3511,#3512,#3513));
#1403=EDGE_LOOP('',(#3514,#3515,#3516,#3517));
#1404=EDGE_LOOP('',(#3518));
#1405=EDGE_LOOP('',(#3519,#3520,#3521,#3522));
#1406=EDGE_LOOP('',(#3523));
#1407=EDGE_LOOP('',(#3524,#3525,#3526,#3527));
#1408=EDGE_LOOP('',(#3528,#3529,#3530,#3531));
#1409=EDGE_LOOP('',(#3532));
#1410=EDGE_LOOP('',(#3533,#3534,#3535,#3536,#3537,#3538));
#1411=EDGE_LOOP('',(#3539,#3540,#3541,#3542));
#1412=EDGE_LOOP('',(#3543,#3544,#3545,#3546));
#1413=EDGE_LOOP('',(#3547,#3548,#3549,#3550));
#1414=EDGE_LOOP('',(#3551));
#1415=EDGE_LOOP('',(#3552));
#1416=EDGE_LOOP('',(#3553,#3554,#3555,#3556));
#1417=EDGE_LOOP('',(#3557));
#1418=EDGE_LOOP('',(#3558,#3559,#3560,#3561,#3562,#3563,#3564,#3565));
#1419=EDGE_LOOP('',(#3566,#3567,#3568,#3569,#3570,#3571));
#1420=EDGE_LOOP('',(#3572,#3573,#3574,#3575));
#1421=EDGE_LOOP('',(#3576,#3577,#3578,#3579,#3580,#3581,#3582,#3583));
#1422=EDGE_LOOP('',(#3584,#3585,#3586,#3587,#3588,#3589));
#1423=EDGE_LOOP('',(#3590,#3591,#3592,#3593));
#1424=EDGE_LOOP('',(#3594));
#1425=EDGE_LOOP('',(#3595,#3596,#3597,#3598,#3599,#3600));
#1426=EDGE_LOOP('',(#3601,#3602,#3603,#3604,#3605));
#1427=EDGE_LOOP('',(#3606,#3607,#3608,#3609));
#1428=EDGE_LOOP('',(#3610,#3611,#3612,#3613));
#1429=EDGE_LOOP('',(#3614));
#1430=EDGE_LOOP('',(#3615,#3616,#3617,#3618));
#1431=EDGE_LOOP('',(#3619));
#1432=EDGE_LOOP('',(#3620,#3621,#3622,#3623,#3624));
#1433=EDGE_LOOP('',(#3625,#3626,#3627,#3628,#3629));
#1434=EDGE_LOOP('',(#3630,#3631,#3632,#3633,#3634));
#1435=EDGE_LOOP('',(#3635));
#1436=EDGE_LOOP('',(#3636));
#1437=EDGE_LOOP('',(#3637,#3638,#3639,#3640));
#1438=EDGE_LOOP('',(#3641,#3642,#3643,#3644,#3645));
#1439=EDGE_LOOP('',(#3646));
#1440=EDGE_LOOP('',(#3647,#3648,#3649,#3650));
#1441=EDGE_LOOP('',(#3651));
#1442=EDGE_LOOP('',(#3652,#3653,#3654,#3655));
#1443=EDGE_LOOP('',(#3656,#3657,#3658,#3659));
#1444=EDGE_LOOP('',(#3660));
#1445=EDGE_LOOP('',(#3661));
#1446=EDGE_LOOP('',(#3662,#3663,#3664,#3665,#3666,#3667,#3668,#3669));
#1447=EDGE_LOOP('',(#3670,#3671,#3672,#3673));
#1448=EDGE_LOOP('',(#3674,#3675,#3676,#3677,#3678));
#1449=EDGE_LOOP('',(#3679));
#1450=EDGE_LOOP('',(#3680,#3681,#3682,#3683,#3684,#3685));
#1451=EDGE_LOOP('',(#3686,#3687,#3688,#3689));
#1452=EDGE_LOOP('',(#3690));
#1453=EDGE_LOOP('',(#3691,#3692,#3693,#3694,#3695,#3696));
#1454=EDGE_LOOP('',(#3697,#3698,#3699,#3700,#3701,#3702));
#1455=EDGE_LOOP('',(#3703,#3704,#3705,#3706));
#1456=EDGE_LOOP('',(#3707,#3708,#3709,#3710,#3711));
#1457=EDGE_LOOP('',(#3712,#3713,#3714,#3715));
#1458=EDGE_LOOP('',(#3716));
#1459=EDGE_LOOP('',(#3717,#3718,#3719,#3720));
#1460=EDGE_LOOP('',(#3721));
#1461=EDGE_LOOP('',(#3722,#3723,#3724,#3725));
#1462=EDGE_LOOP('',(#3726,#3727,#3728,#3729));
#1463=EDGE_LOOP('',(#3730));
#1464=EDGE_LOOP('',(#3731,#3732,#3733,#3734));
#1465=EDGE_LOOP('',(#3735,#3736,#3737,#3738));
#1466=EDGE_LOOP('',(#3739,#3740,#3741,#3742,#3743,#3744,#3745,#3746));
#1467=EDGE_LOOP('',(#3747,#3748,#3749,#3750,#3751));
#1468=EDGE_LOOP('',(#3752));
#1469=EDGE_LOOP('',(#3753,#3754,#3755,#3756));
#1470=EDGE_LOOP('',(#3757));
#1471=EDGE_LOOP('',(#3758));
#1472=EDGE_LOOP('',(#3759,#3760,#3761,#3762));
#1473=EDGE_LOOP('',(#3763));
#1474=EDGE_LOOP('',(#3764,#3765,#3766,#3767));
#1475=EDGE_LOOP('',(#3768,#3769,#3770,#3771));
#1476=EDGE_LOOP('',(#3772,#3773,#3774,#3775));
#1477=EDGE_LOOP('',(#3776,#3777,#3778,#3779));
#1478=EDGE_LOOP('',(#3780,#3781,#3782,#3783));
#1479=EDGE_LOOP('',(#3784,#3785,#3786,#3787));
#1480=EDGE_LOOP('',(#3788,#3789,#3790,#3791));
#1481=EDGE_LOOP('',(#3792,#3793,#3794,#3795));
#1482=EDGE_LOOP('',(#3796,#3797,#3798,#3799));
#1483=EDGE_LOOP('',(#3800,#3801,#3802,#3803));
#1484=EDGE_LOOP('',(#3804,#3805,#3806,#3807));
#1485=EDGE_LOOP('',(#3808,#3809,#3810,#3811));
#1486=EDGE_LOOP('',(#3812,#3813,#3814,#3815));
#1487=EDGE_LOOP('',(#3816,#3817,#3818,#3819));
#1488=EDGE_LOOP('',(#3820,#3821,#3822,#3823));
#1489=EDGE_LOOP('',(#3824,#3825,#3826,#3827));
#1490=EDGE_LOOP('',(#3828));
#1491=EDGE_LOOP('',(#3829));
#1492=EDGE_LOOP('',(#3830,#3831,#3832,#3833,#3834,#3835,#3836,#3837));
#1493=EDGE_LOOP('',(#3838));
#1494=EDGE_LOOP('',(#3839));
#1495=EDGE_LOOP('',(#3840));
#1496=EDGE_LOOP('',(#3841));
#1497=EDGE_LOOP('',(#3842));
#1498=EDGE_LOOP('',(#3843));
#1499=EDGE_LOOP('',(#3844));
#1500=EDGE_LOOP('',(#3845));
#1501=EDGE_LOOP('',(#3846));
#1502=EDGE_LOOP('',(#3847));
#1503=EDGE_LOOP('',(#3848));
#1504=EDGE_LOOP('',(#3849));
#1505=EDGE_LOOP('',(#3850));
#1506=EDGE_LOOP('',(#3851));
#1507=EDGE_LOOP('',(#3852));
#1508=EDGE_LOOP('',(#3853));
#1509=EDGE_LOOP('',(#3854));
#1510=EDGE_LOOP('',(#3855));
#1511=EDGE_LOOP('',(#3856,#3857,#3858,#3859));
#1512=EDGE_LOOP('',(#3860,#3861,#3862,#3863));
#1513=EDGE_LOOP('',(#3864));
#1514=EDGE_LOOP('',(#3865));
#1515=EDGE_LOOP('',(#3866,#3867,#3868,#3869));
#1516=EDGE_LOOP('',(#3870,#3871,#3872,#3873));
#1517=EDGE_LOOP('',(#3874));
#1518=EDGE_LOOP('',(#3875));
#1519=EDGE_LOOP('',(#3876,#3877,#3878,#3879));
#1520=EDGE_LOOP('',(#3880,#3881,#3882,#3883));
#1521=EDGE_LOOP('',(#3884));
#1522=EDGE_LOOP('',(#3885));
#1523=EDGE_LOOP('',(#3886,#3887,#3888,#3889));
#1524=EDGE_LOOP('',(#3890,#3891,#3892,#3893));
#1525=EDGE_LOOP('',(#3894,#3895,#3896,#3897));
#1526=EDGE_LOOP('',(#3898,#3899,#3900,#3901));
#1527=EDGE_LOOP('',(#3902,#3903,#3904,#3905));
#1528=EDGE_LOOP('',(#3906,#3907,#3908,#3909));
#1529=EDGE_LOOP('',(#3910,#3911,#3912,#3913));
#1530=EDGE_LOOP('',(#3914,#3915,#3916,#3917));
#1531=EDGE_LOOP('',(#3918,#3919,#3920,#3921,#3922,#3923,#3924,#3925));
#1532=EDGE_LOOP('',(#3926));
#1533=EDGE_LOOP('',(#3927));
#1534=EDGE_LOOP('',(#3928));
#1535=EDGE_LOOP('',(#3929));
#1536=EDGE_LOOP('',(#3930));
#1537=EDGE_LOOP('',(#3931));
#1538=EDGE_LOOP('',(#3932));
#1539=EDGE_LOOP('',(#3933));
#1540=EDGE_LOOP('',(#3934));
#1541=EDGE_LOOP('',(#3935));
#1542=EDGE_LOOP('',(#3936));
#1543=EDGE_LOOP('',(#3937));
#1544=EDGE_LOOP('',(#3938));
#1545=EDGE_LOOP('',(#3939));
#1546=EDGE_LOOP('',(#3940));
#1547=EDGE_LOOP('',(#3941));
#1548=EDGE_LOOP('',(#3942));
#1549=EDGE_LOOP('',(#3943));
#1550=CIRCLE('',#4257,1.4);
#1551=CIRCLE('',#4258,0.65);
#1552=CIRCLE('',#4259,2.05);
#1553=CIRCLE('',#4260,1.4);
#1554=CIRCLE('',#4262,2.075);
#1555=CIRCLE('',#4264,1.4);
#1556=CIRCLE('',#4266,1.40000000000001);
#1557=CIRCLE('',#4267,0.65);
#1558=CIRCLE('',#4268,2.05000000000001);
#1559=CIRCLE('',#4269,1.40000000000001);
#1560=CIRCLE('',#4271,2.075);
#1561=CIRCLE('',#4273,1.40000000000001);
#1562=CIRCLE('',#4275,1.40000000000001);
#1563=CIRCLE('',#4276,0.65);
#1564=CIRCLE('',#4277,2.05000000000001);
#1565=CIRCLE('',#4278,1.40000000000001);
#1566=CIRCLE('',#4280,2.075);
#1567=CIRCLE('',#4282,1.40000000000001);
#1568=CIRCLE('',#4284,1.40000000000001);
#1569=CIRCLE('',#4285,0.65);
#1570=CIRCLE('',#4286,2.05000000000001);
#1571=CIRCLE('',#4287,1.40000000000001);
#1572=CIRCLE('',#4289,2.075);
#1573=CIRCLE('',#4291,1.40000000000001);
#1574=CIRCLE('',#4293,3.49999999999997);
#1575=CIRCLE('',#4294,0.5);
#1576=CIRCLE('',#4295,2.99999999999997);
#1577=CIRCLE('',#4297,20.);
#1578=CIRCLE('',#4298,20.);
#1579=CIRCLE('',#4299,20.);
#1580=CIRCLE('',#4300,20.);
#1581=CIRCLE('',#4301,3.50000000000001);
#1582=CIRCLE('',#4302,3.50000000000001);
#1583=CIRCLE('',#4303,3.5);
#1584=CIRCLE('',#4305,2.99999999999997);
#1585=CIRCLE('',#4307,0.5);
#1586=CIRCLE('',#4308,3.00000000000001);
#1587=CIRCLE('',#4310,3.00000000000001);
#1588=CIRCLE('',#4312,0.5);
#1589=CIRCLE('',#4313,3.);
#1590=CIRCLE('',#4315,3.);
#1591=CIRCLE('',#4317,0.5);
#1592=CIRCLE('',#4318,3.00000000000001);
#1593=CIRCLE('',#4320,3.00000000000001);
#1594=CIRCLE('',#4322,1.);
#1595=CIRCLE('',#4323,2.94102540378444);
#1596=CIRCLE('',#4326,1.);
#1597=CIRCLE('',#4327,2.94102540378444);
#1598=CIRCLE('',#4330,1.);
#1599=CIRCLE('',#4331,2.94102540378443);
#1600=CIRCLE('',#4334,1.);
#1601=CIRCLE('',#4335,2.94102540378443);
#1602=CIRCLE('',#4338,20.);
#1603=CIRCLE('',#4340,20.);
#1604=CIRCLE('',#4341,20.);
#1605=CIRCLE('',#4342,20.);
#1606=CIRCLE('',#4351,2.49999999999999);
#1607=CIRCLE('',#4352,0.5);
#1608=CIRCLE('',#4353,1.99999999999999);
#1609=CIRCLE('',#4354,1.99999999999999);
#1610=CIRCLE('',#4356,3.);
#1611=CIRCLE('',#4357,3.);
#1612=CIRCLE('',#4358,3.);
#1613=CIRCLE('',#4359,3.);
#1614=CIRCLE('',#4360,2.49999999999999);
#1615=CIRCLE('',#4361,3.);
#1616=CIRCLE('',#4362,3.);
#1617=CIRCLE('',#4363,5.50000000000001);
#1618=CIRCLE('',#4364,3.);
#1619=CIRCLE('',#4365,3.);
#1620=CIRCLE('',#4366,5.50000000000001);
#1621=CIRCLE('',#4368,0.5);
#1622=CIRCLE('',#4369,1.99999999999999);
#1623=CIRCLE('',#4370,1.99999999999999);
#1624=CIRCLE('',#4372,1.5);
#1625=CIRCLE('',#4373,1.5);
#1626=CIRCLE('',#4374,1.);
#1627=CIRCLE('',#4376,1.5);
#1628=CIRCLE('',#4378,1.5);
#1629=CIRCLE('',#4379,1.5);
#1630=CIRCLE('',#4380,1.);
#1631=CIRCLE('',#4382,1.5);
#1632=CIRCLE('',#4384,3.5);
#1633=CIRCLE('',#4385,0.5);
#1634=CIRCLE('',#4386,2.99999999999999);
#1635=CIRCLE('',#4387,0.499999999999972);
#1636=CIRCLE('',#4389,3.5);
#1637=CIRCLE('',#4390,0.500000000000007);
#1638=CIRCLE('',#4391,3.);
#1639=CIRCLE('',#4392,0.499999999999972);
#1640=CIRCLE('',#4396,3.5);
#1641=CIRCLE('',#4397,0.500000000000007);
#1642=CIRCLE('',#4398,3.);
#1643=CIRCLE('',#4399,0.499999999999972);
#1644=CIRCLE('',#4402,3.50000000000001);
#1645=CIRCLE('',#4403,0.499999999999998);
#1646=CIRCLE('',#4404,3.00000000000001);
#1647=CIRCLE('',#4405,0.499999999999972);
#1648=CIRCLE('',#4412,3.25);
#1649=CIRCLE('',#4413,3.24999999999999);
#1650=CIRCLE('',#4417,3.);
#1651=CIRCLE('',#4419,5.50000000000001);
#1652=CIRCLE('',#4421,3.);
#1653=CIRCLE('',#4424,3.);
#1654=CIRCLE('',#4426,5.50000000000001);
#1655=CIRCLE('',#4428,3.);
#1656=CIRCLE('',#4433,0.5);
#1657=CIRCLE('',#4434,2.75);
#1658=CIRCLE('',#4436,0.5);
#1659=CIRCLE('',#4437,2.74999999999999);
#1660=CIRCLE('',#4439,1.40000000000001);
#1661=CIRCLE('',#4441,1.4);
#1662=CIRCLE('',#4443,1.40000000000001);
#1663=CIRCLE('',#4445,1.4);
#1664=CIRCLE('',#4452,3.25);
#1665=CIRCLE('',#4453,0.5);
#1666=CIRCLE('',#4454,2.75);
#1667=CIRCLE('',#4456,3.24999999999999);
#1668=CIRCLE('',#4458,0.5);
#1669=CIRCLE('',#4459,2.74999999999999);
#1670=CIRCLE('',#4461,1.40000000000001);
#1671=CIRCLE('',#4463,1.4);
#1672=CIRCLE('',#4465,1.4);
#1673=CIRCLE('',#4467,1.40000000000001);
#1674=CIRCLE('',#4474,3.25);
#1675=CIRCLE('',#4475,0.5);
#1676=CIRCLE('',#4476,2.75);
#1677=CIRCLE('',#4478,3.24999999999999);
#1678=CIRCLE('',#4480,0.5);
#1679=CIRCLE('',#4481,2.74999999999999);
#1680=CIRCLE('',#4483,1.39999999999997);
#1681=CIRCLE('',#4485,1.4);
#1682=CIRCLE('',#4487,1.39999999999997);
#1683=CIRCLE('',#4489,1.4);
#1684=CIRCLE('',#4496,2.24999999999999);
#1685=CIRCLE('',#4497,0.5);
#1686=CIRCLE('',#4498,2.74999999999999);
#1687=CIRCLE('',#4500,1.39999999999997);
#1688=CIRCLE('',#4502,3.25);
#1689=CIRCLE('',#4503,0.5);
#1690=CIRCLE('',#4504,2.75);
#1691=CIRCLE('',#4506,6.55);
#1692=CIRCLE('',#4507,6.55);
#1693=CIRCLE('',#4508,6.55);
#1694=CIRCLE('',#4509,6.55);
#1695=CIRCLE('',#4511,0.5);
#1696=CIRCLE('',#4512,6.05);
#1697=CIRCLE('',#4513,6.05);
#1698=CIRCLE('',#4515,6.05);
#1699=CIRCLE('',#4517,0.5);
#1700=CIRCLE('',#4518,6.05);
#1701=CIRCLE('',#4519,6.05);
#1702=CIRCLE('',#4521,6.05);
#1703=CIRCLE('',#4523,0.5);
#1704=CIRCLE('',#4524,6.05);
#1705=CIRCLE('',#4525,6.05);
#1706=CIRCLE('',#4527,6.05);
#1707=CIRCLE('',#4529,0.5);
#1708=CIRCLE('',#4530,6.05);
#1709=CIRCLE('',#4531,6.05);
#1710=CIRCLE('',#4533,6.05);
#1711=CIRCLE('',#4535,1.4);
#1712=CIRCLE('',#4537,1.4);
#1713=CIRCLE('',#4539,1.39999999999997);
#1714=CIRCLE('',#4547,8.);
#1715=CIRCLE('',#4553,8.00000000000001);
#1716=CIRCLE('',#4554,8.00000000000001);
#1717=CIRCLE('',#4556,1.40000000000001);
#1718=CIRCLE('',#4558,1.40000000000001);
#1719=CIRCLE('',#4561,1.19999999999997);
#1720=CIRCLE('',#4563,8.00000000000001);
#1721=CIRCLE('',#4565,8.00000000000001);
#1722=CIRCLE('',#4567,1.40000000000001);
#1723=CIRCLE('',#4568,1.40000000000001);
#1724=CIRCLE('',#4571,1.39999999999997);
#1725=CIRCLE('',#4572,1.39999999999997);
#1726=CIRCLE('',#4575,8.875);
#1727=CIRCLE('',#4576,0.75);
#1728=CIRCLE('',#4577,8.125);
#1729=CIRCLE('',#4578,8.125);
#1730=CIRCLE('',#4580,8.125);
#1731=CIRCLE('',#4591,8.);
#1732=CIRCLE('',#4596,8.875);
#1733=CIRCLE('',#4600,1.40000000000001);
#1734=CIRCLE('',#4602,1.40000000000001);
#1735=CIRCLE('',#4605,1.19999999999997);
#1736=CIRCLE('',#4607,8.00000000000001);
#1737=CIRCLE('',#4608,8.00000000000001);
#1738=CIRCLE('',#4610,8.00000000000001);
#1739=CIRCLE('',#4612,8.00000000000001);
#1740=CIRCLE('',#4614,1.40000000000001);
#1741=CIRCLE('',#4615,1.40000000000001);
#1742=CIRCLE('',#4618,1.4);
#1743=CIRCLE('',#4619,1.4);
#1744=CIRCLE('',#4622,0.75);
#1745=CIRCLE('',#4623,8.125);
#1746=CIRCLE('',#4625,8.125);
#1747=CIRCLE('',#4634,8.);
#1748=CIRCLE('',#4639,8.00000000000001);
#1749=CIRCLE('',#4640,8.00000000000001);
#1750=CIRCLE('',#4644,8.00000000000001);
#1751=CIRCLE('',#4645,8.00000000000001);
#1752=CIRCLE('',#4647,1.40000000000001);
#1753=CIRCLE('',#4648,1.40000000000001);
#1754=CIRCLE('',#4651,1.2);
#1755=CIRCLE('',#4655,1.4);
#1756=CIRCLE('',#4656,1.4);
#1757=CIRCLE('',#4659,1.39999999999997);
#1758=CIRCLE('',#4660,1.39999999999997);
#1759=CIRCLE('',#4663,8.875);
#1760=CIRCLE('',#4664,0.75);
#1761=CIRCLE('',#4665,8.125);
#1762=CIRCLE('',#4666,8.125);
#1763=CIRCLE('',#4668,8.125);
#1764=CIRCLE('',#4678,8.);
#1765=CIRCLE('',#4684,8.875);
#1766=CIRCLE('',#4686,8.00000000000001);
#1767=CIRCLE('',#4687,8.00000000000001);
#1768=CIRCLE('',#4689,1.4);
#1769=CIRCLE('',#4690,1.4);
#1770=CIRCLE('',#4693,1.2);
#1771=CIRCLE('',#4695,8.00000000000001);
#1772=CIRCLE('',#4696,8.00000000000001);
#1773=CIRCLE('',#4700,1.4);
#1774=CIRCLE('',#4701,1.4);
#1775=CIRCLE('',#4704,1.4);
#1776=CIRCLE('',#4705,1.4);
#1777=CIRCLE('',#4708,0.75);
#1778=CIRCLE('',#4709,8.125);
#1779=CIRCLE('',#4711,8.125);
#1780=CIRCLE('',#4720,12.1);
#1781=CIRCLE('',#4721,12.1);
#1782=CIRCLE('',#4723,12.1);
#1783=CIRCLE('',#4724,12.1);
#1784=CIRCLE('',#4726,12.1);
#1785=CIRCLE('',#4727,12.1);
#1786=CIRCLE('',#4729,12.1);
#1787=CIRCLE('',#4730,12.1);
#1788=CIRCLE('',#4732,12.1);
#1789=CIRCLE('',#4733,12.1);
#1790=CIRCLE('',#4735,12.1);
#1791=CIRCLE('',#4736,12.1);
#1792=CIRCLE('',#4738,12.1);
#1793=CIRCLE('',#4739,12.1);
#1794=CIRCLE('',#4741,12.1);
#1795=CIRCLE('',#4742,12.1);
#1796=CIRCLE('',#4744,12.1);
#1797=CIRCLE('',#4745,12.1);
#1798=CIRCLE('',#4747,12.1);
#1799=CIRCLE('',#4748,12.1);
#1800=CIRCLE('',#4750,12.1);
#1801=CIRCLE('',#4751,12.1);
#1802=CIRCLE('',#4753,12.1);
#1803=CIRCLE('',#4754,12.1);
#1804=CIRCLE('',#4756,12.1);
#1805=CIRCLE('',#4757,12.1);
#1806=CIRCLE('',#4759,12.1);
#1807=CIRCLE('',#4760,12.1);
#1808=CIRCLE('',#4762,2.05);
#1809=CIRCLE('',#4763,2.05);
#1810=CIRCLE('',#4765,7.75);
#1811=CIRCLE('',#4766,7.75);
#1812=CIRCLE('',#4769,20.);
#1813=CIRCLE('',#4770,20.);
#1814=CIRCLE('',#4771,20.);
#1815=CIRCLE('',#4772,20.);
#1816=CIRCLE('',#4773,7.75);
#1817=CIRCLE('',#4774,7.75000000000002);
#1818=CIRCLE('',#4775,7.75000000000002);
#1819=CIRCLE('',#4777,2.04999999999998);
#1820=CIRCLE('',#4778,2.04999999999998);
#1821=CIRCLE('',#4780,7.75000000000002);
#1822=CIRCLE('',#4783,2.05);
#1823=CIRCLE('',#4784,2.05);
#1824=CIRCLE('',#4786,7.75);
#1825=CIRCLE('',#4789,2.04999999999998);
#1826=CIRCLE('',#4790,2.04999999999998);
#1827=CIRCLE('',#4792,7.75000000000002);
#1828=CIRCLE('',#4795,20.);
#1829=CIRCLE('',#4798,20.);
#1830=CIRCLE('',#4801,20.);
#1831=CIRCLE('',#4803,20.);
#1832=VERTEX_POINT('',#6181);
#1833=VERTEX_POINT('',#6182);
#1834=VERTEX_POINT('',#6184);
#1835=VERTEX_POINT('',#6189);
#1836=VERTEX_POINT('',#6192);
#1837=VERTEX_POINT('',#6196);
#1838=VERTEX_POINT('',#6197);
#1839=VERTEX_POINT('',#6199);
#1840=VERTEX_POINT('',#6204);
#1841=VERTEX_POINT('',#6207);
#1842=VERTEX_POINT('',#6211);
#1843=VERTEX_POINT('',#6212);
#1844=VERTEX_POINT('',#6214);
#1845=VERTEX_POINT('',#6219);
#1846=VERTEX_POINT('',#6222);
#1847=VERTEX_POINT('',#6226);
#1848=VERTEX_POINT('',#6227);
#1849=VERTEX_POINT('',#6229);
#1850=VERTEX_POINT('',#6234);
#1851=VERTEX_POINT('',#6237);
#1852=VERTEX_POINT('',#6241);
#1853=VERTEX_POINT('',#6243);
#1854=VERTEX_POINT('',#6247);
#1855=VERTEX_POINT('',#6248);
#1856=VERTEX_POINT('',#6250);
#1857=VERTEX_POINT('',#6252);
#1858=VERTEX_POINT('',#6254);
#1859=VERTEX_POINT('',#6256);
#1860=VERTEX_POINT('',#6258);
#1861=VERTEX_POINT('',#6260);
#1862=VERTEX_POINT('',#6263);
#1863=VERTEX_POINT('',#6265);
#1864=VERTEX_POINT('',#6267);
#1865=VERTEX_POINT('',#6270);
#1866=VERTEX_POINT('',#6274);
#1867=VERTEX_POINT('',#6278);
#1868=VERTEX_POINT('',#6282);
#1869=VERTEX_POINT('',#6286);
#1870=VERTEX_POINT('',#6290);
#1871=VERTEX_POINT('',#6294);
#1872=VERTEX_POINT('',#6298);
#1873=VERTEX_POINT('',#6303);
#1874=VERTEX_POINT('',#6308);
#1875=VERTEX_POINT('',#6313);
#1876=VERTEX_POINT('',#6318);
#1877=VERTEX_POINT('',#6319);
#1878=VERTEX_POINT('',#6324);
#1879=VERTEX_POINT('',#6326);
#1880=VERTEX_POINT('',#6328);
#1881=VERTEX_POINT('',#6330);
#1882=VERTEX_POINT('',#6332);
#1883=VERTEX_POINT('',#6334);
#1884=VERTEX_POINT('',#6351);
#1885=VERTEX_POINT('',#6353);
#1886=VERTEX_POINT('',#6355);
#1887=VERTEX_POINT('',#6359);
#1888=VERTEX_POINT('',#6360);
#1889=VERTEX_POINT('',#6362);
#1890=VERTEX_POINT('',#6364);
#1891=VERTEX_POINT('',#6366);
#1892=VERTEX_POINT('',#6368);
#1893=VERTEX_POINT('',#6370);
#1894=VERTEX_POINT('',#6372);
#1895=VERTEX_POINT('',#6375);
#1896=VERTEX_POINT('',#6377);
#1897=VERTEX_POINT('',#6378);
#1898=VERTEX_POINT('',#6380);
#1899=VERTEX_POINT('',#6382);
#1900=VERTEX_POINT('',#6384);
#1901=VERTEX_POINT('',#6386);
#1902=VERTEX_POINT('',#6388);
#1903=VERTEX_POINT('',#6390);
#1904=VERTEX_POINT('',#6394);
#1905=VERTEX_POINT('',#6396);
#1906=VERTEX_POINT('',#6400);
#1907=VERTEX_POINT('',#6401);
#1908=VERTEX_POINT('',#6406);
#1909=VERTEX_POINT('',#6410);
#1910=VERTEX_POINT('',#6411);
#1911=VERTEX_POINT('',#6416);
#1912=VERTEX_POINT('',#6420);
#1913=VERTEX_POINT('',#6421);
#1914=VERTEX_POINT('',#6423);
#1915=VERTEX_POINT('',#6425);
#1916=VERTEX_POINT('',#6429);
#1917=VERTEX_POINT('',#6430);
#1918=VERTEX_POINT('',#6432);
#1919=VERTEX_POINT('',#6434);
#1920=VERTEX_POINT('',#6444);
#1921=VERTEX_POINT('',#6445);
#1922=VERTEX_POINT('',#6447);
#1923=VERTEX_POINT('',#6449);
#1924=VERTEX_POINT('',#6456);
#1925=VERTEX_POINT('',#6457);
#1926=VERTEX_POINT('',#6459);
#1927=VERTEX_POINT('',#6461);
#1928=VERTEX_POINT('',#6480);
#1929=VERTEX_POINT('',#6481);
#1930=VERTEX_POINT('',#6483);
#1931=VERTEX_POINT('',#6485);
#1932=VERTEX_POINT('',#6488);
#1933=VERTEX_POINT('',#6490);
#1934=VERTEX_POINT('',#6495);
#1935=VERTEX_POINT('',#6497);
#1936=VERTEX_POINT('',#6501);
#1937=VERTEX_POINT('',#6505);
#1938=VERTEX_POINT('',#6509);
#1939=VERTEX_POINT('',#6513);
#1940=VERTEX_POINT('',#6517);
#1941=VERTEX_POINT('',#6521);
#1942=VERTEX_POINT('',#6529);
#1943=VERTEX_POINT('',#6533);
#1944=VERTEX_POINT('',#6537);
#1945=VERTEX_POINT('',#6540);
#1946=VERTEX_POINT('',#6543);
#1947=VERTEX_POINT('',#6547);
#1948=VERTEX_POINT('',#6551);
#1949=VERTEX_POINT('',#6552);
#1950=VERTEX_POINT('',#6557);
#1951=VERTEX_POINT('',#6561);
#1952=VERTEX_POINT('',#6568);
#1953=VERTEX_POINT('',#6570);
#1954=VERTEX_POINT('',#6574);
#1955=VERTEX_POINT('',#6575);
#1956=VERTEX_POINT('',#6577);
#1957=VERTEX_POINT('',#6579);
#1958=VERTEX_POINT('',#6582);
#1959=VERTEX_POINT('',#6585);
#1960=VERTEX_POINT('',#6589);
#1961=VERTEX_POINT('',#6592);
#1962=VERTEX_POINT('',#6595);
#1963=VERTEX_POINT('',#6599);
#1964=VERTEX_POINT('',#6603);
#1965=VERTEX_POINT('',#6605);
#1966=VERTEX_POINT('',#6609);
#1967=VERTEX_POINT('',#6611);
#1968=VERTEX_POINT('',#6620);
#1969=VERTEX_POINT('',#6622);
#1970=VERTEX_POINT('',#6626);
#1971=VERTEX_POINT('',#6627);
#1972=VERTEX_POINT('',#6629);
#1973=VERTEX_POINT('',#6631);
#1974=VERTEX_POINT('',#6634);
#1975=VERTEX_POINT('',#6637);
#1976=VERTEX_POINT('',#6641);
#1977=VERTEX_POINT('',#6644);
#1978=VERTEX_POINT('',#6647);
#1979=VERTEX_POINT('',#6651);
#1980=VERTEX_POINT('',#6655);
#1981=VERTEX_POINT('',#6657);
#1982=VERTEX_POINT('',#6661);
#1983=VERTEX_POINT('',#6665);
#1984=VERTEX_POINT('',#6672);
#1985=VERTEX_POINT('',#6674);
#1986=VERTEX_POINT('',#6678);
#1987=VERTEX_POINT('',#6681);
#1988=VERTEX_POINT('',#6683);
#1989=VERTEX_POINT('',#6687);
#1990=VERTEX_POINT('',#6688);
#1991=VERTEX_POINT('',#6690);
#1992=VERTEX_POINT('',#6692);
#1993=VERTEX_POINT('',#6695);
#1994=VERTEX_POINT('',#6697);
#1995=VERTEX_POINT('',#6699);
#1996=VERTEX_POINT('',#6701);
#1997=VERTEX_POINT('',#6704);
#1998=VERTEX_POINT('',#6706);
#1999=VERTEX_POINT('',#6710);
#2000=VERTEX_POINT('',#6714);
#2001=VERTEX_POINT('',#6716);
#2002=VERTEX_POINT('',#6720);
#2003=VERTEX_POINT('',#6724);
#2004=VERTEX_POINT('',#6726);
#2005=VERTEX_POINT('',#6730);
#2006=VERTEX_POINT('',#6734);
#2007=VERTEX_POINT('',#6736);
#2008=VERTEX_POINT('',#6740);
#2009=VERTEX_POINT('',#6744);
#2010=VERTEX_POINT('',#6747);
#2011=VERTEX_POINT('',#6751);
#2012=VERTEX_POINT('',#6755);
#2013=VERTEX_POINT('',#6757);
#2014=VERTEX_POINT('',#6761);
#2015=VERTEX_POINT('',#6765);
#2016=VERTEX_POINT('',#6772);
#2017=VERTEX_POINT('',#6773);
#2018=VERTEX_POINT('',#6775);
#2019=VERTEX_POINT('',#6777);
#2020=VERTEX_POINT('',#6779);
#2021=VERTEX_POINT('',#6781);
#2022=VERTEX_POINT('',#6783);
#2023=VERTEX_POINT('',#6785);
#2024=VERTEX_POINT('',#6789);
#2025=VERTEX_POINT('',#6791);
#2026=VERTEX_POINT('',#6795);
#2027=VERTEX_POINT('',#6797);
#2028=VERTEX_POINT('',#6799);
#2029=VERTEX_POINT('',#6803);
#2030=VERTEX_POINT('',#6805);
#2031=VERTEX_POINT('',#6807);
#2032=VERTEX_POINT('',#6810);
#2033=VERTEX_POINT('',#6813);
#2034=VERTEX_POINT('',#6818);
#2035=VERTEX_POINT('',#6820);
#2036=VERTEX_POINT('',#6822);
#2037=VERTEX_POINT('',#6865);
#2038=VERTEX_POINT('',#6871);
#2039=VERTEX_POINT('',#6873);
#2040=VERTEX_POINT('',#6878);
#2041=VERTEX_POINT('',#6880);
#2042=VERTEX_POINT('',#6885);
#2043=VERTEX_POINT('',#6887);
#2044=VERTEX_POINT('',#6889);
#2045=VERTEX_POINT('',#6893);
#2046=VERTEX_POINT('',#6897);
#2047=VERTEX_POINT('',#6899);
#2048=VERTEX_POINT('',#6901);
#2049=VERTEX_POINT('',#6906);
#2050=VERTEX_POINT('',#6919);
#2051=VERTEX_POINT('',#6920);
#2052=VERTEX_POINT('',#6922);
#2053=VERTEX_POINT('',#6924);
#2054=VERTEX_POINT('',#6926);
#2055=VERTEX_POINT('',#6928);
#2056=VERTEX_POINT('',#6930);
#2057=VERTEX_POINT('',#6932);
#2058=VERTEX_POINT('',#6936);
#2059=VERTEX_POINT('',#6938);
#2060=VERTEX_POINT('',#6940);
#2061=VERTEX_POINT('',#6943);
#2062=VERTEX_POINT('',#6946);
#2063=VERTEX_POINT('',#6950);
#2064=VERTEX_POINT('',#6953);
#2065=VERTEX_POINT('',#6955);
#2066=VERTEX_POINT('',#6959);
#2067=VERTEX_POINT('',#6962);
#2068=VERTEX_POINT('',#6965);
#2069=VERTEX_POINT('',#6970);
#2070=VERTEX_POINT('',#6971);
#2071=VERTEX_POINT('',#6991);
#2072=VERTEX_POINT('',#7004);
#2073=VERTEX_POINT('',#7018);
#2074=VERTEX_POINT('',#7021);
#2075=VERTEX_POINT('',#7025);
#2076=VERTEX_POINT('',#7029);
#2077=VERTEX_POINT('',#7033);
#2078=VERTEX_POINT('',#7035);
#2079=VERTEX_POINT('',#7040);
#2080=VERTEX_POINT('',#7042);
#2081=VERTEX_POINT('',#7047);
#2082=VERTEX_POINT('',#7051);
#2083=VERTEX_POINT('',#7064);
#2084=VERTEX_POINT('',#7065);
#2085=VERTEX_POINT('',#7067);
#2086=VERTEX_POINT('',#7069);
#2087=VERTEX_POINT('',#7071);
#2088=VERTEX_POINT('',#7073);
#2089=VERTEX_POINT('',#7075);
#2090=VERTEX_POINT('',#7077);
#2091=VERTEX_POINT('',#7081);
#2092=VERTEX_POINT('',#7083);
#2093=VERTEX_POINT('',#7085);
#2094=VERTEX_POINT('',#7087);
#2095=VERTEX_POINT('',#7091);
#2096=VERTEX_POINT('',#7095);
#2097=VERTEX_POINT('',#7098);
#2098=VERTEX_POINT('',#7100);
#2099=VERTEX_POINT('',#7104);
#2100=VERTEX_POINT('',#7106);
#2101=VERTEX_POINT('',#7110);
#2102=VERTEX_POINT('',#7112);
#2103=VERTEX_POINT('',#7117);
#2104=VERTEX_POINT('',#7119);
#2105=VERTEX_POINT('',#7166);
#2106=VERTEX_POINT('',#7168);
#2107=VERTEX_POINT('',#7173);
#2108=VERTEX_POINT('',#7175);
#2109=VERTEX_POINT('',#7180);
#2110=VERTEX_POINT('',#7182);
#2111=VERTEX_POINT('',#7184);
#2112=VERTEX_POINT('',#7188);
#2113=VERTEX_POINT('',#7192);
#2114=VERTEX_POINT('',#7194);
#2115=VERTEX_POINT('',#7200);
#2116=VERTEX_POINT('',#7202);
#2117=VERTEX_POINT('',#7211);
#2118=VERTEX_POINT('',#7212);
#2119=VERTEX_POINT('',#7214);
#2120=VERTEX_POINT('',#7216);
#2121=VERTEX_POINT('',#7218);
#2122=VERTEX_POINT('',#7220);
#2123=VERTEX_POINT('',#7222);
#2124=VERTEX_POINT('',#7224);
#2125=VERTEX_POINT('',#7228);
#2126=VERTEX_POINT('',#7230);
#2127=VERTEX_POINT('',#7234);
#2128=VERTEX_POINT('',#7236);
#2129=VERTEX_POINT('',#7239);
#2130=VERTEX_POINT('',#7242);
#2131=VERTEX_POINT('',#7244);
#2132=VERTEX_POINT('',#7246);
#2133=VERTEX_POINT('',#7248);
#2134=VERTEX_POINT('',#7252);
#2135=VERTEX_POINT('',#7254);
#2136=VERTEX_POINT('',#7259);
#2137=VERTEX_POINT('',#7279);
#2138=VERTEX_POINT('',#7292);
#2139=VERTEX_POINT('',#7306);
#2140=VERTEX_POINT('',#7308);
#2141=VERTEX_POINT('',#7311);
#2142=VERTEX_POINT('',#7319);
#2143=VERTEX_POINT('',#7321);
#2144=VERTEX_POINT('',#7326);
#2145=VERTEX_POINT('',#7328);
#2146=VERTEX_POINT('',#7333);
#2147=VERTEX_POINT('',#7337);
#2148=VERTEX_POINT('',#7345);
#2149=VERTEX_POINT('',#7349);
#2150=VERTEX_POINT('',#7356);
#2151=VERTEX_POINT('',#7358);
#2152=VERTEX_POINT('',#7362);
#2153=VERTEX_POINT('',#7364);
#2154=VERTEX_POINT('',#7368);
#2155=VERTEX_POINT('',#7370);
#2156=VERTEX_POINT('',#7374);
#2157=VERTEX_POINT('',#7376);
#2158=VERTEX_POINT('',#7380);
#2159=VERTEX_POINT('',#7382);
#2160=VERTEX_POINT('',#7386);
#2161=VERTEX_POINT('',#7388);
#2162=VERTEX_POINT('',#7392);
#2163=VERTEX_POINT('',#7394);
#2164=VERTEX_POINT('',#7398);
#2165=VERTEX_POINT('',#7400);
#2166=VERTEX_POINT('',#7404);
#2167=VERTEX_POINT('',#7406);
#2168=VERTEX_POINT('',#7410);
#2169=VERTEX_POINT('',#7412);
#2170=VERTEX_POINT('',#7416);
#2171=VERTEX_POINT('',#7418);
#2172=VERTEX_POINT('',#7422);
#2173=VERTEX_POINT('',#7424);
#2174=VERTEX_POINT('',#7428);
#2175=VERTEX_POINT('',#7430);
#2176=VERTEX_POINT('',#7434);
#2177=VERTEX_POINT('',#7436);
#2178=VERTEX_POINT('',#7440);
#2179=VERTEX_POINT('',#7442);
#2180=VERTEX_POINT('',#7446);
#2181=VERTEX_POINT('',#7448);
#2182=VERTEX_POINT('',#7453);
#2183=VERTEX_POINT('',#7454);
#2184=VERTEX_POINT('',#7456);
#2185=VERTEX_POINT('',#7458);
#2186=VERTEX_POINT('',#7460);
#2187=VERTEX_POINT('',#7462);
#2188=VERTEX_POINT('',#7464);
#2189=VERTEX_POINT('',#7466);
#2190=VERTEX_POINT('',#7469);
#2191=VERTEX_POINT('',#7471);
#2192=VERTEX_POINT('',#7473);
#2193=VERTEX_POINT('',#7476);
#2194=VERTEX_POINT('',#7478);
#2195=VERTEX_POINT('',#7482);
#2196=VERTEX_POINT('',#7487);
#2197=VERTEX_POINT('',#7489);
#2198=VERTEX_POINT('',#7493);
#2199=VERTEX_POINT('',#7498);
#2200=VERTEX_POINT('',#7500);
#2201=VERTEX_POINT('',#7504);
#2202=VERTEX_POINT('',#7509);
#2203=VERTEX_POINT('',#7510);
#2204=VERTEX_POINT('',#7515);
#2205=VERTEX_POINT('',#7519);
#2206=VERTEX_POINT('',#7520);
#2207=VERTEX_POINT('',#7525);
#2208=VERTEX_POINT('',#7529);
#2209=VERTEX_POINT('',#7533);
#2210=EDGE_CURVE('',#1832,#1833,#1550,.T.);
#2211=EDGE_CURVE('',#1833,#1834,#1551,.T.);
#2212=EDGE_CURVE('',#1834,#1834,#1552,.T.);
#2213=EDGE_CURVE('',#1833,#1832,#1553,.T.);
#2214=EDGE_CURVE('',#1835,#1835,#1554,.T.);
#2215=EDGE_CURVE('',#1832,#1836,#61,.T.);
#2216=EDGE_CURVE('',#1836,#1836,#1555,.T.);
#2217=EDGE_CURVE('',#1837,#1838,#1556,.T.);
#2218=EDGE_CURVE('',#1838,#1839,#1557,.T.);
#2219=EDGE_CURVE('',#1839,#1839,#1558,.T.);
#2220=EDGE_CURVE('',#1838,#1837,#1559,.T.);
#2221=EDGE_CURVE('',#1840,#1840,#1560,.T.);
#2222=EDGE_CURVE('',#1837,#1841,#62,.T.);
#2223=EDGE_CURVE('',#1841,#1841,#1561,.T.);
#2224=EDGE_CURVE('',#1842,#1843,#1562,.T.);
#2225=EDGE_CURVE('',#1843,#1844,#1563,.T.);
#2226=EDGE_CURVE('',#1844,#1844,#1564,.T.);
#2227=EDGE_CURVE('',#1843,#1842,#1565,.T.);
#2228=EDGE_CURVE('',#1845,#1845,#1566,.T.);
#2229=EDGE_CURVE('',#1842,#1846,#63,.T.);
#2230=EDGE_CURVE('',#1846,#1846,#1567,.T.);
#2231=EDGE_CURVE('',#1847,#1848,#1568,.T.);
#2232=EDGE_CURVE('',#1848,#1849,#1569,.T.);
#2233=EDGE_CURVE('',#1849,#1849,#1570,.T.);
#2234=EDGE_CURVE('',#1848,#1847,#1571,.T.);
#2235=EDGE_CURVE('',#1850,#1850,#1572,.T.);
#2236=EDGE_CURVE('',#1847,#1851,#64,.T.);
#2237=EDGE_CURVE('',#1851,#1851,#1573,.T.);
#2238=EDGE_CURVE('',#1852,#1852,#1574,.T.);
#2239=EDGE_CURVE('',#1852,#1853,#1575,.T.);
#2240=EDGE_CURVE('',#1853,#1853,#1576,.T.);
#2241=EDGE_CURVE('',#1854,#1855,#1577,.T.);
#2242=EDGE_CURVE('',#1854,#1856,#65,.T.);
#2243=EDGE_CURVE('',#1857,#1856,#1578,.T.);
#2244=EDGE_CURVE('',#1857,#1858,#66,.T.);
#2245=EDGE_CURVE('',#1859,#1858,#1579,.T.);
#2246=EDGE_CURVE('',#1859,#1860,#67,.T.);
#2247=EDGE_CURVE('',#1861,#1860,#1580,.T.);
#2248=EDGE_CURVE('',#1861,#1855,#68,.T.);
#2249=EDGE_CURVE('',#1862,#1862,#1581,.T.);
#2250=EDGE_CURVE('',#1863,#1863,#1582,.T.);
#2251=EDGE_CURVE('',#1864,#1864,#1583,.T.);
#2252=EDGE_CURVE('',#1853,#1865,#69,.T.);
#2253=EDGE_CURVE('',#1865,#1865,#1584,.T.);
#2254=EDGE_CURVE('',#1862,#1866,#1585,.T.);
#2255=EDGE_CURVE('',#1866,#1866,#1586,.T.);
#2256=EDGE_CURVE('',#1866,#1867,#70,.T.);
#2257=EDGE_CURVE('',#1867,#1867,#1587,.T.);
#2258=EDGE_CURVE('',#1864,#1868,#1588,.T.);
#2259=EDGE_CURVE('',#1868,#1868,#1589,.T.);
#2260=EDGE_CURVE('',#1868,#1869,#71,.T.);
#2261=EDGE_CURVE('',#1869,#1869,#1590,.T.);
#2262=EDGE_CURVE('',#1863,#1870,#1591,.T.);
#2263=EDGE_CURVE('',#1870,#1870,#1592,.T.);
#2264=EDGE_CURVE('',#1870,#1871,#72,.T.);
#2265=EDGE_CURVE('',#1871,#1871,#1593,.T.);
#2266=EDGE_CURVE('',#1840,#1872,#1594,.T.);
#2267=EDGE_CURVE('',#1872,#1872,#1595,.T.);
#2268=EDGE_CURVE('',#1835,#1873,#1596,.T.);
#2269=EDGE_CURVE('',#1873,#1873,#1597,.T.);
#2270=EDGE_CURVE('',#1845,#1874,#1598,.T.);
#2271=EDGE_CURVE('',#1874,#1874,#1599,.T.);
#2272=EDGE_CURVE('',#1850,#1875,#1600,.T.);
#2273=EDGE_CURVE('',#1875,#1875,#1601,.T.);
#2274=EDGE_CURVE('',#1876,#1877,#1602,.T.);
#2275=EDGE_CURVE('',#1877,#1854,#73,.T.);
#2276=EDGE_CURVE('',#1855,#1876,#74,.T.);
#2277=EDGE_CURVE('',#1876,#1878,#75,.T.);
#2278=EDGE_CURVE('',#1879,#1878,#1603,.T.);
#2279=EDGE_CURVE('',#1879,#1880,#76,.T.);
#2280=EDGE_CURVE('',#1881,#1880,#1604,.T.);
#2281=EDGE_CURVE('',#1881,#1882,#77,.T.);
#2282=EDGE_CURVE('',#1883,#1882,#1605,.T.);
#2283=EDGE_CURVE('',#1883,#1877,#78,.T.);
#2284=EDGE_CURVE('',#1878,#1861,#79,.T.);
#2285=EDGE_CURVE('',#1860,#1879,#80,.T.);
#2286=EDGE_CURVE('',#1880,#1859,#81,.T.);
#2287=EDGE_CURVE('',#1858,#1881,#82,.T.);
#2288=EDGE_CURVE('',#1882,#1857,#83,.T.);
#2289=EDGE_CURVE('',#1856,#1883,#84,.T.);
#2290=EDGE_CURVE('',#1884,#1884,#1606,.T.);
#2291=EDGE_CURVE('',#1884,#1885,#1607,.T.);
#2292=EDGE_CURVE('',#1885,#1886,#1608,.T.);
#2293=EDGE_CURVE('',#1886,#1885,#1609,.T.);
#2294=EDGE_CURVE('',#1887,#1888,#1610,.T.);
#2295=EDGE_CURVE('',#1889,#1888,#85,.T.);
#2296=EDGE_CURVE('',#1889,#1890,#1611,.T.);
#2297=EDGE_CURVE('',#1891,#1890,#86,.T.);
#2298=EDGE_CURVE('',#1891,#1892,#1612,.T.);
#2299=EDGE_CURVE('',#1893,#1892,#87,.T.);
#2300=EDGE_CURVE('',#1893,#1894,#1613,.T.);
#2301=EDGE_CURVE('',#1887,#1894,#88,.T.);
#2302=EDGE_CURVE('',#1895,#1895,#1614,.T.);
#2303=EDGE_CURVE('',#1896,#1897,#1615,.T.);
#2304=EDGE_CURVE('',#1898,#1896,#89,.T.);
#2305=EDGE_CURVE('',#1899,#1898,#1616,.T.);
#2306=EDGE_CURVE('',#1900,#1899,#1617,.T.);
#2307=EDGE_CURVE('',#1901,#1900,#1618,.T.);
#2308=EDGE_CURVE('',#1902,#1901,#90,.T.);
#2309=EDGE_CURVE('',#1903,#1902,#1619,.T.);
#2310=EDGE_CURVE('',#1897,#1903,#1620,.T.);
#2311=EDGE_CURVE('',#1895,#1904,#1621,.T.);
#2312=EDGE_CURVE('',#1904,#1905,#1622,.T.);
#2313=EDGE_CURVE('',#1905,#1904,#1623,.T.);
#2314=EDGE_CURVE('',#1906,#1907,#1624,.T.);
#2315=EDGE_CURVE('',#1907,#1906,#1625,.T.);
#2316=EDGE_CURVE('',#1906,#1886,#1626,.T.);
#2317=EDGE_CURVE('',#1907,#1908,#91,.T.);
#2318=EDGE_CURVE('',#1908,#1908,#1627,.T.);
#2319=EDGE_CURVE('',#1909,#1910,#1628,.T.);
#2320=EDGE_CURVE('',#1910,#1909,#1629,.T.);
#2321=EDGE_CURVE('',#1909,#1905,#1630,.T.);
#2322=EDGE_CURVE('',#1910,#1911,#92,.T.);
#2323=EDGE_CURVE('',#1911,#1911,#1631,.T.);
#2324=EDGE_CURVE('',#1912,#1913,#1632,.T.);
#2325=EDGE_CURVE('',#1914,#1913,#1633,.T.);
#2326=EDGE_CURVE('',#1915,#1914,#1634,.F.);
#2327=EDGE_CURVE('',#1912,#1915,#1635,.T.);
#2328=EDGE_CURVE('',#1916,#1917,#1636,.T.);
#2329=EDGE_CURVE('',#1918,#1917,#1637,.T.);
#2330=EDGE_CURVE('',#1919,#1918,#1638,.F.);
#2331=EDGE_CURVE('',#1916,#1919,#1639,.T.);
#2332=EDGE_CURVE('',#1917,#1912,#93,.T.);
#2333=EDGE_CURVE('',#1915,#1918,#94,.T.);
#2334=EDGE_CURVE('',#1893,#1919,#95,.T.);
#2335=EDGE_CURVE('',#1918,#1894,#96,.T.);
#2336=EDGE_CURVE('',#1920,#1921,#1640,.T.);
#2337=EDGE_CURVE('',#1922,#1921,#1641,.T.);
#2338=EDGE_CURVE('',#1923,#1922,#1642,.F.);
#2339=EDGE_CURVE('',#1920,#1923,#1643,.T.);
#2340=EDGE_CURVE('',#1913,#1920,#97,.T.);
#2341=EDGE_CURVE('',#1923,#1914,#98,.T.);
#2342=EDGE_CURVE('',#1924,#1925,#1644,.T.);
#2343=EDGE_CURVE('',#1926,#1925,#1645,.T.);
#2344=EDGE_CURVE('',#1927,#1926,#1646,.F.);
#2345=EDGE_CURVE('',#1924,#1927,#1647,.T.);
#2346=EDGE_CURVE('',#1921,#1924,#99,.T.);
#2347=EDGE_CURVE('',#1927,#1922,#100,.T.);
#2348=EDGE_CURVE('',#1925,#1916,#101,.T.);
#2349=EDGE_CURVE('',#1919,#1926,#102,.T.);
#2350=EDGE_CURVE('',#1891,#1927,#103,.T.);
#2351=EDGE_CURVE('',#1926,#1892,#104,.T.);
#2352=EDGE_CURVE('',#1889,#1923,#105,.T.);
#2353=EDGE_CURVE('',#1922,#1890,#106,.T.);
#2354=EDGE_CURVE('',#1887,#1915,#107,.T.);
#2355=EDGE_CURVE('',#1914,#1888,#108,.T.);
#2356=EDGE_CURVE('',#1928,#1929,#109,.T.);
#2357=EDGE_CURVE('',#1930,#1929,#110,.T.);
#2358=EDGE_CURVE('',#1930,#1931,#111,.T.);
#2359=EDGE_CURVE('',#1931,#1928,#112,.T.);
#2360=EDGE_CURVE('',#1932,#1932,#1648,.T.);
#2361=EDGE_CURVE('',#1933,#1933,#1649,.T.);
#2362=EDGE_CURVE('',#1897,#1934,#113,.T.);
#2363=EDGE_CURVE('',#1934,#1935,#1650,.T.);
#2364=EDGE_CURVE('',#1935,#1896,#114,.T.);
#2365=EDGE_CURVE('',#1936,#1903,#115,.T.);
#2366=EDGE_CURVE('',#1934,#1936,#1651,.T.);
#2367=EDGE_CURVE('',#1902,#1937,#116,.T.);
#2368=EDGE_CURVE('',#1937,#1936,#1652,.T.);
#2369=EDGE_CURVE('',#1938,#1901,#117,.T.);
#2370=EDGE_CURVE('',#1937,#1938,#118,.T.);
#2371=EDGE_CURVE('',#1900,#1939,#119,.T.);
#2372=EDGE_CURVE('',#1939,#1938,#1653,.T.);
#2373=EDGE_CURVE('',#1940,#1899,#120,.T.);
#2374=EDGE_CURVE('',#1939,#1940,#1654,.T.);
#2375=EDGE_CURVE('',#1898,#1941,#121,.T.);
#2376=EDGE_CURVE('',#1941,#1940,#1655,.T.);
#2377=EDGE_CURVE('',#1941,#1935,#122,.T.);
#2378=EDGE_CURVE('',#1932,#1942,#1656,.T.);
#2379=EDGE_CURVE('',#1942,#1942,#1657,.T.);
#2380=EDGE_CURVE('',#1933,#1943,#1658,.T.);
#2381=EDGE_CURVE('',#1943,#1943,#1659,.T.);
#2382=EDGE_CURVE('',#1944,#1944,#1660,.T.);
#2383=EDGE_CURVE('',#1945,#1945,#1661,.T.);
#2384=EDGE_CURVE('',#1944,#1946,#123,.T.);
#2385=EDGE_CURVE('',#1946,#1946,#1662,.T.);
#2386=EDGE_CURVE('',#1945,#1947,#124,.T.);
#2387=EDGE_CURVE('',#1947,#1947,#1663,.T.);
#2388=EDGE_CURVE('',#1948,#1949,#125,.T.);
#2389=EDGE_CURVE('',#1929,#1948,#126,.T.);
#2390=EDGE_CURVE('',#1949,#1928,#127,.T.);
#2391=EDGE_CURVE('',#1950,#1948,#128,.T.);
#2392=EDGE_CURVE('',#1950,#1930,#129,.F.);
#2393=EDGE_CURVE('',#1949,#1951,#130,.T.);
#2394=EDGE_CURVE('',#1951,#1950,#131,.T.);
#2395=EDGE_CURVE('',#1931,#1951,#132,.T.);
#2396=EDGE_CURVE('',#1952,#1952,#1664,.T.);
#2397=EDGE_CURVE('',#1952,#1953,#1665,.T.);
#2398=EDGE_CURVE('',#1953,#1953,#1666,.T.);
#2399=EDGE_CURVE('',#1954,#1955,#133,.T.);
#2400=EDGE_CURVE('',#1956,#1955,#134,.T.);
#2401=EDGE_CURVE('',#1956,#1957,#135,.T.);
#2402=EDGE_CURVE('',#1957,#1954,#136,.T.);
#2403=EDGE_CURVE('',#1958,#1958,#1667,.T.);
#2404=EDGE_CURVE('',#1958,#1959,#1668,.T.);
#2405=EDGE_CURVE('',#1959,#1959,#1669,.T.);
#2406=EDGE_CURVE('',#1960,#1960,#1670,.T.);
#2407=EDGE_CURVE('',#1961,#1961,#1671,.T.);
#2408=EDGE_CURVE('',#1961,#1962,#137,.T.);
#2409=EDGE_CURVE('',#1962,#1962,#1672,.T.);
#2410=EDGE_CURVE('',#1960,#1963,#138,.T.);
#2411=EDGE_CURVE('',#1963,#1963,#1673,.T.);
#2412=EDGE_CURVE('',#1964,#1954,#139,.T.);
#2413=EDGE_CURVE('',#1965,#1964,#140,.T.);
#2414=EDGE_CURVE('',#1955,#1965,#141,.T.);
#2415=EDGE_CURVE('',#1966,#1964,#142,.F.);
#2416=EDGE_CURVE('',#1966,#1967,#143,.T.);
#2417=EDGE_CURVE('',#1967,#1965,#144,.F.);
#2418=EDGE_CURVE('',#1966,#1957,#145,.F.);
#2419=EDGE_CURVE('',#1967,#1956,#146,.F.);
#2420=EDGE_CURVE('',#1968,#1968,#1674,.T.);
#2421=EDGE_CURVE('',#1968,#1969,#1675,.T.);
#2422=EDGE_CURVE('',#1969,#1969,#1676,.T.);
#2423=EDGE_CURVE('',#1970,#1971,#147,.T.);
#2424=EDGE_CURVE('',#1972,#1971,#148,.T.);
#2425=EDGE_CURVE('',#1972,#1973,#149,.T.);
#2426=EDGE_CURVE('',#1973,#1970,#150,.T.);
#2427=EDGE_CURVE('',#1974,#1974,#1677,.T.);
#2428=EDGE_CURVE('',#1974,#1975,#1678,.T.);
#2429=EDGE_CURVE('',#1975,#1975,#1679,.T.);
#2430=EDGE_CURVE('',#1976,#1976,#1680,.T.);
#2431=EDGE_CURVE('',#1977,#1977,#1681,.T.);
#2432=EDGE_CURVE('',#1976,#1978,#151,.T.);
#2433=EDGE_CURVE('',#1978,#1978,#1682,.T.);
#2434=EDGE_CURVE('',#1977,#1979,#152,.T.);
#2435=EDGE_CURVE('',#1979,#1979,#1683,.T.);
#2436=EDGE_CURVE('',#1971,#1980,#153,.T.);
#2437=EDGE_CURVE('',#1981,#1970,#154,.T.);
#2438=EDGE_CURVE('',#1980,#1981,#155,.T.);
#2439=EDGE_CURVE('',#1982,#1973,#156,.F.);
#2440=EDGE_CURVE('',#1982,#1981,#157,.F.);
#2441=EDGE_CURVE('',#1983,#1980,#158,.T.);
#2442=EDGE_CURVE('',#1983,#1972,#159,.T.);
#2443=EDGE_CURVE('',#1982,#1983,#160,.T.);
#2444=EDGE_CURVE('',#1984,#1984,#1684,.T.);
#2445=EDGE_CURVE('',#1984,#1985,#1685,.T.);
#2446=EDGE_CURVE('',#1985,#1985,#1686,.T.);
#2447=EDGE_CURVE('',#1986,#1986,#1687,.T.);
#2448=EDGE_CURVE('',#1987,#1987,#1688,.T.);
#2449=EDGE_CURVE('',#1987,#1988,#1689,.T.);
#2450=EDGE_CURVE('',#1988,#1988,#1690,.T.);
#2451=EDGE_CURVE('',#1989,#1990,#161,.T.);
#2452=EDGE_CURVE('',#1990,#1991,#162,.T.);
#2453=EDGE_CURVE('',#1991,#1992,#163,.T.);
#2454=EDGE_CURVE('',#1992,#1989,#164,.T.);
#2455=EDGE_CURVE('',#1993,#1993,#1691,.T.);
#2456=EDGE_CURVE('',#1994,#1994,#1692,.T.);
#2457=EDGE_CURVE('',#1995,#1995,#1693,.T.);
#2458=EDGE_CURVE('',#1996,#1996,#1694,.T.);
#2459=EDGE_CURVE('',#1993,#1997,#1695,.T.);
#2460=EDGE_CURVE('',#1997,#1998,#1696,.T.);
#2461=EDGE_CURVE('',#1998,#1997,#1697,.T.);
#2462=EDGE_CURVE('',#1998,#1999,#165,.T.);
#2463=EDGE_CURVE('',#1999,#1999,#1698,.T.);
#2464=EDGE_CURVE('',#1996,#2000,#1699,.T.);
#2465=EDGE_CURVE('',#2000,#2001,#1700,.T.);
#2466=EDGE_CURVE('',#2001,#2000,#1701,.T.);
#2467=EDGE_CURVE('',#2001,#2002,#166,.T.);
#2468=EDGE_CURVE('',#2002,#2002,#1702,.T.);
#2469=EDGE_CURVE('',#1994,#2003,#1703,.T.);
#2470=EDGE_CURVE('',#2003,#2004,#1704,.T.);
#2471=EDGE_CURVE('',#2004,#2003,#1705,.T.);
#2472=EDGE_CURVE('',#2004,#2005,#167,.T.);
#2473=EDGE_CURVE('',#2005,#2005,#1706,.T.);
#2474=EDGE_CURVE('',#1995,#2006,#1707,.T.);
#2475=EDGE_CURVE('',#2006,#2007,#1708,.T.);
#2476=EDGE_CURVE('',#2007,#2006,#1709,.T.);
#2477=EDGE_CURVE('',#2007,#2008,#168,.T.);
#2478=EDGE_CURVE('',#2008,#2008,#1710,.T.);
#2479=EDGE_CURVE('',#2009,#2009,#1711,.T.);
#2480=EDGE_CURVE('',#2009,#2010,#169,.T.);
#2481=EDGE_CURVE('',#2010,#2010,#1712,.T.);
#2482=EDGE_CURVE('',#1986,#2011,#170,.T.);
#2483=EDGE_CURVE('',#2011,#2011,#1713,.T.);
#2484=EDGE_CURVE('',#2012,#1989,#171,.T.);
#2485=EDGE_CURVE('',#2013,#2012,#172,.T.);
#2486=EDGE_CURVE('',#1990,#2013,#173,.T.);
#2487=EDGE_CURVE('',#2014,#2013,#174,.F.);
#2488=EDGE_CURVE('',#1991,#2014,#175,.F.);
#2489=EDGE_CURVE('',#2015,#2012,#176,.T.);
#2490=EDGE_CURVE('',#2015,#2014,#177,.T.);
#2491=EDGE_CURVE('',#2015,#1992,#178,.F.);
#2492=EDGE_CURVE('',#2016,#2017,#25,.T.);
#2493=EDGE_CURVE('',#2017,#2018,#179,.T.);
#2494=EDGE_CURVE('',#2018,#2019,#1714,.T.);
#2495=EDGE_CURVE('',#2019,#2020,#180,.T.);
#2496=EDGE_CURVE('',#2020,#2021,#26,.T.);
#2497=EDGE_CURVE('',#2021,#2022,#27,.T.);
#2498=EDGE_CURVE('',#2022,#2023,#28,.T.);
#2499=EDGE_CURVE('',#2023,#2016,#181,.T.);
#2500=EDGE_CURVE('',#2021,#2024,#182,.T.);
#2501=EDGE_CURVE('',#2025,#2024,#183,.T.);
#2502=EDGE_CURVE('',#2025,#2022,#184,.T.);
#2503=EDGE_CURVE('',#2026,#2020,#185,.T.);
#2504=EDGE_CURVE('',#2027,#2026,#186,.T.);
#2505=EDGE_CURVE('',#2028,#2027,#1715,.T.);
#2506=EDGE_CURVE('',#2024,#2028,#1716,.T.);
#2507=EDGE_CURVE('',#2029,#2018,#187,.T.);
#2508=EDGE_CURVE('',#2030,#2029,#188,.T.);
#2509=EDGE_CURVE('',#2031,#2030,#189,.T.);
#2510=EDGE_CURVE('',#2019,#2031,#190,.T.);
#2511=EDGE_CURVE('',#2032,#2032,#1717,.T.);
#2512=EDGE_CURVE('',#2032,#2033,#191,.T.);
#2513=EDGE_CURVE('',#2033,#2033,#1718,.T.);
#2514=EDGE_CURVE('',#2034,#2034,#1719,.T.);
#2515=EDGE_CURVE('',#2034,#2035,#192,.T.);
#2516=EDGE_CURVE('',#2036,#2035,#13,.T.);
#2517=EDGE_CURVE('',#2028,#2036,#14,.T.);
#2518=EDGE_CURVE('',#2035,#2028,#15,.T.);
#2519=EDGE_CURVE('',#2037,#2027,#193,.T.);
#2520=EDGE_CURVE('',#2037,#2036,#1720,.T.);
#2521=EDGE_CURVE('',#2036,#2025,#1721,.T.);
#2522=EDGE_CURVE('',#2038,#2038,#1722,.T.);
#2523=EDGE_CURVE('',#2038,#2039,#194,.T.);
#2524=EDGE_CURVE('',#2039,#2039,#1723,.T.);
#2525=EDGE_CURVE('',#2040,#2040,#1724,.T.);
#2526=EDGE_CURVE('',#2040,#2041,#195,.T.);
#2527=EDGE_CURVE('',#2041,#2041,#1725,.T.);
#2528=EDGE_CURVE('',#2042,#2042,#1726,.T.);
#2529=EDGE_CURVE('',#2042,#2043,#1727,.T.);
#2530=EDGE_CURVE('',#2043,#2044,#1728,.T.);
#2531=EDGE_CURVE('',#2044,#2043,#1729,.T.);
#2532=EDGE_CURVE('',#2044,#2045,#196,.T.);
#2533=EDGE_CURVE('',#2045,#2045,#1730,.T.);
#2534=EDGE_CURVE('',#2016,#2046,#197,.T.);
#2535=EDGE_CURVE('',#2046,#2047,#198,.T.);
#2536=EDGE_CURVE('',#2047,#2048,#199,.T.);
#2537=EDGE_CURVE('',#2048,#2017,#200,.T.);
#2538=EDGE_CURVE('',#2049,#2037,#201,.T.);
#2539=EDGE_CURVE('',#2049,#2023,#202,.T.);
#2540=EDGE_CURVE('',#2049,#2026,#203,.T.);
#2541=EDGE_CURVE('',#2031,#2046,#204,.T.);
#2542=EDGE_CURVE('',#2030,#2047,#205,.T.);
#2543=EDGE_CURVE('',#2029,#2048,#206,.T.);
#2544=EDGE_CURVE('',#2050,#2051,#29,.T.);
#2545=EDGE_CURVE('',#2051,#2052,#207,.T.);
#2546=EDGE_CURVE('',#2052,#2053,#1731,.T.);
#2547=EDGE_CURVE('',#2053,#2054,#208,.T.);
#2548=EDGE_CURVE('',#2054,#2055,#30,.T.);
#2549=EDGE_CURVE('',#2055,#2056,#209,.T.);
#2550=EDGE_CURVE('',#2056,#2057,#31,.T.);
#2551=EDGE_CURVE('',#2057,#2050,#32,.T.);
#2552=EDGE_CURVE('',#2054,#2058,#210,.T.);
#2553=EDGE_CURVE('',#2058,#2059,#211,.T.);
#2554=EDGE_CURVE('',#2059,#2060,#212,.T.);
#2555=EDGE_CURVE('',#2060,#2055,#213,.T.);
#2556=EDGE_CURVE('',#2061,#2061,#1732,.T.);
#2557=EDGE_CURVE('',#2053,#2062,#214,.T.);
#2558=EDGE_CURVE('',#2062,#2058,#215,.T.);
#2559=EDGE_CURVE('',#2063,#2060,#216,.T.);
#2560=EDGE_CURVE('',#2063,#2052,#217,.T.);
#2561=EDGE_CURVE('',#2051,#2064,#218,.T.);
#2562=EDGE_CURVE('',#2064,#2065,#219,.T.);
#2563=EDGE_CURVE('',#2056,#2065,#220,.T.);
#2564=EDGE_CURVE('',#2066,#2063,#221,.T.);
#2565=EDGE_CURVE('',#2062,#2066,#222,.T.);
#2566=EDGE_CURVE('',#2067,#2067,#1733,.T.);
#2567=EDGE_CURVE('',#2067,#2068,#223,.T.);
#2568=EDGE_CURVE('',#2068,#2068,#1734,.T.);
#2569=EDGE_CURVE('',#2069,#2070,#16,.T.);
#2570=EDGE_CURVE('',#2071,#2069,#17,.T.);
#2571=EDGE_CURVE('',#2071,#2072,#224,.T.);
#2572=EDGE_CURVE('',#2072,#2072,#1735,.T.);
#2573=EDGE_CURVE('',#2070,#2071,#18,.T.);
#2574=EDGE_CURVE('',#2073,#2050,#225,.T.);
#2575=EDGE_CURVE('',#2070,#2073,#1736,.T.);
#2576=EDGE_CURVE('',#2074,#2070,#1737,.T.);
#2577=EDGE_CURVE('',#2064,#2074,#226,.T.);
#2578=EDGE_CURVE('',#2075,#2073,#227,.T.);
#2579=EDGE_CURVE('',#2075,#2069,#1738,.T.);
#2580=EDGE_CURVE('',#2069,#2076,#1739,.T.);
#2581=EDGE_CURVE('',#2076,#2074,#228,.T.);
#2582=EDGE_CURVE('',#2077,#2077,#1740,.T.);
#2583=EDGE_CURVE('',#2077,#2078,#229,.T.);
#2584=EDGE_CURVE('',#2078,#2078,#1741,.T.);
#2585=EDGE_CURVE('',#2079,#2079,#1742,.T.);
#2586=EDGE_CURVE('',#2079,#2080,#230,.T.);
#2587=EDGE_CURVE('',#2080,#2080,#1743,.T.);
#2588=EDGE_CURVE('',#2061,#2081,#1744,.T.);
#2589=EDGE_CURVE('',#2081,#2081,#1745,.T.);
#2590=EDGE_CURVE('',#2081,#2082,#231,.T.);
#2591=EDGE_CURVE('',#2082,#2082,#1746,.T.);
#2592=EDGE_CURVE('',#2076,#2065,#232,.T.);
#2593=EDGE_CURVE('',#2057,#2075,#233,.T.);
#2594=EDGE_CURVE('',#2066,#2059,#234,.T.);
#2595=EDGE_CURVE('',#2083,#2084,#33,.T.);
#2596=EDGE_CURVE('',#2084,#2085,#235,.T.);
#2597=EDGE_CURVE('',#2085,#2086,#1747,.T.);
#2598=EDGE_CURVE('',#2086,#2087,#236,.T.);
#2599=EDGE_CURVE('',#2087,#2088,#34,.T.);
#2600=EDGE_CURVE('',#2088,#2089,#237,.T.);
#2601=EDGE_CURVE('',#2089,#2090,#35,.T.);
#2602=EDGE_CURVE('',#2090,#2083,#36,.T.);
#2603=EDGE_CURVE('',#2091,#2083,#238,.T.);
#2604=EDGE_CURVE('',#2092,#2091,#1748,.T.);
#2605=EDGE_CURVE('',#2093,#2092,#1749,.T.);
#2606=EDGE_CURVE('',#2094,#2093,#239,.T.);
#2607=EDGE_CURVE('',#2084,#2094,#240,.T.);
#2608=EDGE_CURVE('',#2090,#2095,#241,.T.);
#2609=EDGE_CURVE('',#2095,#2091,#242,.T.);
#2610=EDGE_CURVE('',#2094,#2096,#243,.T.);
#2611=EDGE_CURVE('',#2089,#2096,#244,.T.);
#2612=EDGE_CURVE('',#2097,#2088,#245,.T.);
#2613=EDGE_CURVE('',#2098,#2097,#246,.T.);
#2614=EDGE_CURVE('',#2098,#2085,#247,.T.);
#2615=EDGE_CURVE('',#2099,#2096,#248,.T.);
#2616=EDGE_CURVE('',#2100,#2099,#1750,.T.);
#2617=EDGE_CURVE('',#2095,#2100,#1751,.T.);
#2618=EDGE_CURVE('',#2101,#2101,#1752,.T.);
#2619=EDGE_CURVE('',#2101,#2102,#249,.T.);
#2620=EDGE_CURVE('',#2102,#2102,#1753,.T.);
#2621=EDGE_CURVE('',#2103,#2103,#1754,.T.);
#2622=EDGE_CURVE('',#2103,#2104,#250,.T.);
#2623=EDGE_CURVE('',#2100,#2104,#19,.T.);
#2624=EDGE_CURVE('',#2092,#2100,#20,.T.);
#2625=EDGE_CURVE('',#2104,#2092,#21,.T.);
#2626=EDGE_CURVE('',#2099,#2093,#251,.T.);
#2627=EDGE_CURVE('',#2105,#2105,#1755,.T.);
#2628=EDGE_CURVE('',#2105,#2106,#252,.T.);
#2629=EDGE_CURVE('',#2106,#2106,#1756,.T.);
#2630=EDGE_CURVE('',#2107,#2107,#1757,.T.);
#2631=EDGE_CURVE('',#2107,#2108,#253,.T.);
#2632=EDGE_CURVE('',#2108,#2108,#1758,.T.);
#2633=EDGE_CURVE('',#2109,#2109,#1759,.T.);
#2634=EDGE_CURVE('',#2109,#2110,#1760,.T.);
#2635=EDGE_CURVE('',#2110,#2111,#1761,.T.);
#2636=EDGE_CURVE('',#2111,#2110,#1762,.T.);
#2637=EDGE_CURVE('',#2111,#2112,#254,.T.);
#2638=EDGE_CURVE('',#2112,#2112,#1763,.T.);
#2639=EDGE_CURVE('',#2087,#2113,#255,.T.);
#2640=EDGE_CURVE('',#2113,#2114,#256,.T.);
#2641=EDGE_CURVE('',#2114,#2097,#257,.T.);
#2642=EDGE_CURVE('',#2115,#2098,#258,.T.);
#2643=EDGE_CURVE('',#2116,#2115,#259,.T.);
#2644=EDGE_CURVE('',#2086,#2116,#260,.T.);
#2645=EDGE_CURVE('',#2115,#2114,#261,.T.);
#2646=EDGE_CURVE('',#2116,#2113,#262,.T.);
#2647=EDGE_CURVE('',#2117,#2118,#37,.T.);
#2648=EDGE_CURVE('',#2118,#2119,#263,.T.);
#2649=EDGE_CURVE('',#2119,#2120,#1764,.T.);
#2650=EDGE_CURVE('',#2120,#2121,#264,.T.);
#2651=EDGE_CURVE('',#2121,#2122,#38,.T.);
#2652=EDGE_CURVE('',#2122,#2123,#39,.T.);
#2653=EDGE_CURVE('',#2123,#2124,#40,.T.);
#2654=EDGE_CURVE('',#2124,#2117,#265,.T.);
#2655=EDGE_CURVE('',#2125,#2118,#266,.T.);
#2656=EDGE_CURVE('',#2126,#2125,#267,.T.);
#2657=EDGE_CURVE('',#2126,#2119,#268,.T.);
#2658=EDGE_CURVE('',#2117,#2127,#269,.T.);
#2659=EDGE_CURVE('',#2127,#2128,#270,.T.);
#2660=EDGE_CURVE('',#2128,#2125,#271,.T.);
#2661=EDGE_CURVE('',#2129,#2129,#1765,.T.);
#2662=EDGE_CURVE('',#2130,#2123,#272,.T.);
#2663=EDGE_CURVE('',#2131,#2130,#1766,.T.);
#2664=EDGE_CURVE('',#2132,#2131,#1767,.T.);
#2665=EDGE_CURVE('',#2133,#2132,#273,.T.);
#2666=EDGE_CURVE('',#2133,#2124,#274,.T.);
#2667=EDGE_CURVE('',#2134,#2134,#1768,.T.);
#2668=EDGE_CURVE('',#2134,#2135,#275,.T.);
#2669=EDGE_CURVE('',#2135,#2135,#1769,.T.);
#2670=EDGE_CURVE('',#2131,#2136,#22,.T.);
#2671=EDGE_CURVE('',#2137,#2131,#23,.T.);
#2672=EDGE_CURVE('',#2137,#2138,#276,.T.);
#2673=EDGE_CURVE('',#2138,#2138,#1770,.T.);
#2674=EDGE_CURVE('',#2136,#2137,#24,.T.);
#2675=EDGE_CURVE('',#2139,#2121,#277,.T.);
#2676=EDGE_CURVE('',#2140,#2139,#278,.T.);
#2677=EDGE_CURVE('',#2136,#2140,#1771,.T.);
#2678=EDGE_CURVE('',#2141,#2136,#1772,.T.);
#2679=EDGE_CURVE('',#2122,#2141,#279,.T.);
#2680=EDGE_CURVE('',#2132,#2140,#280,.T.);
#2681=EDGE_CURVE('',#2130,#2141,#281,.T.);
#2682=EDGE_CURVE('',#2142,#2142,#1773,.T.);
#2683=EDGE_CURVE('',#2142,#2143,#282,.T.);
#2684=EDGE_CURVE('',#2143,#2143,#1774,.T.);
#2685=EDGE_CURVE('',#2144,#2144,#1775,.T.);
#2686=EDGE_CURVE('',#2144,#2145,#283,.T.);
#2687=EDGE_CURVE('',#2145,#2145,#1776,.T.);
#2688=EDGE_CURVE('',#2129,#2146,#1777,.T.);
#2689=EDGE_CURVE('',#2146,#2146,#1778,.T.);
#2690=EDGE_CURVE('',#2146,#2147,#284,.T.);
#2691=EDGE_CURVE('',#2147,#2147,#1779,.T.);
#2692=EDGE_CURVE('',#2133,#2139,#285,.T.);
#2693=EDGE_CURVE('',#2120,#2148,#286,.T.);
#2694=EDGE_CURVE('',#2148,#2127,#287,.T.);
#2695=EDGE_CURVE('',#2149,#2126,#288,.T.);
#2696=EDGE_CURVE('',#2148,#2149,#289,.T.);
#2697=EDGE_CURVE('',#2149,#2128,#290,.T.);
#2698=EDGE_CURVE('',#2150,#2150,#1780,.T.);
#2699=EDGE_CURVE('',#2150,#2151,#291,.T.);
#2700=EDGE_CURVE('',#2151,#2151,#1781,.T.);
#2701=EDGE_CURVE('',#2152,#2152,#1782,.T.);
#2702=EDGE_CURVE('',#2152,#2153,#292,.T.);
#2703=EDGE_CURVE('',#2153,#2153,#1783,.T.);
#2704=EDGE_CURVE('',#2154,#2154,#1784,.T.);
#2705=EDGE_CURVE('',#2154,#2155,#293,.T.);
#2706=EDGE_CURVE('',#2155,#2155,#1785,.T.);
#2707=EDGE_CURVE('',#2156,#2156,#1786,.T.);
#2708=EDGE_CURVE('',#2156,#2157,#294,.T.);
#2709=EDGE_CURVE('',#2157,#2157,#1787,.T.);
#2710=EDGE_CURVE('',#2158,#2158,#1788,.T.);
#2711=EDGE_CURVE('',#2158,#2159,#295,.T.);
#2712=EDGE_CURVE('',#2159,#2159,#1789,.T.);
#2713=EDGE_CURVE('',#2160,#2160,#1790,.T.);
#2714=EDGE_CURVE('',#2160,#2161,#296,.T.);
#2715=EDGE_CURVE('',#2161,#2161,#1791,.T.);
#2716=EDGE_CURVE('',#2162,#2162,#1792,.T.);
#2717=EDGE_CURVE('',#2162,#2163,#297,.T.);
#2718=EDGE_CURVE('',#2163,#2163,#1793,.T.);
#2719=EDGE_CURVE('',#2164,#2164,#1794,.T.);
#2720=EDGE_CURVE('',#2164,#2165,#298,.T.);
#2721=EDGE_CURVE('',#2165,#2165,#1795,.T.);
#2722=EDGE_CURVE('',#2166,#2166,#1796,.T.);
#2723=EDGE_CURVE('',#2166,#2167,#299,.T.);
#2724=EDGE_CURVE('',#2167,#2167,#1797,.T.);
#2725=EDGE_CURVE('',#2168,#2168,#1798,.T.);
#2726=EDGE_CURVE('',#2168,#2169,#300,.T.);
#2727=EDGE_CURVE('',#2169,#2169,#1799,.T.);
#2728=EDGE_CURVE('',#2170,#2170,#1800,.T.);
#2729=EDGE_CURVE('',#2170,#2171,#301,.T.);
#2730=EDGE_CURVE('',#2171,#2171,#1801,.T.);
#2731=EDGE_CURVE('',#2172,#2172,#1802,.T.);
#2732=EDGE_CURVE('',#2172,#2173,#302,.T.);
#2733=EDGE_CURVE('',#2173,#2173,#1803,.T.);
#2734=EDGE_CURVE('',#2174,#2174,#1804,.T.);
#2735=EDGE_CURVE('',#2174,#2175,#303,.T.);
#2736=EDGE_CURVE('',#2175,#2175,#1805,.T.);
#2737=EDGE_CURVE('',#2176,#2176,#1806,.T.);
#2738=EDGE_CURVE('',#2176,#2177,#304,.T.);
#2739=EDGE_CURVE('',#2177,#2177,#1807,.T.);
#2740=EDGE_CURVE('',#2178,#2178,#1808,.T.);
#2741=EDGE_CURVE('',#2178,#2179,#305,.T.);
#2742=EDGE_CURVE('',#2179,#2179,#1809,.T.);
#2743=EDGE_CURVE('',#2180,#2180,#1810,.T.);
#2744=EDGE_CURVE('',#2180,#2181,#306,.T.);
#2745=EDGE_CURVE('',#2181,#2181,#1811,.T.);
#2746=EDGE_CURVE('',#2182,#2183,#1812,.T.);
#2747=EDGE_CURVE('',#2184,#2182,#307,.F.);
#2748=EDGE_CURVE('',#2185,#2184,#1813,.T.);
#2749=EDGE_CURVE('',#2186,#2185,#308,.F.);
#2750=EDGE_CURVE('',#2187,#2186,#1814,.T.);
#2751=EDGE_CURVE('',#2188,#2187,#309,.F.);
#2752=EDGE_CURVE('',#2189,#2188,#1815,.T.);
#2753=EDGE_CURVE('',#2183,#2189,#310,.F.);
#2754=EDGE_CURVE('',#2190,#2190,#1816,.T.);
#2755=EDGE_CURVE('',#2191,#2191,#1817,.T.);
#2756=EDGE_CURVE('',#2192,#2192,#1818,.T.);
#2757=EDGE_CURVE('',#2193,#2193,#1819,.T.);
#2758=EDGE_CURVE('',#2193,#2194,#311,.T.);
#2759=EDGE_CURVE('',#2194,#2194,#1820,.T.);
#2760=EDGE_CURVE('',#2195,#2195,#1821,.T.);
#2761=EDGE_CURVE('',#2195,#2192,#312,.T.);
#2762=EDGE_CURVE('',#2196,#2196,#1822,.T.);
#2763=EDGE_CURVE('',#2196,#2197,#313,.T.);
#2764=EDGE_CURVE('',#2197,#2197,#1823,.T.);
#2765=EDGE_CURVE('',#2198,#2198,#1824,.T.);
#2766=EDGE_CURVE('',#2198,#2190,#314,.T.);
#2767=EDGE_CURVE('',#2199,#2199,#1825,.T.);
#2768=EDGE_CURVE('',#2199,#2200,#315,.T.);
#2769=EDGE_CURVE('',#2200,#2200,#1826,.T.);
#2770=EDGE_CURVE('',#2201,#2201,#1827,.T.);
#2771=EDGE_CURVE('',#2201,#2191,#316,.T.);
#2772=EDGE_CURVE('',#2202,#2203,#1828,.T.);
#2773=EDGE_CURVE('',#2203,#2182,#317,.T.);
#2774=EDGE_CURVE('',#2183,#2202,#318,.T.);
#2775=EDGE_CURVE('',#2204,#2189,#319,.T.);
#2776=EDGE_CURVE('',#2202,#2204,#320,.F.);
#2777=EDGE_CURVE('',#2205,#2206,#1829,.T.);
#2778=EDGE_CURVE('',#2206,#2185,#321,.T.);
#2779=EDGE_CURVE('',#2184,#2205,#322,.T.);
#2780=EDGE_CURVE('',#2207,#2206,#323,.F.);
#2781=EDGE_CURVE('',#2186,#2207,#324,.T.);
#2782=EDGE_CURVE('',#2207,#2208,#1830,.T.);
#2783=EDGE_CURVE('',#2208,#2187,#325,.T.);
#2784=EDGE_CURVE('',#2188,#2209,#326,.T.);
#2785=EDGE_CURVE('',#2209,#2204,#1831,.T.);
#2786=EDGE_CURVE('',#2205,#2203,#327,.F.);
#2787=EDGE_CURVE('',#2209,#2208,#328,.F.);
#2788=ORIENTED_EDGE('',*,*,#2210,.T.);
#2789=ORIENTED_EDGE('',*,*,#2211,.T.);
#2790=ORIENTED_EDGE('',*,*,#2212,.T.);
#2791=ORIENTED_EDGE('',*,*,#2211,.F.);
#2792=ORIENTED_EDGE('',*,*,#2213,.T.);
#2793=ORIENTED_EDGE('',*,*,#2214,.F.);
#2794=ORIENTED_EDGE('',*,*,#2212,.F.);
#2795=ORIENTED_EDGE('',*,*,#2210,.F.);
#2796=ORIENTED_EDGE('',*,*,#2215,.T.);
#2797=ORIENTED_EDGE('',*,*,#2216,.F.);
#2798=ORIENTED_EDGE('',*,*,#2215,.F.);
#2799=ORIENTED_EDGE('',*,*,#2213,.F.);
#2800=ORIENTED_EDGE('',*,*,#2217,.T.);
#2801=ORIENTED_EDGE('',*,*,#2218,.T.);
#2802=ORIENTED_EDGE('',*,*,#2219,.T.);
#2803=ORIENTED_EDGE('',*,*,#2218,.F.);
#2804=ORIENTED_EDGE('',*,*,#2220,.T.);
#2805=ORIENTED_EDGE('',*,*,#2221,.F.);
#2806=ORIENTED_EDGE('',*,*,#2219,.F.);
#2807=ORIENTED_EDGE('',*,*,#2217,.F.);
#2808=ORIENTED_EDGE('',*,*,#2222,.T.);
#2809=ORIENTED_EDGE('',*,*,#2223,.F.);
#2810=ORIENTED_EDGE('',*,*,#2222,.F.);
#2811=ORIENTED_EDGE('',*,*,#2220,.F.);
#2812=ORIENTED_EDGE('',*,*,#2224,.T.);
#2813=ORIENTED_EDGE('',*,*,#2225,.T.);
#2814=ORIENTED_EDGE('',*,*,#2226,.T.);
#2815=ORIENTED_EDGE('',*,*,#2225,.F.);
#2816=ORIENTED_EDGE('',*,*,#2227,.T.);
#2817=ORIENTED_EDGE('',*,*,#2228,.F.);
#2818=ORIENTED_EDGE('',*,*,#2226,.F.);
#2819=ORIENTED_EDGE('',*,*,#2224,.F.);
#2820=ORIENTED_EDGE('',*,*,#2229,.T.);
#2821=ORIENTED_EDGE('',*,*,#2230,.F.);
#2822=ORIENTED_EDGE('',*,*,#2229,.F.);
#2823=ORIENTED_EDGE('',*,*,#2227,.F.);
#2824=ORIENTED_EDGE('',*,*,#2231,.T.);
#2825=ORIENTED_EDGE('',*,*,#2232,.T.);
#2826=ORIENTED_EDGE('',*,*,#2233,.T.);
#2827=ORIENTED_EDGE('',*,*,#2232,.F.);
#2828=ORIENTED_EDGE('',*,*,#2234,.T.);
#2829=ORIENTED_EDGE('',*,*,#2235,.F.);
#2830=ORIENTED_EDGE('',*,*,#2233,.F.);
#2831=ORIENTED_EDGE('',*,*,#2231,.F.);
#2832=ORIENTED_EDGE('',*,*,#2236,.T.);
#2833=ORIENTED_EDGE('',*,*,#2237,.F.);
#2834=ORIENTED_EDGE('',*,*,#2236,.F.);
#2835=ORIENTED_EDGE('',*,*,#2234,.F.);
#2836=ORIENTED_EDGE('',*,*,#2238,.T.);
#2837=ORIENTED_EDGE('',*,*,#2239,.T.);
#2838=ORIENTED_EDGE('',*,*,#2240,.T.);
#2839=ORIENTED_EDGE('',*,*,#2239,.F.);
#2840=ORIENTED_EDGE('',*,*,#2241,.F.);
#2841=ORIENTED_EDGE('',*,*,#2242,.T.);
#2842=ORIENTED_EDGE('',*,*,#2243,.F.);
#2843=ORIENTED_EDGE('',*,*,#2244,.T.);
#2844=ORIENTED_EDGE('',*,*,#2245,.F.);
#2845=ORIENTED_EDGE('',*,*,#2246,.T.);
#2846=ORIENTED_EDGE('',*,*,#2247,.F.);
#2847=ORIENTED_EDGE('',*,*,#2248,.T.);
#2848=ORIENTED_EDGE('',*,*,#2249,.F.);
#2849=ORIENTED_EDGE('',*,*,#2250,.F.);
#2850=ORIENTED_EDGE('',*,*,#2251,.F.);
#2851=ORIENTED_EDGE('',*,*,#2238,.F.);
#2852=ORIENTED_EDGE('',*,*,#2240,.F.);
#2853=ORIENTED_EDGE('',*,*,#2252,.T.);
#2854=ORIENTED_EDGE('',*,*,#2253,.T.);
#2855=ORIENTED_EDGE('',*,*,#2252,.F.);
#2856=ORIENTED_EDGE('',*,*,#2249,.T.);
#2857=ORIENTED_EDGE('',*,*,#2254,.T.);
#2858=ORIENTED_EDGE('',*,*,#2255,.T.);
#2859=ORIENTED_EDGE('',*,*,#2254,.F.);
#2860=ORIENTED_EDGE('',*,*,#2255,.F.);
#2861=ORIENTED_EDGE('',*,*,#2256,.T.);
#2862=ORIENTED_EDGE('',*,*,#2257,.T.);
#2863=ORIENTED_EDGE('',*,*,#2256,.F.);
#2864=ORIENTED_EDGE('',*,*,#2251,.T.);
#2865=ORIENTED_EDGE('',*,*,#2258,.T.);
#2866=ORIENTED_EDGE('',*,*,#2259,.T.);
#2867=ORIENTED_EDGE('',*,*,#2258,.F.);
#2868=ORIENTED_EDGE('',*,*,#2259,.F.);
#2869=ORIENTED_EDGE('',*,*,#2260,.T.);
#2870=ORIENTED_EDGE('',*,*,#2261,.T.);
#2871=ORIENTED_EDGE('',*,*,#2260,.F.);
#2872=ORIENTED_EDGE('',*,*,#2250,.T.);
#2873=ORIENTED_EDGE('',*,*,#2262,.T.);
#2874=ORIENTED_EDGE('',*,*,#2263,.T.);
#2875=ORIENTED_EDGE('',*,*,#2262,.F.);
#2876=ORIENTED_EDGE('',*,*,#2263,.F.);
#2877=ORIENTED_EDGE('',*,*,#2264,.T.);
#2878=ORIENTED_EDGE('',*,*,#2265,.T.);
#2879=ORIENTED_EDGE('',*,*,#2264,.F.);
#2880=ORIENTED_EDGE('',*,*,#2221,.T.);
#2881=ORIENTED_EDGE('',*,*,#2266,.T.);
#2882=ORIENTED_EDGE('',*,*,#2267,.T.);
#2883=ORIENTED_EDGE('',*,*,#2266,.F.);
#2884=ORIENTED_EDGE('',*,*,#2257,.F.);
#2885=ORIENTED_EDGE('',*,*,#2267,.F.);
#2886=ORIENTED_EDGE('',*,*,#2214,.T.);
#2887=ORIENTED_EDGE('',*,*,#2268,.T.);
#2888=ORIENTED_EDGE('',*,*,#2269,.T.);
#2889=ORIENTED_EDGE('',*,*,#2268,.F.);
#2890=ORIENTED_EDGE('',*,*,#2261,.F.);
#2891=ORIENTED_EDGE('',*,*,#2269,.F.);
#2892=ORIENTED_EDGE('',*,*,#2228,.T.);
#2893=ORIENTED_EDGE('',*,*,#2270,.T.);
#2894=ORIENTED_EDGE('',*,*,#2271,.T.);
#2895=ORIENTED_EDGE('',*,*,#2270,.F.);
#2896=ORIENTED_EDGE('',*,*,#2253,.F.);
#2897=ORIENTED_EDGE('',*,*,#2271,.F.);
#2898=ORIENTED_EDGE('',*,*,#2235,.T.);
#2899=ORIENTED_EDGE('',*,*,#2272,.T.);
#2900=ORIENTED_EDGE('',*,*,#2273,.T.);
#2901=ORIENTED_EDGE('',*,*,#2272,.F.);
#2902=ORIENTED_EDGE('',*,*,#2265,.F.);
#2903=ORIENTED_EDGE('',*,*,#2273,.F.);
#2904=ORIENTED_EDGE('',*,*,#2274,.T.);
#2905=ORIENTED_EDGE('',*,*,#2275,.T.);
#2906=ORIENTED_EDGE('',*,*,#2241,.T.);
#2907=ORIENTED_EDGE('',*,*,#2276,.T.);
#2908=ORIENTED_EDGE('',*,*,#2274,.F.);
#2909=ORIENTED_EDGE('',*,*,#2277,.T.);
#2910=ORIENTED_EDGE('',*,*,#2278,.F.);
#2911=ORIENTED_EDGE('',*,*,#2279,.T.);
#2912=ORIENTED_EDGE('',*,*,#2280,.F.);
#2913=ORIENTED_EDGE('',*,*,#2281,.T.);
#2914=ORIENTED_EDGE('',*,*,#2282,.F.);
#2915=ORIENTED_EDGE('',*,*,#2283,.T.);
#2916=ORIENTED_EDGE('',*,*,#2230,.T.);
#2917=ORIENTED_EDGE('',*,*,#2223,.T.);
#2918=ORIENTED_EDGE('',*,*,#2237,.T.);
#2919=ORIENTED_EDGE('',*,*,#2216,.T.);
#2920=ORIENTED_EDGE('',*,*,#2276,.F.);
#2921=ORIENTED_EDGE('',*,*,#2248,.F.);
#2922=ORIENTED_EDGE('',*,*,#2284,.F.);
#2923=ORIENTED_EDGE('',*,*,#2277,.F.);
#2924=ORIENTED_EDGE('',*,*,#2278,.T.);
#2925=ORIENTED_EDGE('',*,*,#2284,.T.);
#2926=ORIENTED_EDGE('',*,*,#2247,.T.);
#2927=ORIENTED_EDGE('',*,*,#2285,.T.);
#2928=ORIENTED_EDGE('',*,*,#2280,.T.);
#2929=ORIENTED_EDGE('',*,*,#2286,.T.);
#2930=ORIENTED_EDGE('',*,*,#2245,.T.);
#2931=ORIENTED_EDGE('',*,*,#2287,.T.);
#2932=ORIENTED_EDGE('',*,*,#2287,.F.);
#2933=ORIENTED_EDGE('',*,*,#2244,.F.);
#2934=ORIENTED_EDGE('',*,*,#2288,.F.);
#2935=ORIENTED_EDGE('',*,*,#2281,.F.);
#2936=ORIENTED_EDGE('',*,*,#2282,.T.);
#2937=ORIENTED_EDGE('',*,*,#2288,.T.);
#2938=ORIENTED_EDGE('',*,*,#2243,.T.);
#2939=ORIENTED_EDGE('',*,*,#2289,.T.);
#2940=ORIENTED_EDGE('',*,*,#2275,.F.);
#2941=ORIENTED_EDGE('',*,*,#2283,.F.);
#2942=ORIENTED_EDGE('',*,*,#2289,.F.);
#2943=ORIENTED_EDGE('',*,*,#2242,.F.);
#2944=ORIENTED_EDGE('',*,*,#2285,.F.);
#2945=ORIENTED_EDGE('',*,*,#2246,.F.);
#2946=ORIENTED_EDGE('',*,*,#2286,.F.);
#2947=ORIENTED_EDGE('',*,*,#2279,.F.);
#2948=ORIENTED_EDGE('',*,*,#2290,.T.);
#2949=ORIENTED_EDGE('',*,*,#2291,.T.);
#2950=ORIENTED_EDGE('',*,*,#2292,.T.);
#2951=ORIENTED_EDGE('',*,*,#2293,.T.);
#2952=ORIENTED_EDGE('',*,*,#2291,.F.);
#2953=ORIENTED_EDGE('',*,*,#2294,.T.);
#2954=ORIENTED_EDGE('',*,*,#2295,.F.);
#2955=ORIENTED_EDGE('',*,*,#2296,.T.);
#2956=ORIENTED_EDGE('',*,*,#2297,.F.);
#2957=ORIENTED_EDGE('',*,*,#2298,.T.);
#2958=ORIENTED_EDGE('',*,*,#2299,.F.);
#2959=ORIENTED_EDGE('',*,*,#2300,.T.);
#2960=ORIENTED_EDGE('',*,*,#2301,.F.);
#2961=ORIENTED_EDGE('',*,*,#2302,.F.);
#2962=ORIENTED_EDGE('',*,*,#2303,.F.);
#2963=ORIENTED_EDGE('',*,*,#2304,.F.);
#2964=ORIENTED_EDGE('',*,*,#2305,.F.);
#2965=ORIENTED_EDGE('',*,*,#2306,.F.);
#2966=ORIENTED_EDGE('',*,*,#2307,.F.);
#2967=ORIENTED_EDGE('',*,*,#2308,.F.);
#2968=ORIENTED_EDGE('',*,*,#2309,.F.);
#2969=ORIENTED_EDGE('',*,*,#2310,.F.);
#2970=ORIENTED_EDGE('',*,*,#2290,.F.);
#2971=ORIENTED_EDGE('',*,*,#2302,.T.);
#2972=ORIENTED_EDGE('',*,*,#2311,.T.);
#2973=ORIENTED_EDGE('',*,*,#2312,.T.);
#2974=ORIENTED_EDGE('',*,*,#2313,.T.);
#2975=ORIENTED_EDGE('',*,*,#2311,.F.);
#2976=ORIENTED_EDGE('',*,*,#2314,.T.);
#2977=ORIENTED_EDGE('',*,*,#2315,.T.);
#2978=ORIENTED_EDGE('',*,*,#2316,.T.);
#2979=ORIENTED_EDGE('',*,*,#2292,.F.);
#2980=ORIENTED_EDGE('',*,*,#2293,.F.);
#2981=ORIENTED_EDGE('',*,*,#2316,.F.);
#2982=ORIENTED_EDGE('',*,*,#2314,.F.);
#2983=ORIENTED_EDGE('',*,*,#2315,.F.);
#2984=ORIENTED_EDGE('',*,*,#2317,.T.);
#2985=ORIENTED_EDGE('',*,*,#2318,.F.);
#2986=ORIENTED_EDGE('',*,*,#2317,.F.);
#2987=ORIENTED_EDGE('',*,*,#2319,.T.);
#2988=ORIENTED_EDGE('',*,*,#2320,.T.);
#2989=ORIENTED_EDGE('',*,*,#2321,.T.);
#2990=ORIENTED_EDGE('',*,*,#2312,.F.);
#2991=ORIENTED_EDGE('',*,*,#2313,.F.);
#2992=ORIENTED_EDGE('',*,*,#2321,.F.);
#2993=ORIENTED_EDGE('',*,*,#2319,.F.);
#2994=ORIENTED_EDGE('',*,*,#2320,.F.);
#2995=ORIENTED_EDGE('',*,*,#2322,.T.);
#2996=ORIENTED_EDGE('',*,*,#2323,.F.);
#2997=ORIENTED_EDGE('',*,*,#2322,.F.);
#2998=ORIENTED_EDGE('',*,*,#2324,.T.);
#2999=ORIENTED_EDGE('',*,*,#2325,.F.);
#3000=ORIENTED_EDGE('',*,*,#2326,.F.);
#3001=ORIENTED_EDGE('',*,*,#2327,.F.);
#3002=ORIENTED_EDGE('',*,*,#2328,.T.);
#3003=ORIENTED_EDGE('',*,*,#2329,.F.);
#3004=ORIENTED_EDGE('',*,*,#2330,.F.);
#3005=ORIENTED_EDGE('',*,*,#2331,.F.);
#3006=ORIENTED_EDGE('',*,*,#2329,.T.);
#3007=ORIENTED_EDGE('',*,*,#2332,.T.);
#3008=ORIENTED_EDGE('',*,*,#2327,.T.);
#3009=ORIENTED_EDGE('',*,*,#2333,.T.);
#3010=ORIENTED_EDGE('',*,*,#2300,.F.);
#3011=ORIENTED_EDGE('',*,*,#2334,.T.);
#3012=ORIENTED_EDGE('',*,*,#2330,.T.);
#3013=ORIENTED_EDGE('',*,*,#2335,.T.);
#3014=ORIENTED_EDGE('',*,*,#2336,.T.);
#3015=ORIENTED_EDGE('',*,*,#2337,.F.);
#3016=ORIENTED_EDGE('',*,*,#2338,.F.);
#3017=ORIENTED_EDGE('',*,*,#2339,.F.);
#3018=ORIENTED_EDGE('',*,*,#2325,.T.);
#3019=ORIENTED_EDGE('',*,*,#2340,.T.);
#3020=ORIENTED_EDGE('',*,*,#2339,.T.);
#3021=ORIENTED_EDGE('',*,*,#2341,.T.);
#3022=ORIENTED_EDGE('',*,*,#2342,.T.);
#3023=ORIENTED_EDGE('',*,*,#2343,.F.);
#3024=ORIENTED_EDGE('',*,*,#2344,.F.);
#3025=ORIENTED_EDGE('',*,*,#2345,.F.);
#3026=ORIENTED_EDGE('',*,*,#2337,.T.);
#3027=ORIENTED_EDGE('',*,*,#2346,.T.);
#3028=ORIENTED_EDGE('',*,*,#2345,.T.);
#3029=ORIENTED_EDGE('',*,*,#2347,.T.);
#3030=ORIENTED_EDGE('',*,*,#2343,.T.);
#3031=ORIENTED_EDGE('',*,*,#2348,.T.);
#3032=ORIENTED_EDGE('',*,*,#2331,.T.);
#3033=ORIENTED_EDGE('',*,*,#2349,.T.);
#3034=ORIENTED_EDGE('',*,*,#2298,.F.);
#3035=ORIENTED_EDGE('',*,*,#2350,.T.);
#3036=ORIENTED_EDGE('',*,*,#2344,.T.);
#3037=ORIENTED_EDGE('',*,*,#2351,.T.);
#3038=ORIENTED_EDGE('',*,*,#2296,.F.);
#3039=ORIENTED_EDGE('',*,*,#2352,.T.);
#3040=ORIENTED_EDGE('',*,*,#2338,.T.);
#3041=ORIENTED_EDGE('',*,*,#2353,.T.);
#3042=ORIENTED_EDGE('',*,*,#2294,.F.);
#3043=ORIENTED_EDGE('',*,*,#2354,.T.);
#3044=ORIENTED_EDGE('',*,*,#2326,.T.);
#3045=ORIENTED_EDGE('',*,*,#2355,.T.);
#3046=ORIENTED_EDGE('',*,*,#2356,.T.);
#3047=ORIENTED_EDGE('',*,*,#2357,.F.);
#3048=ORIENTED_EDGE('',*,*,#2358,.T.);
#3049=ORIENTED_EDGE('',*,*,#2359,.T.);
#3050=ORIENTED_EDGE('',*,*,#2360,.F.);
#3051=ORIENTED_EDGE('',*,*,#2361,.F.);
#3052=ORIENTED_EDGE('',*,*,#2324,.F.);
#3053=ORIENTED_EDGE('',*,*,#2332,.F.);
#3054=ORIENTED_EDGE('',*,*,#2328,.F.);
#3055=ORIENTED_EDGE('',*,*,#2348,.F.);
#3056=ORIENTED_EDGE('',*,*,#2342,.F.);
#3057=ORIENTED_EDGE('',*,*,#2346,.F.);
#3058=ORIENTED_EDGE('',*,*,#2336,.F.);
#3059=ORIENTED_EDGE('',*,*,#2340,.F.);
#3060=ORIENTED_EDGE('',*,*,#2355,.F.);
#3061=ORIENTED_EDGE('',*,*,#2341,.F.);
#3062=ORIENTED_EDGE('',*,*,#2352,.F.);
#3063=ORIENTED_EDGE('',*,*,#2295,.T.);
#3064=ORIENTED_EDGE('',*,*,#2353,.F.);
#3065=ORIENTED_EDGE('',*,*,#2347,.F.);
#3066=ORIENTED_EDGE('',*,*,#2350,.F.);
#3067=ORIENTED_EDGE('',*,*,#2297,.T.);
#3068=ORIENTED_EDGE('',*,*,#2303,.T.);
#3069=ORIENTED_EDGE('',*,*,#2362,.T.);
#3070=ORIENTED_EDGE('',*,*,#2363,.T.);
#3071=ORIENTED_EDGE('',*,*,#2364,.T.);
#3072=ORIENTED_EDGE('',*,*,#2362,.F.);
#3073=ORIENTED_EDGE('',*,*,#2310,.T.);
#3074=ORIENTED_EDGE('',*,*,#2365,.F.);
#3075=ORIENTED_EDGE('',*,*,#2366,.F.);
#3076=ORIENTED_EDGE('',*,*,#2309,.T.);
#3077=ORIENTED_EDGE('',*,*,#2367,.T.);
#3078=ORIENTED_EDGE('',*,*,#2368,.T.);
#3079=ORIENTED_EDGE('',*,*,#2365,.T.);
#3080=ORIENTED_EDGE('',*,*,#2367,.F.);
#3081=ORIENTED_EDGE('',*,*,#2308,.T.);
#3082=ORIENTED_EDGE('',*,*,#2369,.F.);
#3083=ORIENTED_EDGE('',*,*,#2370,.F.);
#3084=ORIENTED_EDGE('',*,*,#2307,.T.);
#3085=ORIENTED_EDGE('',*,*,#2371,.T.);
#3086=ORIENTED_EDGE('',*,*,#2372,.T.);
#3087=ORIENTED_EDGE('',*,*,#2369,.T.);
#3088=ORIENTED_EDGE('',*,*,#2371,.F.);
#3089=ORIENTED_EDGE('',*,*,#2306,.T.);
#3090=ORIENTED_EDGE('',*,*,#2373,.F.);
#3091=ORIENTED_EDGE('',*,*,#2374,.F.);
#3092=ORIENTED_EDGE('',*,*,#2305,.T.);
#3093=ORIENTED_EDGE('',*,*,#2375,.T.);
#3094=ORIENTED_EDGE('',*,*,#2376,.T.);
#3095=ORIENTED_EDGE('',*,*,#2373,.T.);
#3096=ORIENTED_EDGE('',*,*,#2364,.F.);
#3097=ORIENTED_EDGE('',*,*,#2377,.F.);
#3098=ORIENTED_EDGE('',*,*,#2375,.F.);
#3099=ORIENTED_EDGE('',*,*,#2304,.T.);
#3100=ORIENTED_EDGE('',*,*,#2354,.F.);
#3101=ORIENTED_EDGE('',*,*,#2301,.T.);
#3102=ORIENTED_EDGE('',*,*,#2335,.F.);
#3103=ORIENTED_EDGE('',*,*,#2333,.F.);
#3104=ORIENTED_EDGE('',*,*,#2334,.F.);
#3105=ORIENTED_EDGE('',*,*,#2299,.T.);
#3106=ORIENTED_EDGE('',*,*,#2351,.F.);
#3107=ORIENTED_EDGE('',*,*,#2349,.F.);
#3108=ORIENTED_EDGE('',*,*,#2360,.T.);
#3109=ORIENTED_EDGE('',*,*,#2378,.T.);
#3110=ORIENTED_EDGE('',*,*,#2379,.T.);
#3111=ORIENTED_EDGE('',*,*,#2378,.F.);
#3112=ORIENTED_EDGE('',*,*,#2361,.T.);
#3113=ORIENTED_EDGE('',*,*,#2380,.T.);
#3114=ORIENTED_EDGE('',*,*,#2381,.T.);
#3115=ORIENTED_EDGE('',*,*,#2380,.F.);
#3116=ORIENTED_EDGE('',*,*,#2381,.F.);
#3117=ORIENTED_EDGE('',*,*,#2382,.F.);
#3118=ORIENTED_EDGE('',*,*,#2379,.F.);
#3119=ORIENTED_EDGE('',*,*,#2383,.F.);
#3120=ORIENTED_EDGE('',*,*,#2382,.T.);
#3121=ORIENTED_EDGE('',*,*,#2384,.T.);
#3122=ORIENTED_EDGE('',*,*,#2385,.F.);
#3123=ORIENTED_EDGE('',*,*,#2384,.F.);
#3124=ORIENTED_EDGE('',*,*,#2383,.T.);
#3125=ORIENTED_EDGE('',*,*,#2386,.T.);
#3126=ORIENTED_EDGE('',*,*,#2387,.F.);
#3127=ORIENTED_EDGE('',*,*,#2386,.F.);
#3128=ORIENTED_EDGE('',*,*,#2388,.F.);
#3129=ORIENTED_EDGE('',*,*,#2389,.F.);
#3130=ORIENTED_EDGE('',*,*,#2356,.F.);
#3131=ORIENTED_EDGE('',*,*,#2390,.F.);
#3132=ORIENTED_EDGE('',*,*,#2389,.T.);
#3133=ORIENTED_EDGE('',*,*,#2391,.F.);
#3134=ORIENTED_EDGE('',*,*,#2392,.T.);
#3135=ORIENTED_EDGE('',*,*,#2357,.T.);
#3136=ORIENTED_EDGE('',*,*,#2388,.T.);
#3137=ORIENTED_EDGE('',*,*,#2393,.T.);
#3138=ORIENTED_EDGE('',*,*,#2394,.T.);
#3139=ORIENTED_EDGE('',*,*,#2391,.T.);
#3140=ORIENTED_EDGE('',*,*,#2370,.T.);
#3141=ORIENTED_EDGE('',*,*,#2372,.F.);
#3142=ORIENTED_EDGE('',*,*,#2374,.T.);
#3143=ORIENTED_EDGE('',*,*,#2376,.F.);
#3144=ORIENTED_EDGE('',*,*,#2377,.T.);
#3145=ORIENTED_EDGE('',*,*,#2363,.F.);
#3146=ORIENTED_EDGE('',*,*,#2366,.T.);
#3147=ORIENTED_EDGE('',*,*,#2368,.F.);
#3148=ORIENTED_EDGE('',*,*,#2323,.T.);
#3149=ORIENTED_EDGE('',*,*,#2318,.T.);
#3150=ORIENTED_EDGE('',*,*,#2385,.T.);
#3151=ORIENTED_EDGE('',*,*,#2387,.T.);
#3152=ORIENTED_EDGE('',*,*,#2390,.T.);
#3153=ORIENTED_EDGE('',*,*,#2359,.F.);
#3154=ORIENTED_EDGE('',*,*,#2395,.T.);
#3155=ORIENTED_EDGE('',*,*,#2393,.F.);
#3156=ORIENTED_EDGE('',*,*,#2394,.F.);
#3157=ORIENTED_EDGE('',*,*,#2395,.F.);
#3158=ORIENTED_EDGE('',*,*,#2358,.F.);
#3159=ORIENTED_EDGE('',*,*,#2392,.F.);
#3160=ORIENTED_EDGE('',*,*,#2396,.T.);
#3161=ORIENTED_EDGE('',*,*,#2397,.T.);
#3162=ORIENTED_EDGE('',*,*,#2398,.T.);
#3163=ORIENTED_EDGE('',*,*,#2397,.F.);
#3164=ORIENTED_EDGE('',*,*,#2399,.T.);
#3165=ORIENTED_EDGE('',*,*,#2400,.F.);
#3166=ORIENTED_EDGE('',*,*,#2401,.T.);
#3167=ORIENTED_EDGE('',*,*,#2402,.T.);
#3168=ORIENTED_EDGE('',*,*,#2403,.F.);
#3169=ORIENTED_EDGE('',*,*,#2396,.F.);
#3170=ORIENTED_EDGE('',*,*,#2403,.T.);
#3171=ORIENTED_EDGE('',*,*,#2404,.T.);
#3172=ORIENTED_EDGE('',*,*,#2405,.T.);
#3173=ORIENTED_EDGE('',*,*,#2404,.F.);
#3174=ORIENTED_EDGE('',*,*,#2405,.F.);
#3175=ORIENTED_EDGE('',*,*,#2406,.F.);
#3176=ORIENTED_EDGE('',*,*,#2398,.F.);
#3177=ORIENTED_EDGE('',*,*,#2407,.F.);
#3178=ORIENTED_EDGE('',*,*,#2407,.T.);
#3179=ORIENTED_EDGE('',*,*,#2408,.T.);
#3180=ORIENTED_EDGE('',*,*,#2409,.F.);
#3181=ORIENTED_EDGE('',*,*,#2408,.F.);
#3182=ORIENTED_EDGE('',*,*,#2406,.T.);
#3183=ORIENTED_EDGE('',*,*,#2410,.T.);
#3184=ORIENTED_EDGE('',*,*,#2411,.F.);
#3185=ORIENTED_EDGE('',*,*,#2410,.F.);
#3186=ORIENTED_EDGE('',*,*,#2399,.F.);
#3187=ORIENTED_EDGE('',*,*,#2412,.F.);
#3188=ORIENTED_EDGE('',*,*,#2413,.F.);
#3189=ORIENTED_EDGE('',*,*,#2414,.F.);
#3190=ORIENTED_EDGE('',*,*,#2413,.T.);
#3191=ORIENTED_EDGE('',*,*,#2415,.F.);
#3192=ORIENTED_EDGE('',*,*,#2416,.T.);
#3193=ORIENTED_EDGE('',*,*,#2417,.T.);
#3194=ORIENTED_EDGE('',*,*,#2409,.T.);
#3195=ORIENTED_EDGE('',*,*,#2411,.T.);
#3196=ORIENTED_EDGE('',*,*,#2412,.T.);
#3197=ORIENTED_EDGE('',*,*,#2402,.F.);
#3198=ORIENTED_EDGE('',*,*,#2418,.F.);
#3199=ORIENTED_EDGE('',*,*,#2415,.T.);
#3200=ORIENTED_EDGE('',*,*,#2414,.T.);
#3201=ORIENTED_EDGE('',*,*,#2417,.F.);
#3202=ORIENTED_EDGE('',*,*,#2419,.T.);
#3203=ORIENTED_EDGE('',*,*,#2400,.T.);
#3204=ORIENTED_EDGE('',*,*,#2416,.F.);
#3205=ORIENTED_EDGE('',*,*,#2418,.T.);
#3206=ORIENTED_EDGE('',*,*,#2401,.F.);
#3207=ORIENTED_EDGE('',*,*,#2419,.F.);
#3208=ORIENTED_EDGE('',*,*,#2420,.T.);
#3209=ORIENTED_EDGE('',*,*,#2421,.T.);
#3210=ORIENTED_EDGE('',*,*,#2422,.T.);
#3211=ORIENTED_EDGE('',*,*,#2421,.F.);
#3212=ORIENTED_EDGE('',*,*,#2423,.T.);
#3213=ORIENTED_EDGE('',*,*,#2424,.F.);
#3214=ORIENTED_EDGE('',*,*,#2425,.T.);
#3215=ORIENTED_EDGE('',*,*,#2426,.T.);
#3216=ORIENTED_EDGE('',*,*,#2427,.F.);
#3217=ORIENTED_EDGE('',*,*,#2420,.F.);
#3218=ORIENTED_EDGE('',*,*,#2427,.T.);
#3219=ORIENTED_EDGE('',*,*,#2428,.T.);
#3220=ORIENTED_EDGE('',*,*,#2429,.T.);
#3221=ORIENTED_EDGE('',*,*,#2428,.F.);
#3222=ORIENTED_EDGE('',*,*,#2429,.F.);
#3223=ORIENTED_EDGE('',*,*,#2430,.F.);
#3224=ORIENTED_EDGE('',*,*,#2422,.F.);
#3225=ORIENTED_EDGE('',*,*,#2431,.F.);
#3226=ORIENTED_EDGE('',*,*,#2430,.T.);
#3227=ORIENTED_EDGE('',*,*,#2432,.T.);
#3228=ORIENTED_EDGE('',*,*,#2433,.F.);
#3229=ORIENTED_EDGE('',*,*,#2432,.F.);
#3230=ORIENTED_EDGE('',*,*,#2431,.T.);
#3231=ORIENTED_EDGE('',*,*,#2434,.T.);
#3232=ORIENTED_EDGE('',*,*,#2435,.F.);
#3233=ORIENTED_EDGE('',*,*,#2434,.F.);
#3234=ORIENTED_EDGE('',*,*,#2436,.F.);
#3235=ORIENTED_EDGE('',*,*,#2423,.F.);
#3236=ORIENTED_EDGE('',*,*,#2437,.F.);
#3237=ORIENTED_EDGE('',*,*,#2438,.F.);
#3238=ORIENTED_EDGE('',*,*,#2437,.T.);
#3239=ORIENTED_EDGE('',*,*,#2426,.F.);
#3240=ORIENTED_EDGE('',*,*,#2439,.F.);
#3241=ORIENTED_EDGE('',*,*,#2440,.T.);
#3242=ORIENTED_EDGE('',*,*,#2436,.T.);
#3243=ORIENTED_EDGE('',*,*,#2441,.F.);
#3244=ORIENTED_EDGE('',*,*,#2442,.T.);
#3245=ORIENTED_EDGE('',*,*,#2424,.T.);
#3246=ORIENTED_EDGE('',*,*,#2443,.F.);
#3247=ORIENTED_EDGE('',*,*,#2439,.T.);
#3248=ORIENTED_EDGE('',*,*,#2425,.F.);
#3249=ORIENTED_EDGE('',*,*,#2442,.F.);
#3250=ORIENTED_EDGE('',*,*,#2438,.T.);
#3251=ORIENTED_EDGE('',*,*,#2440,.F.);
#3252=ORIENTED_EDGE('',*,*,#2443,.T.);
#3253=ORIENTED_EDGE('',*,*,#2441,.T.);
#3254=ORIENTED_EDGE('',*,*,#2433,.T.);
#3255=ORIENTED_EDGE('',*,*,#2435,.T.);
#3256=ORIENTED_EDGE('',*,*,#2444,.T.);
#3257=ORIENTED_EDGE('',*,*,#2445,.T.);
#3258=ORIENTED_EDGE('',*,*,#2446,.F.);
#3259=ORIENTED_EDGE('',*,*,#2445,.F.);
#3260=ORIENTED_EDGE('',*,*,#2444,.F.);
#3261=ORIENTED_EDGE('',*,*,#2447,.F.);
#3262=ORIENTED_EDGE('',*,*,#2448,.T.);
#3263=ORIENTED_EDGE('',*,*,#2449,.T.);
#3264=ORIENTED_EDGE('',*,*,#2450,.T.);
#3265=ORIENTED_EDGE('',*,*,#2449,.F.);
#3266=ORIENTED_EDGE('',*,*,#2451,.T.);
#3267=ORIENTED_EDGE('',*,*,#2452,.T.);
#3268=ORIENTED_EDGE('',*,*,#2453,.T.);
#3269=ORIENTED_EDGE('',*,*,#2454,.T.);
#3270=ORIENTED_EDGE('',*,*,#2455,.F.);
#3271=ORIENTED_EDGE('',*,*,#2456,.F.);
#3272=ORIENTED_EDGE('',*,*,#2446,.T.);
#3273=ORIENTED_EDGE('',*,*,#2457,.F.);
#3274=ORIENTED_EDGE('',*,*,#2458,.F.);
#3275=ORIENTED_EDGE('',*,*,#2448,.F.);
#3276=ORIENTED_EDGE('',*,*,#2455,.T.);
#3277=ORIENTED_EDGE('',*,*,#2459,.T.);
#3278=ORIENTED_EDGE('',*,*,#2460,.T.);
#3279=ORIENTED_EDGE('',*,*,#2461,.T.);
#3280=ORIENTED_EDGE('',*,*,#2459,.F.);
#3281=ORIENTED_EDGE('',*,*,#2461,.F.);
#3282=ORIENTED_EDGE('',*,*,#2462,.T.);
#3283=ORIENTED_EDGE('',*,*,#2463,.F.);
#3284=ORIENTED_EDGE('',*,*,#2462,.F.);
#3285=ORIENTED_EDGE('',*,*,#2460,.F.);
#3286=ORIENTED_EDGE('',*,*,#2458,.T.);
#3287=ORIENTED_EDGE('',*,*,#2464,.T.);
#3288=ORIENTED_EDGE('',*,*,#2465,.T.);
#3289=ORIENTED_EDGE('',*,*,#2466,.T.);
#3290=ORIENTED_EDGE('',*,*,#2464,.F.);
#3291=ORIENTED_EDGE('',*,*,#2466,.F.);
#3292=ORIENTED_EDGE('',*,*,#2467,.T.);
#3293=ORIENTED_EDGE('',*,*,#2468,.F.);
#3294=ORIENTED_EDGE('',*,*,#2467,.F.);
#3295=ORIENTED_EDGE('',*,*,#2465,.F.);
#3296=ORIENTED_EDGE('',*,*,#2456,.T.);
#3297=ORIENTED_EDGE('',*,*,#2469,.T.);
#3298=ORIENTED_EDGE('',*,*,#2470,.T.);
#3299=ORIENTED_EDGE('',*,*,#2471,.T.);
#3300=ORIENTED_EDGE('',*,*,#2469,.F.);
#3301=ORIENTED_EDGE('',*,*,#2471,.F.);
#3302=ORIENTED_EDGE('',*,*,#2472,.T.);
#3303=ORIENTED_EDGE('',*,*,#2473,.F.);
#3304=ORIENTED_EDGE('',*,*,#2472,.F.);
#3305=ORIENTED_EDGE('',*,*,#2470,.F.);
#3306=ORIENTED_EDGE('',*,*,#2457,.T.);
#3307=ORIENTED_EDGE('',*,*,#2474,.T.);
#3308=ORIENTED_EDGE('',*,*,#2475,.T.);
#3309=ORIENTED_EDGE('',*,*,#2476,.T.);
#3310=ORIENTED_EDGE('',*,*,#2474,.F.);
#3311=ORIENTED_EDGE('',*,*,#2476,.F.);
#3312=ORIENTED_EDGE('',*,*,#2477,.T.);
#3313=ORIENTED_EDGE('',*,*,#2478,.F.);
#3314=ORIENTED_EDGE('',*,*,#2477,.F.);
#3315=ORIENTED_EDGE('',*,*,#2475,.F.);
#3316=ORIENTED_EDGE('',*,*,#2450,.F.);
#3317=ORIENTED_EDGE('',*,*,#2479,.F.);
#3318=ORIENTED_EDGE('',*,*,#2479,.T.);
#3319=ORIENTED_EDGE('',*,*,#2480,.T.);
#3320=ORIENTED_EDGE('',*,*,#2481,.F.);
#3321=ORIENTED_EDGE('',*,*,#2480,.F.);
#3322=ORIENTED_EDGE('',*,*,#2447,.T.);
#3323=ORIENTED_EDGE('',*,*,#2482,.T.);
#3324=ORIENTED_EDGE('',*,*,#2483,.F.);
#3325=ORIENTED_EDGE('',*,*,#2482,.F.);
#3326=ORIENTED_EDGE('',*,*,#2484,.F.);
#3327=ORIENTED_EDGE('',*,*,#2485,.F.);
#3328=ORIENTED_EDGE('',*,*,#2486,.F.);
#3329=ORIENTED_EDGE('',*,*,#2451,.F.);
#3330=ORIENTED_EDGE('',*,*,#2486,.T.);
#3331=ORIENTED_EDGE('',*,*,#2487,.F.);
#3332=ORIENTED_EDGE('',*,*,#2488,.F.);
#3333=ORIENTED_EDGE('',*,*,#2452,.F.);
#3334=ORIENTED_EDGE('',*,*,#2485,.T.);
#3335=ORIENTED_EDGE('',*,*,#2489,.F.);
#3336=ORIENTED_EDGE('',*,*,#2490,.T.);
#3337=ORIENTED_EDGE('',*,*,#2487,.T.);
#3338=ORIENTED_EDGE('',*,*,#2483,.T.);
#3339=ORIENTED_EDGE('',*,*,#2481,.T.);
#3340=ORIENTED_EDGE('',*,*,#2463,.T.);
#3341=ORIENTED_EDGE('',*,*,#2478,.T.);
#3342=ORIENTED_EDGE('',*,*,#2468,.T.);
#3343=ORIENTED_EDGE('',*,*,#2473,.T.);
#3344=ORIENTED_EDGE('',*,*,#2484,.T.);
#3345=ORIENTED_EDGE('',*,*,#2454,.F.);
#3346=ORIENTED_EDGE('',*,*,#2491,.F.);
#3347=ORIENTED_EDGE('',*,*,#2489,.T.);
#3348=ORIENTED_EDGE('',*,*,#2491,.T.);
#3349=ORIENTED_EDGE('',*,*,#2453,.F.);
#3350=ORIENTED_EDGE('',*,*,#2488,.T.);
#3351=ORIENTED_EDGE('',*,*,#2490,.F.);
#3352=ORIENTED_EDGE('',*,*,#2492,.T.);
#3353=ORIENTED_EDGE('',*,*,#2493,.T.);
#3354=ORIENTED_EDGE('',*,*,#2494,.T.);
#3355=ORIENTED_EDGE('',*,*,#2495,.T.);
#3356=ORIENTED_EDGE('',*,*,#2496,.T.);
#3357=ORIENTED_EDGE('',*,*,#2497,.T.);
#3358=ORIENTED_EDGE('',*,*,#2498,.T.);
#3359=ORIENTED_EDGE('',*,*,#2499,.T.);
#3360=ORIENTED_EDGE('',*,*,#2497,.F.);
#3361=ORIENTED_EDGE('',*,*,#2500,.T.);
#3362=ORIENTED_EDGE('',*,*,#2501,.F.);
#3363=ORIENTED_EDGE('',*,*,#2502,.T.);
#3364=ORIENTED_EDGE('',*,*,#2496,.F.);
#3365=ORIENTED_EDGE('',*,*,#2503,.F.);
#3366=ORIENTED_EDGE('',*,*,#2504,.F.);
#3367=ORIENTED_EDGE('',*,*,#2505,.F.);
#3368=ORIENTED_EDGE('',*,*,#2506,.F.);
#3369=ORIENTED_EDGE('',*,*,#2500,.F.);
#3370=ORIENTED_EDGE('',*,*,#2494,.F.);
#3371=ORIENTED_EDGE('',*,*,#2507,.F.);
#3372=ORIENTED_EDGE('',*,*,#2508,.F.);
#3373=ORIENTED_EDGE('',*,*,#2509,.F.);
#3374=ORIENTED_EDGE('',*,*,#2510,.F.);
#3375=ORIENTED_EDGE('',*,*,#2511,.T.);
#3376=ORIENTED_EDGE('',*,*,#2511,.F.);
#3377=ORIENTED_EDGE('',*,*,#2512,.T.);
#3378=ORIENTED_EDGE('',*,*,#2513,.T.);
#3379=ORIENTED_EDGE('',*,*,#2512,.F.);
#3380=ORIENTED_EDGE('',*,*,#2513,.F.);
#3381=ORIENTED_EDGE('',*,*,#2514,.F.);
#3382=ORIENTED_EDGE('',*,*,#2515,.T.);
#3383=ORIENTED_EDGE('',*,*,#2516,.F.);
#3384=ORIENTED_EDGE('',*,*,#2517,.F.);
#3385=ORIENTED_EDGE('',*,*,#2518,.F.);
#3386=ORIENTED_EDGE('',*,*,#2515,.F.);
#3387=ORIENTED_EDGE('',*,*,#2516,.T.);
#3388=ORIENTED_EDGE('',*,*,#2518,.T.);
#3389=ORIENTED_EDGE('',*,*,#2505,.T.);
#3390=ORIENTED_EDGE('',*,*,#2519,.F.);
#3391=ORIENTED_EDGE('',*,*,#2520,.T.);
#3392=ORIENTED_EDGE('',*,*,#2517,.T.);
#3393=ORIENTED_EDGE('',*,*,#2521,.T.);
#3394=ORIENTED_EDGE('',*,*,#2501,.T.);
#3395=ORIENTED_EDGE('',*,*,#2506,.T.);
#3396=ORIENTED_EDGE('',*,*,#2522,.F.);
#3397=ORIENTED_EDGE('',*,*,#2523,.T.);
#3398=ORIENTED_EDGE('',*,*,#2524,.T.);
#3399=ORIENTED_EDGE('',*,*,#2523,.F.);
#3400=ORIENTED_EDGE('',*,*,#2524,.F.);
#3401=ORIENTED_EDGE('',*,*,#2525,.F.);
#3402=ORIENTED_EDGE('',*,*,#2526,.T.);
#3403=ORIENTED_EDGE('',*,*,#2527,.T.);
#3404=ORIENTED_EDGE('',*,*,#2526,.F.);
#3405=ORIENTED_EDGE('',*,*,#2527,.F.);
#3406=ORIENTED_EDGE('',*,*,#2528,.T.);
#3407=ORIENTED_EDGE('',*,*,#2529,.T.);
#3408=ORIENTED_EDGE('',*,*,#2530,.T.);
#3409=ORIENTED_EDGE('',*,*,#2531,.T.);
#3410=ORIENTED_EDGE('',*,*,#2529,.F.);
#3411=ORIENTED_EDGE('',*,*,#2531,.F.);
#3412=ORIENTED_EDGE('',*,*,#2532,.T.);
#3413=ORIENTED_EDGE('',*,*,#2533,.T.);
#3414=ORIENTED_EDGE('',*,*,#2532,.F.);
#3415=ORIENTED_EDGE('',*,*,#2530,.F.);
#3416=ORIENTED_EDGE('',*,*,#2492,.F.);
#3417=ORIENTED_EDGE('',*,*,#2534,.T.);
#3418=ORIENTED_EDGE('',*,*,#2535,.T.);
#3419=ORIENTED_EDGE('',*,*,#2536,.T.);
#3420=ORIENTED_EDGE('',*,*,#2537,.T.);
#3421=ORIENTED_EDGE('',*,*,#2528,.F.);
#3422=ORIENTED_EDGE('',*,*,#2533,.F.);
#3423=ORIENTED_EDGE('',*,*,#2498,.F.);
#3424=ORIENTED_EDGE('',*,*,#2502,.F.);
#3425=ORIENTED_EDGE('',*,*,#2521,.F.);
#3426=ORIENTED_EDGE('',*,*,#2520,.F.);
#3427=ORIENTED_EDGE('',*,*,#2538,.F.);
#3428=ORIENTED_EDGE('',*,*,#2539,.T.);
#3429=ORIENTED_EDGE('',*,*,#2538,.T.);
#3430=ORIENTED_EDGE('',*,*,#2519,.T.);
#3431=ORIENTED_EDGE('',*,*,#2504,.T.);
#3432=ORIENTED_EDGE('',*,*,#2540,.F.);
#3433=ORIENTED_EDGE('',*,*,#2499,.F.);
#3434=ORIENTED_EDGE('',*,*,#2539,.F.);
#3435=ORIENTED_EDGE('',*,*,#2540,.T.);
#3436=ORIENTED_EDGE('',*,*,#2503,.T.);
#3437=ORIENTED_EDGE('',*,*,#2495,.F.);
#3438=ORIENTED_EDGE('',*,*,#2510,.T.);
#3439=ORIENTED_EDGE('',*,*,#2541,.T.);
#3440=ORIENTED_EDGE('',*,*,#2534,.F.);
#3441=ORIENTED_EDGE('',*,*,#2535,.F.);
#3442=ORIENTED_EDGE('',*,*,#2541,.F.);
#3443=ORIENTED_EDGE('',*,*,#2509,.T.);
#3444=ORIENTED_EDGE('',*,*,#2542,.T.);
#3445=ORIENTED_EDGE('',*,*,#2522,.T.);
#3446=ORIENTED_EDGE('',*,*,#2536,.F.);
#3447=ORIENTED_EDGE('',*,*,#2542,.F.);
#3448=ORIENTED_EDGE('',*,*,#2508,.T.);
#3449=ORIENTED_EDGE('',*,*,#2543,.T.);
#3450=ORIENTED_EDGE('',*,*,#2514,.T.);
#3451=ORIENTED_EDGE('',*,*,#2525,.T.);
#3452=ORIENTED_EDGE('',*,*,#2493,.F.);
#3453=ORIENTED_EDGE('',*,*,#2537,.F.);
#3454=ORIENTED_EDGE('',*,*,#2543,.F.);
#3455=ORIENTED_EDGE('',*,*,#2507,.T.);
#3456=ORIENTED_EDGE('',*,*,#2544,.T.);
#3457=ORIENTED_EDGE('',*,*,#2545,.T.);
#3458=ORIENTED_EDGE('',*,*,#2546,.T.);
#3459=ORIENTED_EDGE('',*,*,#2547,.T.);
#3460=ORIENTED_EDGE('',*,*,#2548,.T.);
#3461=ORIENTED_EDGE('',*,*,#2549,.T.);
#3462=ORIENTED_EDGE('',*,*,#2550,.T.);
#3463=ORIENTED_EDGE('',*,*,#2551,.T.);
#3464=ORIENTED_EDGE('',*,*,#2548,.F.);
#3465=ORIENTED_EDGE('',*,*,#2552,.T.);
#3466=ORIENTED_EDGE('',*,*,#2553,.T.);
#3467=ORIENTED_EDGE('',*,*,#2554,.T.);
#3468=ORIENTED_EDGE('',*,*,#2555,.T.);
#3469=ORIENTED_EDGE('',*,*,#2556,.F.);
#3470=ORIENTED_EDGE('',*,*,#2547,.F.);
#3471=ORIENTED_EDGE('',*,*,#2557,.T.);
#3472=ORIENTED_EDGE('',*,*,#2558,.T.);
#3473=ORIENTED_EDGE('',*,*,#2552,.F.);
#3474=ORIENTED_EDGE('',*,*,#2549,.F.);
#3475=ORIENTED_EDGE('',*,*,#2555,.F.);
#3476=ORIENTED_EDGE('',*,*,#2559,.F.);
#3477=ORIENTED_EDGE('',*,*,#2560,.T.);
#3478=ORIENTED_EDGE('',*,*,#2545,.F.);
#3479=ORIENTED_EDGE('',*,*,#2561,.T.);
#3480=ORIENTED_EDGE('',*,*,#2562,.T.);
#3481=ORIENTED_EDGE('',*,*,#2563,.F.);
#3482=ORIENTED_EDGE('',*,*,#2546,.F.);
#3483=ORIENTED_EDGE('',*,*,#2560,.F.);
#3484=ORIENTED_EDGE('',*,*,#2564,.F.);
#3485=ORIENTED_EDGE('',*,*,#2565,.F.);
#3486=ORIENTED_EDGE('',*,*,#2557,.F.);
#3487=ORIENTED_EDGE('',*,*,#2566,.T.);
#3488=ORIENTED_EDGE('',*,*,#2566,.F.);
#3489=ORIENTED_EDGE('',*,*,#2567,.T.);
#3490=ORIENTED_EDGE('',*,*,#2568,.T.);
#3491=ORIENTED_EDGE('',*,*,#2567,.F.);
#3492=ORIENTED_EDGE('',*,*,#2568,.F.);
#3493=ORIENTED_EDGE('',*,*,#2569,.F.);
#3494=ORIENTED_EDGE('',*,*,#2570,.F.);
#3495=ORIENTED_EDGE('',*,*,#2571,.T.);
#3496=ORIENTED_EDGE('',*,*,#2572,.F.);
#3497=ORIENTED_EDGE('',*,*,#2571,.F.);
#3498=ORIENTED_EDGE('',*,*,#2573,.F.);
#3499=ORIENTED_EDGE('',*,*,#2544,.F.);
#3500=ORIENTED_EDGE('',*,*,#2574,.F.);
#3501=ORIENTED_EDGE('',*,*,#2575,.F.);
#3502=ORIENTED_EDGE('',*,*,#2576,.F.);
#3503=ORIENTED_EDGE('',*,*,#2577,.F.);
#3504=ORIENTED_EDGE('',*,*,#2561,.F.);
#3505=ORIENTED_EDGE('',*,*,#2569,.T.);
#3506=ORIENTED_EDGE('',*,*,#2575,.T.);
#3507=ORIENTED_EDGE('',*,*,#2578,.F.);
#3508=ORIENTED_EDGE('',*,*,#2579,.T.);
#3509=ORIENTED_EDGE('',*,*,#2573,.T.);
#3510=ORIENTED_EDGE('',*,*,#2570,.T.);
#3511=ORIENTED_EDGE('',*,*,#2580,.T.);
#3512=ORIENTED_EDGE('',*,*,#2581,.T.);
#3513=ORIENTED_EDGE('',*,*,#2576,.T.);
#3514=ORIENTED_EDGE('',*,*,#2582,.F.);
#3515=ORIENTED_EDGE('',*,*,#2583,.T.);
#3516=ORIENTED_EDGE('',*,*,#2584,.T.);
#3517=ORIENTED_EDGE('',*,*,#2583,.F.);
#3518=ORIENTED_EDGE('',*,*,#2584,.F.);
#3519=ORIENTED_EDGE('',*,*,#2585,.F.);
#3520=ORIENTED_EDGE('',*,*,#2586,.T.);
#3521=ORIENTED_EDGE('',*,*,#2587,.T.);
#3522=ORIENTED_EDGE('',*,*,#2586,.F.);
#3523=ORIENTED_EDGE('',*,*,#2587,.F.);
#3524=ORIENTED_EDGE('',*,*,#2556,.T.);
#3525=ORIENTED_EDGE('',*,*,#2588,.T.);
#3526=ORIENTED_EDGE('',*,*,#2589,.T.);
#3527=ORIENTED_EDGE('',*,*,#2588,.F.);
#3528=ORIENTED_EDGE('',*,*,#2589,.F.);
#3529=ORIENTED_EDGE('',*,*,#2590,.T.);
#3530=ORIENTED_EDGE('',*,*,#2591,.T.);
#3531=ORIENTED_EDGE('',*,*,#2590,.F.);
#3532=ORIENTED_EDGE('',*,*,#2591,.F.);
#3533=ORIENTED_EDGE('',*,*,#2550,.F.);
#3534=ORIENTED_EDGE('',*,*,#2563,.T.);
#3535=ORIENTED_EDGE('',*,*,#2592,.F.);
#3536=ORIENTED_EDGE('',*,*,#2580,.F.);
#3537=ORIENTED_EDGE('',*,*,#2579,.F.);
#3538=ORIENTED_EDGE('',*,*,#2593,.F.);
#3539=ORIENTED_EDGE('',*,*,#2551,.F.);
#3540=ORIENTED_EDGE('',*,*,#2593,.T.);
#3541=ORIENTED_EDGE('',*,*,#2578,.T.);
#3542=ORIENTED_EDGE('',*,*,#2574,.T.);
#3543=ORIENTED_EDGE('',*,*,#2592,.T.);
#3544=ORIENTED_EDGE('',*,*,#2562,.F.);
#3545=ORIENTED_EDGE('',*,*,#2577,.T.);
#3546=ORIENTED_EDGE('',*,*,#2581,.F.);
#3547=ORIENTED_EDGE('',*,*,#2553,.F.);
#3548=ORIENTED_EDGE('',*,*,#2558,.F.);
#3549=ORIENTED_EDGE('',*,*,#2565,.T.);
#3550=ORIENTED_EDGE('',*,*,#2594,.T.);
#3551=ORIENTED_EDGE('',*,*,#2572,.T.);
#3552=ORIENTED_EDGE('',*,*,#2582,.T.);
#3553=ORIENTED_EDGE('',*,*,#2554,.F.);
#3554=ORIENTED_EDGE('',*,*,#2594,.F.);
#3555=ORIENTED_EDGE('',*,*,#2564,.T.);
#3556=ORIENTED_EDGE('',*,*,#2559,.T.);
#3557=ORIENTED_EDGE('',*,*,#2585,.T.);
#3558=ORIENTED_EDGE('',*,*,#2595,.T.);
#3559=ORIENTED_EDGE('',*,*,#2596,.T.);
#3560=ORIENTED_EDGE('',*,*,#2597,.T.);
#3561=ORIENTED_EDGE('',*,*,#2598,.T.);
#3562=ORIENTED_EDGE('',*,*,#2599,.T.);
#3563=ORIENTED_EDGE('',*,*,#2600,.T.);
#3564=ORIENTED_EDGE('',*,*,#2601,.T.);
#3565=ORIENTED_EDGE('',*,*,#2602,.T.);
#3566=ORIENTED_EDGE('',*,*,#2595,.F.);
#3567=ORIENTED_EDGE('',*,*,#2603,.F.);
#3568=ORIENTED_EDGE('',*,*,#2604,.F.);
#3569=ORIENTED_EDGE('',*,*,#2605,.F.);
#3570=ORIENTED_EDGE('',*,*,#2606,.F.);
#3571=ORIENTED_EDGE('',*,*,#2607,.F.);
#3572=ORIENTED_EDGE('',*,*,#2602,.F.);
#3573=ORIENTED_EDGE('',*,*,#2608,.T.);
#3574=ORIENTED_EDGE('',*,*,#2609,.T.);
#3575=ORIENTED_EDGE('',*,*,#2603,.T.);
#3576=ORIENTED_EDGE('',*,*,#2596,.F.);
#3577=ORIENTED_EDGE('',*,*,#2607,.T.);
#3578=ORIENTED_EDGE('',*,*,#2610,.T.);
#3579=ORIENTED_EDGE('',*,*,#2611,.F.);
#3580=ORIENTED_EDGE('',*,*,#2600,.F.);
#3581=ORIENTED_EDGE('',*,*,#2612,.F.);
#3582=ORIENTED_EDGE('',*,*,#2613,.F.);
#3583=ORIENTED_EDGE('',*,*,#2614,.T.);
#3584=ORIENTED_EDGE('',*,*,#2601,.F.);
#3585=ORIENTED_EDGE('',*,*,#2611,.T.);
#3586=ORIENTED_EDGE('',*,*,#2615,.F.);
#3587=ORIENTED_EDGE('',*,*,#2616,.F.);
#3588=ORIENTED_EDGE('',*,*,#2617,.F.);
#3589=ORIENTED_EDGE('',*,*,#2608,.F.);
#3590=ORIENTED_EDGE('',*,*,#2618,.F.);
#3591=ORIENTED_EDGE('',*,*,#2619,.T.);
#3592=ORIENTED_EDGE('',*,*,#2620,.T.);
#3593=ORIENTED_EDGE('',*,*,#2619,.F.);
#3594=ORIENTED_EDGE('',*,*,#2620,.F.);
#3595=ORIENTED_EDGE('',*,*,#2621,.F.);
#3596=ORIENTED_EDGE('',*,*,#2622,.T.);
#3597=ORIENTED_EDGE('',*,*,#2623,.F.);
#3598=ORIENTED_EDGE('',*,*,#2624,.F.);
#3599=ORIENTED_EDGE('',*,*,#2625,.F.);
#3600=ORIENTED_EDGE('',*,*,#2622,.F.);
#3601=ORIENTED_EDGE('',*,*,#2623,.T.);
#3602=ORIENTED_EDGE('',*,*,#2625,.T.);
#3603=ORIENTED_EDGE('',*,*,#2604,.T.);
#3604=ORIENTED_EDGE('',*,*,#2609,.F.);
#3605=ORIENTED_EDGE('',*,*,#2617,.T.);
#3606=ORIENTED_EDGE('',*,*,#2624,.T.);
#3607=ORIENTED_EDGE('',*,*,#2616,.T.);
#3608=ORIENTED_EDGE('',*,*,#2626,.T.);
#3609=ORIENTED_EDGE('',*,*,#2605,.T.);
#3610=ORIENTED_EDGE('',*,*,#2627,.F.);
#3611=ORIENTED_EDGE('',*,*,#2628,.T.);
#3612=ORIENTED_EDGE('',*,*,#2629,.T.);
#3613=ORIENTED_EDGE('',*,*,#2628,.F.);
#3614=ORIENTED_EDGE('',*,*,#2629,.F.);
#3615=ORIENTED_EDGE('',*,*,#2630,.F.);
#3616=ORIENTED_EDGE('',*,*,#2631,.T.);
#3617=ORIENTED_EDGE('',*,*,#2632,.T.);
#3618=ORIENTED_EDGE('',*,*,#2631,.F.);
#3619=ORIENTED_EDGE('',*,*,#2632,.F.);
#3620=ORIENTED_EDGE('',*,*,#2633,.T.);
#3621=ORIENTED_EDGE('',*,*,#2634,.T.);
#3622=ORIENTED_EDGE('',*,*,#2635,.T.);
#3623=ORIENTED_EDGE('',*,*,#2636,.T.);
#3624=ORIENTED_EDGE('',*,*,#2634,.F.);
#3625=ORIENTED_EDGE('',*,*,#2636,.F.);
#3626=ORIENTED_EDGE('',*,*,#2637,.T.);
#3627=ORIENTED_EDGE('',*,*,#2638,.T.);
#3628=ORIENTED_EDGE('',*,*,#2637,.F.);
#3629=ORIENTED_EDGE('',*,*,#2635,.F.);
#3630=ORIENTED_EDGE('',*,*,#2599,.F.);
#3631=ORIENTED_EDGE('',*,*,#2639,.T.);
#3632=ORIENTED_EDGE('',*,*,#2640,.T.);
#3633=ORIENTED_EDGE('',*,*,#2641,.T.);
#3634=ORIENTED_EDGE('',*,*,#2612,.T.);
#3635=ORIENTED_EDGE('',*,*,#2633,.F.);
#3636=ORIENTED_EDGE('',*,*,#2638,.F.);
#3637=ORIENTED_EDGE('',*,*,#2615,.T.);
#3638=ORIENTED_EDGE('',*,*,#2610,.F.);
#3639=ORIENTED_EDGE('',*,*,#2606,.T.);
#3640=ORIENTED_EDGE('',*,*,#2626,.F.);
#3641=ORIENTED_EDGE('',*,*,#2597,.F.);
#3642=ORIENTED_EDGE('',*,*,#2614,.F.);
#3643=ORIENTED_EDGE('',*,*,#2642,.F.);
#3644=ORIENTED_EDGE('',*,*,#2643,.F.);
#3645=ORIENTED_EDGE('',*,*,#2644,.F.);
#3646=ORIENTED_EDGE('',*,*,#2618,.T.);
#3647=ORIENTED_EDGE('',*,*,#2641,.F.);
#3648=ORIENTED_EDGE('',*,*,#2645,.F.);
#3649=ORIENTED_EDGE('',*,*,#2642,.T.);
#3650=ORIENTED_EDGE('',*,*,#2613,.T.);
#3651=ORIENTED_EDGE('',*,*,#2630,.T.);
#3652=ORIENTED_EDGE('',*,*,#2598,.F.);
#3653=ORIENTED_EDGE('',*,*,#2644,.T.);
#3654=ORIENTED_EDGE('',*,*,#2646,.T.);
#3655=ORIENTED_EDGE('',*,*,#2639,.F.);
#3656=ORIENTED_EDGE('',*,*,#2640,.F.);
#3657=ORIENTED_EDGE('',*,*,#2646,.F.);
#3658=ORIENTED_EDGE('',*,*,#2643,.T.);
#3659=ORIENTED_EDGE('',*,*,#2645,.T.);
#3660=ORIENTED_EDGE('',*,*,#2621,.T.);
#3661=ORIENTED_EDGE('',*,*,#2627,.T.);
#3662=ORIENTED_EDGE('',*,*,#2647,.T.);
#3663=ORIENTED_EDGE('',*,*,#2648,.T.);
#3664=ORIENTED_EDGE('',*,*,#2649,.T.);
#3665=ORIENTED_EDGE('',*,*,#2650,.T.);
#3666=ORIENTED_EDGE('',*,*,#2651,.T.);
#3667=ORIENTED_EDGE('',*,*,#2652,.T.);
#3668=ORIENTED_EDGE('',*,*,#2653,.T.);
#3669=ORIENTED_EDGE('',*,*,#2654,.T.);
#3670=ORIENTED_EDGE('',*,*,#2648,.F.);
#3671=ORIENTED_EDGE('',*,*,#2655,.F.);
#3672=ORIENTED_EDGE('',*,*,#2656,.F.);
#3673=ORIENTED_EDGE('',*,*,#2657,.T.);
#3674=ORIENTED_EDGE('',*,*,#2647,.F.);
#3675=ORIENTED_EDGE('',*,*,#2658,.T.);
#3676=ORIENTED_EDGE('',*,*,#2659,.T.);
#3677=ORIENTED_EDGE('',*,*,#2660,.T.);
#3678=ORIENTED_EDGE('',*,*,#2655,.T.);
#3679=ORIENTED_EDGE('',*,*,#2661,.F.);
#3680=ORIENTED_EDGE('',*,*,#2653,.F.);
#3681=ORIENTED_EDGE('',*,*,#2662,.F.);
#3682=ORIENTED_EDGE('',*,*,#2663,.F.);
#3683=ORIENTED_EDGE('',*,*,#2664,.F.);
#3684=ORIENTED_EDGE('',*,*,#2665,.F.);
#3685=ORIENTED_EDGE('',*,*,#2666,.T.);
#3686=ORIENTED_EDGE('',*,*,#2667,.F.);
#3687=ORIENTED_EDGE('',*,*,#2668,.T.);
#3688=ORIENTED_EDGE('',*,*,#2669,.T.);
#3689=ORIENTED_EDGE('',*,*,#2668,.F.);
#3690=ORIENTED_EDGE('',*,*,#2669,.F.);
#3691=ORIENTED_EDGE('',*,*,#2670,.F.);
#3692=ORIENTED_EDGE('',*,*,#2671,.F.);
#3693=ORIENTED_EDGE('',*,*,#2672,.T.);
#3694=ORIENTED_EDGE('',*,*,#2673,.F.);
#3695=ORIENTED_EDGE('',*,*,#2672,.F.);
#3696=ORIENTED_EDGE('',*,*,#2674,.F.);
#3697=ORIENTED_EDGE('',*,*,#2651,.F.);
#3698=ORIENTED_EDGE('',*,*,#2675,.F.);
#3699=ORIENTED_EDGE('',*,*,#2676,.F.);
#3700=ORIENTED_EDGE('',*,*,#2677,.F.);
#3701=ORIENTED_EDGE('',*,*,#2678,.F.);
#3702=ORIENTED_EDGE('',*,*,#2679,.F.);
#3703=ORIENTED_EDGE('',*,*,#2670,.T.);
#3704=ORIENTED_EDGE('',*,*,#2677,.T.);
#3705=ORIENTED_EDGE('',*,*,#2680,.F.);
#3706=ORIENTED_EDGE('',*,*,#2664,.T.);
#3707=ORIENTED_EDGE('',*,*,#2674,.T.);
#3708=ORIENTED_EDGE('',*,*,#2671,.T.);
#3709=ORIENTED_EDGE('',*,*,#2663,.T.);
#3710=ORIENTED_EDGE('',*,*,#2681,.T.);
#3711=ORIENTED_EDGE('',*,*,#2678,.T.);
#3712=ORIENTED_EDGE('',*,*,#2682,.F.);
#3713=ORIENTED_EDGE('',*,*,#2683,.T.);
#3714=ORIENTED_EDGE('',*,*,#2684,.T.);
#3715=ORIENTED_EDGE('',*,*,#2683,.F.);
#3716=ORIENTED_EDGE('',*,*,#2684,.F.);
#3717=ORIENTED_EDGE('',*,*,#2685,.F.);
#3718=ORIENTED_EDGE('',*,*,#2686,.T.);
#3719=ORIENTED_EDGE('',*,*,#2687,.T.);
#3720=ORIENTED_EDGE('',*,*,#2686,.F.);
#3721=ORIENTED_EDGE('',*,*,#2687,.F.);
#3722=ORIENTED_EDGE('',*,*,#2661,.T.);
#3723=ORIENTED_EDGE('',*,*,#2688,.T.);
#3724=ORIENTED_EDGE('',*,*,#2689,.T.);
#3725=ORIENTED_EDGE('',*,*,#2688,.F.);
#3726=ORIENTED_EDGE('',*,*,#2689,.F.);
#3727=ORIENTED_EDGE('',*,*,#2690,.T.);
#3728=ORIENTED_EDGE('',*,*,#2691,.T.);
#3729=ORIENTED_EDGE('',*,*,#2690,.F.);
#3730=ORIENTED_EDGE('',*,*,#2691,.F.);
#3731=ORIENTED_EDGE('',*,*,#2665,.T.);
#3732=ORIENTED_EDGE('',*,*,#2680,.T.);
#3733=ORIENTED_EDGE('',*,*,#2676,.T.);
#3734=ORIENTED_EDGE('',*,*,#2692,.F.);
#3735=ORIENTED_EDGE('',*,*,#2652,.F.);
#3736=ORIENTED_EDGE('',*,*,#2679,.T.);
#3737=ORIENTED_EDGE('',*,*,#2681,.F.);
#3738=ORIENTED_EDGE('',*,*,#2662,.T.);
#3739=ORIENTED_EDGE('',*,*,#2650,.F.);
#3740=ORIENTED_EDGE('',*,*,#2693,.T.);
#3741=ORIENTED_EDGE('',*,*,#2694,.T.);
#3742=ORIENTED_EDGE('',*,*,#2658,.F.);
#3743=ORIENTED_EDGE('',*,*,#2654,.F.);
#3744=ORIENTED_EDGE('',*,*,#2666,.F.);
#3745=ORIENTED_EDGE('',*,*,#2692,.T.);
#3746=ORIENTED_EDGE('',*,*,#2675,.T.);
#3747=ORIENTED_EDGE('',*,*,#2649,.F.);
#3748=ORIENTED_EDGE('',*,*,#2657,.F.);
#3749=ORIENTED_EDGE('',*,*,#2695,.F.);
#3750=ORIENTED_EDGE('',*,*,#2696,.F.);
#3751=ORIENTED_EDGE('',*,*,#2693,.F.);
#3752=ORIENTED_EDGE('',*,*,#2667,.T.);
#3753=ORIENTED_EDGE('',*,*,#2660,.F.);
#3754=ORIENTED_EDGE('',*,*,#2697,.F.);
#3755=ORIENTED_EDGE('',*,*,#2695,.T.);
#3756=ORIENTED_EDGE('',*,*,#2656,.T.);
#3757=ORIENTED_EDGE('',*,*,#2673,.T.);
#3758=ORIENTED_EDGE('',*,*,#2682,.T.);
#3759=ORIENTED_EDGE('',*,*,#2659,.F.);
#3760=ORIENTED_EDGE('',*,*,#2694,.F.);
#3761=ORIENTED_EDGE('',*,*,#2696,.T.);
#3762=ORIENTED_EDGE('',*,*,#2697,.T.);
#3763=ORIENTED_EDGE('',*,*,#2685,.T.);
#3764=ORIENTED_EDGE('',*,*,#2698,.F.);
#3765=ORIENTED_EDGE('',*,*,#2699,.T.);
#3766=ORIENTED_EDGE('',*,*,#2700,.F.);
#3767=ORIENTED_EDGE('',*,*,#2699,.F.);
#3768=ORIENTED_EDGE('',*,*,#2701,.F.);
#3769=ORIENTED_EDGE('',*,*,#2702,.T.);
#3770=ORIENTED_EDGE('',*,*,#2703,.F.);
#3771=ORIENTED_EDGE('',*,*,#2702,.F.);
#3772=ORIENTED_EDGE('',*,*,#2704,.F.);
#3773=ORIENTED_EDGE('',*,*,#2705,.T.);
#3774=ORIENTED_EDGE('',*,*,#2706,.F.);
#3775=ORIENTED_EDGE('',*,*,#2705,.F.);
#3776=ORIENTED_EDGE('',*,*,#2707,.F.);
#3777=ORIENTED_EDGE('',*,*,#2708,.T.);
#3778=ORIENTED_EDGE('',*,*,#2709,.F.);
#3779=ORIENTED_EDGE('',*,*,#2708,.F.);
#3780=ORIENTED_EDGE('',*,*,#2710,.F.);
#3781=ORIENTED_EDGE('',*,*,#2711,.T.);
#3782=ORIENTED_EDGE('',*,*,#2712,.F.);
#3783=ORIENTED_EDGE('',*,*,#2711,.F.);
#3784=ORIENTED_EDGE('',*,*,#2713,.F.);
#3785=ORIENTED_EDGE('',*,*,#2714,.T.);
#3786=ORIENTED_EDGE('',*,*,#2715,.F.);
#3787=ORIENTED_EDGE('',*,*,#2714,.F.);
#3788=ORIENTED_EDGE('',*,*,#2716,.F.);
#3789=ORIENTED_EDGE('',*,*,#2717,.T.);
#3790=ORIENTED_EDGE('',*,*,#2718,.F.);
#3791=ORIENTED_EDGE('',*,*,#2717,.F.);
#3792=ORIENTED_EDGE('',*,*,#2719,.F.);
#3793=ORIENTED_EDGE('',*,*,#2720,.T.);
#3794=ORIENTED_EDGE('',*,*,#2721,.F.);
#3795=ORIENTED_EDGE('',*,*,#2720,.F.);
#3796=ORIENTED_EDGE('',*,*,#2722,.F.);
#3797=ORIENTED_EDGE('',*,*,#2723,.T.);
#3798=ORIENTED_EDGE('',*,*,#2724,.F.);
#3799=ORIENTED_EDGE('',*,*,#2723,.F.);
#3800=ORIENTED_EDGE('',*,*,#2725,.F.);
#3801=ORIENTED_EDGE('',*,*,#2726,.T.);
#3802=ORIENTED_EDGE('',*,*,#2727,.F.);
#3803=ORIENTED_EDGE('',*,*,#2726,.F.);
#3804=ORIENTED_EDGE('',*,*,#2728,.F.);
#3805=ORIENTED_EDGE('',*,*,#2729,.T.);
#3806=ORIENTED_EDGE('',*,*,#2730,.F.);
#3807=ORIENTED_EDGE('',*,*,#2729,.F.);
#3808=ORIENTED_EDGE('',*,*,#2731,.F.);
#3809=ORIENTED_EDGE('',*,*,#2732,.T.);
#3810=ORIENTED_EDGE('',*,*,#2733,.F.);
#3811=ORIENTED_EDGE('',*,*,#2732,.F.);
#3812=ORIENTED_EDGE('',*,*,#2734,.F.);
#3813=ORIENTED_EDGE('',*,*,#2735,.T.);
#3814=ORIENTED_EDGE('',*,*,#2736,.F.);
#3815=ORIENTED_EDGE('',*,*,#2735,.F.);
#3816=ORIENTED_EDGE('',*,*,#2737,.F.);
#3817=ORIENTED_EDGE('',*,*,#2738,.T.);
#3818=ORIENTED_EDGE('',*,*,#2739,.F.);
#3819=ORIENTED_EDGE('',*,*,#2738,.F.);
#3820=ORIENTED_EDGE('',*,*,#2740,.F.);
#3821=ORIENTED_EDGE('',*,*,#2741,.T.);
#3822=ORIENTED_EDGE('',*,*,#2742,.F.);
#3823=ORIENTED_EDGE('',*,*,#2741,.F.);
#3824=ORIENTED_EDGE('',*,*,#2743,.F.);
#3825=ORIENTED_EDGE('',*,*,#2744,.T.);
#3826=ORIENTED_EDGE('',*,*,#2745,.F.);
#3827=ORIENTED_EDGE('',*,*,#2744,.F.);
#3828=ORIENTED_EDGE('',*,*,#2743,.T.);
#3829=ORIENTED_EDGE('',*,*,#2740,.T.);
#3830=ORIENTED_EDGE('',*,*,#2746,.F.);
#3831=ORIENTED_EDGE('',*,*,#2747,.F.);
#3832=ORIENTED_EDGE('',*,*,#2748,.F.);
#3833=ORIENTED_EDGE('',*,*,#2749,.F.);
#3834=ORIENTED_EDGE('',*,*,#2750,.F.);
#3835=ORIENTED_EDGE('',*,*,#2751,.F.);
#3836=ORIENTED_EDGE('',*,*,#2752,.F.);
#3837=ORIENTED_EDGE('',*,*,#2753,.F.);
#3838=ORIENTED_EDGE('',*,*,#2745,.T.);
#3839=ORIENTED_EDGE('',*,*,#2754,.T.);
#3840=ORIENTED_EDGE('',*,*,#2755,.T.);
#3841=ORIENTED_EDGE('',*,*,#2756,.T.);
#3842=ORIENTED_EDGE('',*,*,#2739,.T.);
#3843=ORIENTED_EDGE('',*,*,#2736,.T.);
#3844=ORIENTED_EDGE('',*,*,#2733,.T.);
#3845=ORIENTED_EDGE('',*,*,#2730,.T.);
#3846=ORIENTED_EDGE('',*,*,#2727,.T.);
#3847=ORIENTED_EDGE('',*,*,#2724,.T.);
#3848=ORIENTED_EDGE('',*,*,#2721,.T.);
#3849=ORIENTED_EDGE('',*,*,#2718,.T.);
#3850=ORIENTED_EDGE('',*,*,#2715,.T.);
#3851=ORIENTED_EDGE('',*,*,#2712,.T.);
#3852=ORIENTED_EDGE('',*,*,#2709,.T.);
#3853=ORIENTED_EDGE('',*,*,#2706,.T.);
#3854=ORIENTED_EDGE('',*,*,#2703,.T.);
#3855=ORIENTED_EDGE('',*,*,#2700,.T.);
#3856=ORIENTED_EDGE('',*,*,#2757,.F.);
#3857=ORIENTED_EDGE('',*,*,#2758,.T.);
#3858=ORIENTED_EDGE('',*,*,#2759,.F.);
#3859=ORIENTED_EDGE('',*,*,#2758,.F.);
#3860=ORIENTED_EDGE('',*,*,#2760,.F.);
#3861=ORIENTED_EDGE('',*,*,#2761,.T.);
#3862=ORIENTED_EDGE('',*,*,#2756,.F.);
#3863=ORIENTED_EDGE('',*,*,#2761,.F.);
#3864=ORIENTED_EDGE('',*,*,#2760,.T.);
#3865=ORIENTED_EDGE('',*,*,#2757,.T.);
#3866=ORIENTED_EDGE('',*,*,#2762,.F.);
#3867=ORIENTED_EDGE('',*,*,#2763,.T.);
#3868=ORIENTED_EDGE('',*,*,#2764,.F.);
#3869=ORIENTED_EDGE('',*,*,#2763,.F.);
#3870=ORIENTED_EDGE('',*,*,#2765,.F.);
#3871=ORIENTED_EDGE('',*,*,#2766,.T.);
#3872=ORIENTED_EDGE('',*,*,#2754,.F.);
#3873=ORIENTED_EDGE('',*,*,#2766,.F.);
#3874=ORIENTED_EDGE('',*,*,#2765,.T.);
#3875=ORIENTED_EDGE('',*,*,#2762,.T.);
#3876=ORIENTED_EDGE('',*,*,#2767,.F.);
#3877=ORIENTED_EDGE('',*,*,#2768,.T.);
#3878=ORIENTED_EDGE('',*,*,#2769,.F.);
#3879=ORIENTED_EDGE('',*,*,#2768,.F.);
#3880=ORIENTED_EDGE('',*,*,#2770,.F.);
#3881=ORIENTED_EDGE('',*,*,#2771,.T.);
#3882=ORIENTED_EDGE('',*,*,#2755,.F.);
#3883=ORIENTED_EDGE('',*,*,#2771,.F.);
#3884=ORIENTED_EDGE('',*,*,#2770,.T.);
#3885=ORIENTED_EDGE('',*,*,#2767,.T.);
#3886=ORIENTED_EDGE('',*,*,#2772,.T.);
#3887=ORIENTED_EDGE('',*,*,#2773,.T.);
#3888=ORIENTED_EDGE('',*,*,#2746,.T.);
#3889=ORIENTED_EDGE('',*,*,#2774,.T.);
#3890=ORIENTED_EDGE('',*,*,#2774,.F.);
#3891=ORIENTED_EDGE('',*,*,#2753,.T.);
#3892=ORIENTED_EDGE('',*,*,#2775,.F.);
#3893=ORIENTED_EDGE('',*,*,#2776,.F.);
#3894=ORIENTED_EDGE('',*,*,#2777,.T.);
#3895=ORIENTED_EDGE('',*,*,#2778,.T.);
#3896=ORIENTED_EDGE('',*,*,#2748,.T.);
#3897=ORIENTED_EDGE('',*,*,#2779,.T.);
#3898=ORIENTED_EDGE('',*,*,#2778,.F.);
#3899=ORIENTED_EDGE('',*,*,#2780,.F.);
#3900=ORIENTED_EDGE('',*,*,#2781,.F.);
#3901=ORIENTED_EDGE('',*,*,#2749,.T.);
#3902=ORIENTED_EDGE('',*,*,#2782,.T.);
#3903=ORIENTED_EDGE('',*,*,#2783,.T.);
#3904=ORIENTED_EDGE('',*,*,#2750,.T.);
#3905=ORIENTED_EDGE('',*,*,#2781,.T.);
#3906=ORIENTED_EDGE('',*,*,#2752,.T.);
#3907=ORIENTED_EDGE('',*,*,#2784,.T.);
#3908=ORIENTED_EDGE('',*,*,#2785,.T.);
#3909=ORIENTED_EDGE('',*,*,#2775,.T.);
#3910=ORIENTED_EDGE('',*,*,#2773,.F.);
#3911=ORIENTED_EDGE('',*,*,#2786,.F.);
#3912=ORIENTED_EDGE('',*,*,#2779,.F.);
#3913=ORIENTED_EDGE('',*,*,#2747,.T.);
#3914=ORIENTED_EDGE('',*,*,#2783,.F.);
#3915=ORIENTED_EDGE('',*,*,#2787,.F.);
#3916=ORIENTED_EDGE('',*,*,#2784,.F.);
#3917=ORIENTED_EDGE('',*,*,#2751,.T.);
#3918=ORIENTED_EDGE('',*,*,#2772,.F.);
#3919=ORIENTED_EDGE('',*,*,#2776,.T.);
#3920=ORIENTED_EDGE('',*,*,#2785,.F.);
#3921=ORIENTED_EDGE('',*,*,#2787,.T.);
#3922=ORIENTED_EDGE('',*,*,#2782,.F.);
#3923=ORIENTED_EDGE('',*,*,#2780,.T.);
#3924=ORIENTED_EDGE('',*,*,#2777,.F.);
#3925=ORIENTED_EDGE('',*,*,#2786,.T.);
#3926=ORIENTED_EDGE('',*,*,#2742,.T.);
#3927=ORIENTED_EDGE('',*,*,#2759,.T.);
#3928=ORIENTED_EDGE('',*,*,#2764,.T.);
#3929=ORIENTED_EDGE('',*,*,#2769,.T.);
#3930=ORIENTED_EDGE('',*,*,#2737,.T.);
#3931=ORIENTED_EDGE('',*,*,#2734,.T.);
#3932=ORIENTED_EDGE('',*,*,#2731,.T.);
#3933=ORIENTED_EDGE('',*,*,#2728,.T.);
#3934=ORIENTED_EDGE('',*,*,#2725,.T.);
#3935=ORIENTED_EDGE('',*,*,#2722,.T.);
#3936=ORIENTED_EDGE('',*,*,#2719,.T.);
#3937=ORIENTED_EDGE('',*,*,#2716,.T.);
#3938=ORIENTED_EDGE('',*,*,#2713,.T.);
#3939=ORIENTED_EDGE('',*,*,#2710,.T.);
#3940=ORIENTED_EDGE('',*,*,#2707,.T.);
#3941=ORIENTED_EDGE('',*,*,#2704,.T.);
#3942=ORIENTED_EDGE('',*,*,#2701,.T.);
#3943=ORIENTED_EDGE('',*,*,#2698,.T.);
#3944=TOROIDAL_SURFACE('',#4256,2.05,0.65);
#3945=TOROIDAL_SURFACE('',#4265,2.05000000000001,0.65);
#3946=TOROIDAL_SURFACE('',#4274,2.05000000000001,0.65);
#3947=TOROIDAL_SURFACE('',#4283,2.05000000000001,0.65);
#3948=TOROIDAL_SURFACE('',#4292,3.49999999999997,0.5);
#3949=TOROIDAL_SURFACE('',#4306,3.50000000000001,0.5);
#3950=TOROIDAL_SURFACE('',#4311,3.5,0.5);
#3951=TOROIDAL_SURFACE('',#4316,3.50000000000001,0.5);
#3952=TOROIDAL_SURFACE('',#4321,2.94102540378444,1.);
#3953=TOROIDAL_SURFACE('',#4325,2.94102540378444,1.);
#3954=TOROIDAL_SURFACE('',#4329,2.94102540378443,1.);
#3955=TOROIDAL_SURFACE('',#4333,2.94102540378443,1.);
#3956=TOROIDAL_SURFACE('',#4350,2.49999999999999,0.5);
#3957=TOROIDAL_SURFACE('',#4367,2.49999999999999,0.5);
#3958=TOROIDAL_SURFACE('',#4371,2.5,1.);
#3959=TOROIDAL_SURFACE('',#4377,2.5,1.);
#3960=TOROIDAL_SURFACE('',#4383,3.5,0.5);
#3961=TOROIDAL_SURFACE('',#4388,3.5,0.499999999999972);
#3962=TOROIDAL_SURFACE('',#4395,3.50000000000001,0.500000000000007);
#3963=TOROIDAL_SURFACE('',#4401,3.5,0.499999999999998);
#3964=TOROIDAL_SURFACE('',#4432,3.25,0.5);
#3965=TOROIDAL_SURFACE('',#4435,3.24999999999999,0.5);
#3966=TOROIDAL_SURFACE('',#4451,3.25,0.5);
#3967=TOROIDAL_SURFACE('',#4457,3.24999999999999,0.5);
#3968=TOROIDAL_SURFACE('',#4473,3.25,0.5);
#3969=TOROIDAL_SURFACE('',#4479,3.24999999999999,0.5);
#3970=TOROIDAL_SURFACE('',#4495,2.24999999999999,0.5);
#3971=TOROIDAL_SURFACE('',#4501,3.25,0.5);
#3972=TOROIDAL_SURFACE('',#4510,6.55,0.5);
#3973=TOROIDAL_SURFACE('',#4516,6.55,0.5);
#3974=TOROIDAL_SURFACE('',#4522,6.55,0.5);
#3975=TOROIDAL_SURFACE('',#4528,6.55,0.5);
#3976=TOROIDAL_SURFACE('',#4574,8.875,0.75);
#3977=TOROIDAL_SURFACE('',#4621,8.875,0.75);
#3978=TOROIDAL_SURFACE('',#4662,8.875,0.75);
#3979=TOROIDAL_SURFACE('',#4707,8.875,0.75);
#3980=ADVANCED_FACE('',(#929),#3944,.T.);
#3981=ADVANCED_FACE('',(#930,#695),#810,.T.);
#3982=ADVANCED_FACE('',(#931),#597,.F.);
#3983=ADVANCED_FACE('',(#932),#3945,.T.);
#3984=ADVANCED_FACE('',(#933,#696),#811,.T.);
#3985=ADVANCED_FACE('',(#934),#598,.F.);
#3986=ADVANCED_FACE('',(#935),#3946,.T.);
#3987=ADVANCED_FACE('',(#936,#697),#812,.T.);
#3988=ADVANCED_FACE('',(#937),#599,.F.);
#3989=ADVANCED_FACE('',(#938),#3947,.T.);
#3990=ADVANCED_FACE('',(#939,#698),#813,.T.);
#3991=ADVANCED_FACE('',(#940),#600,.F.);
#3992=ADVANCED_FACE('',(#941),#3948,.T.);
#3993=ADVANCED_FACE('',(#942,#699,#700,#701,#702),#814,.F.);
#3994=ADVANCED_FACE('',(#943),#601,.F.);
#3995=ADVANCED_FACE('',(#944),#3949,.T.);
#3996=ADVANCED_FACE('',(#945),#602,.F.);
#3997=ADVANCED_FACE('',(#946),#3950,.T.);
#3998=ADVANCED_FACE('',(#947),#603,.F.);
#3999=ADVANCED_FACE('',(#948),#3951,.T.);
#4000=ADVANCED_FACE('',(#949),#604,.F.);
#4001=ADVANCED_FACE('',(#950),#3952,.T.);
#4002=ADVANCED_FACE('',(#951,#703),#815,.T.);
#4003=ADVANCED_FACE('',(#952),#3953,.T.);
#4004=ADVANCED_FACE('',(#953,#704),#816,.T.);
#4005=ADVANCED_FACE('',(#954),#3954,.T.);
#4006=ADVANCED_FACE('',(#955,#705),#817,.T.);
#4007=ADVANCED_FACE('',(#956),#3955,.T.);
#4008=ADVANCED_FACE('',(#957,#706),#818,.T.);
#4009=ADVANCED_FACE('',(#958),#605,.T.);
#4010=ADVANCED_FACE('',(#959,#707,#708,#709,#710),#819,.T.);
#4011=ADVANCED_FACE('',(#960),#820,.T.);
#4012=ADVANCED_FACE('',(#961),#606,.T.);
#4013=ADVANCED_FACE('',(#962),#607,.T.);
#4014=ADVANCED_FACE('',(#963),#821,.T.);
#4015=ADVANCED_FACE('',(#964),#608,.T.);
#4016=ADVANCED_FACE('',(#965),#822,.T.);
#4017=ADVANCED_FACE('',(#966),#823,.T.);
#4018=ADVANCED_FACE('',(#967),#3956,.T.);
#4019=ADVANCED_FACE('',(#968,#711,#712,#713),#824,.T.);
#4020=ADVANCED_FACE('',(#969),#3957,.T.);
#4021=ADVANCED_FACE('',(#970),#3958,.T.);
#4022=ADVANCED_FACE('',(#971),#609,.F.);
#4023=ADVANCED_FACE('',(#972),#3959,.T.);
#4024=ADVANCED_FACE('',(#973),#610,.F.);
#4025=ADVANCED_FACE('',(#974),#3960,.T.);
#4026=ADVANCED_FACE('',(#975),#3961,.T.);
#4027=ADVANCED_FACE('',(#976),#611,.T.);
#4028=ADVANCED_FACE('',(#977),#612,.F.);
#4029=ADVANCED_FACE('',(#978),#3962,.T.);
#4030=ADVANCED_FACE('',(#979),#613,.T.);
#4031=ADVANCED_FACE('',(#980),#3963,.T.);
#4032=ADVANCED_FACE('',(#981),#614,.T.);
#4033=ADVANCED_FACE('',(#982),#615,.T.);
#4034=ADVANCED_FACE('',(#983),#616,.F.);
#4035=ADVANCED_FACE('',(#984),#617,.F.);
#4036=ADVANCED_FACE('',(#985),#618,.F.);
#4037=ADVANCED_FACE('',(#986,#714,#715,#716),#825,.T.);
#4038=ADVANCED_FACE('',(#987),#826,.F.);
#4039=ADVANCED_FACE('',(#988),#827,.F.);
#4040=ADVANCED_FACE('',(#989),#619,.F.);
#4041=ADVANCED_FACE('',(#990),#620,.F.);
#4042=ADVANCED_FACE('',(#991),#621,.F.);
#4043=ADVANCED_FACE('',(#992),#828,.F.);
#4044=ADVANCED_FACE('',(#993),#622,.F.);
#4045=ADVANCED_FACE('',(#994),#623,.F.);
#4046=ADVANCED_FACE('',(#995),#624,.F.);
#4047=ADVANCED_FACE('',(#996),#829,.F.);
#4048=ADVANCED_FACE('',(#997),#830,.F.);
#4049=ADVANCED_FACE('',(#998),#831,.F.);
#4050=ADVANCED_FACE('',(#999),#3964,.T.);
#4051=ADVANCED_FACE('',(#1000),#3965,.T.);
#4052=ADVANCED_FACE('',(#1001,#717),#832,.T.);
#4053=ADVANCED_FACE('',(#1002,#718),#833,.T.);
#4054=ADVANCED_FACE('',(#1003),#625,.F.);
#4055=ADVANCED_FACE('',(#1004),#626,.F.);
#4056=ADVANCED_FACE('',(#1005),#834,.F.);
#4057=ADVANCED_FACE('',(#1006),#835,.T.);
#4058=ADVANCED_FACE('',(#1007,#719,#720,#721,#722,#723),#836,.F.);
#4059=ADVANCED_FACE('',(#1008),#837,.T.);
#4060=ADVANCED_FACE('',(#1009),#838,.F.);
#4061=ADVANCED_FACE('',(#1010),#3966,.T.);
#4062=ADVANCED_FACE('',(#1011,#724,#725),#839,.T.);
#4063=ADVANCED_FACE('',(#1012),#3967,.T.);
#4064=ADVANCED_FACE('',(#1013,#726),#840,.T.);
#4065=ADVANCED_FACE('',(#1014,#727),#841,.T.);
#4066=ADVANCED_FACE('',(#1015),#627,.F.);
#4067=ADVANCED_FACE('',(#1016),#628,.F.);
#4068=ADVANCED_FACE('',(#1017),#842,.F.);
#4069=ADVANCED_FACE('',(#1018,#728,#729),#843,.T.);
#4070=ADVANCED_FACE('',(#1019),#844,.F.);
#4071=ADVANCED_FACE('',(#1020),#845,.T.);
#4072=ADVANCED_FACE('',(#1021),#846,.F.);
#4073=ADVANCED_FACE('',(#1022),#3968,.T.);
#4074=ADVANCED_FACE('',(#1023,#730,#731),#847,.T.);
#4075=ADVANCED_FACE('',(#1024),#3969,.T.);
#4076=ADVANCED_FACE('',(#1025,#732),#848,.T.);
#4077=ADVANCED_FACE('',(#1026,#733),#849,.T.);
#4078=ADVANCED_FACE('',(#1027),#629,.F.);
#4079=ADVANCED_FACE('',(#1028),#630,.F.);
#4080=ADVANCED_FACE('',(#1029),#850,.F.);
#4081=ADVANCED_FACE('',(#1030),#851,.F.);
#4082=ADVANCED_FACE('',(#1031),#852,.T.);
#4083=ADVANCED_FACE('',(#1032),#853,.F.);
#4084=ADVANCED_FACE('',(#1033,#734,#735),#854,.T.);
#4085=ADVANCED_FACE('',(#1034),#3970,.F.);
#4086=ADVANCED_FACE('',(#1035,#736),#855,.T.);
#4087=ADVANCED_FACE('',(#1036),#3971,.T.);
#4088=ADVANCED_FACE('',(#1037,#737,#738,#739,#740,#741,#742),#856,.T.);
#4089=ADVANCED_FACE('',(#1038),#3972,.T.);
#4090=ADVANCED_FACE('',(#1039),#631,.F.);
#4091=ADVANCED_FACE('',(#1040),#3973,.T.);
#4092=ADVANCED_FACE('',(#1041),#632,.F.);
#4093=ADVANCED_FACE('',(#1042),#3974,.T.);
#4094=ADVANCED_FACE('',(#1043),#633,.F.);
#4095=ADVANCED_FACE('',(#1044),#3975,.T.);
#4096=ADVANCED_FACE('',(#1045),#634,.F.);
#4097=ADVANCED_FACE('',(#1046,#743),#857,.T.);
#4098=ADVANCED_FACE('',(#1047),#635,.F.);
#4099=ADVANCED_FACE('',(#1048),#636,.F.);
#4100=ADVANCED_FACE('',(#1049),#858,.F.);
#4101=ADVANCED_FACE('',(#1050),#859,.F.);
#4102=ADVANCED_FACE('',(#1051,#744,#745,#746,#747,#748,#749),#860,.F.);
#4103=ADVANCED_FACE('',(#1052),#861,.F.);
#4104=ADVANCED_FACE('',(#1053),#862,.F.);
#4105=ADVANCED_FACE('',(#1054),#637,.T.);
#4106=ADVANCED_FACE('',(#1055),#863,.F.);
#4107=ADVANCED_FACE('',(#1056),#864,.T.);
#4108=ADVANCED_FACE('',(#1057,#750),#865,.F.);
#4109=ADVANCED_FACE('',(#1058),#638,.F.);
#4110=ADVANCED_FACE('',(#1059),#866,.T.);
#4111=ADVANCED_FACE('',(#1060),#639,.F.);
#4112=ADVANCED_FACE('',(#1061),#640,.F.);
#4113=ADVANCED_FACE('',(#1062),#641,.F.);
#4114=ADVANCED_FACE('',(#1063),#642,.F.);
#4115=ADVANCED_FACE('',(#1064),#867,.T.);
#4116=ADVANCED_FACE('',(#1065),#643,.F.);
#4117=ADVANCED_FACE('',(#1066),#868,.T.);
#4118=ADVANCED_FACE('',(#1067),#3976,.T.);
#4119=ADVANCED_FACE('',(#1068),#644,.F.);
#4120=ADVANCED_FACE('',(#1069,#751),#869,.T.);
#4121=ADVANCED_FACE('',(#1070),#870,.T.);
#4122=ADVANCED_FACE('',(#1071),#871,.F.);
#4123=ADVANCED_FACE('',(#1072),#872,.F.);
#4124=ADVANCED_FACE('',(#1073),#873,.T.);
#4125=ADVANCED_FACE('',(#1074,#752),#874,.T.);
#4126=ADVANCED_FACE('',(#1075,#753,#754),#875,.T.);
#4127=ADVANCED_FACE('',(#1076),#876,.T.);
#4128=ADVANCED_FACE('',(#1077),#645,.T.);
#4129=ADVANCED_FACE('',(#1078,#755),#877,.T.);
#4130=ADVANCED_FACE('',(#1079),#878,.T.);
#4131=ADVANCED_FACE('',(#1080),#879,.T.);
#4132=ADVANCED_FACE('',(#1081,#756),#880,.F.);
#4133=ADVANCED_FACE('',(#1082),#646,.F.);
#4134=ADVANCED_FACE('',(#1083),#881,.T.);
#4135=ADVANCED_FACE('',(#1084),#647,.F.);
#4136=ADVANCED_FACE('',(#1085),#882,.T.);
#4137=ADVANCED_FACE('',(#1086),#648,.F.);
#4138=ADVANCED_FACE('',(#1087),#649,.F.);
#4139=ADVANCED_FACE('',(#1088),#650,.F.);
#4140=ADVANCED_FACE('',(#1089),#883,.T.);
#4141=ADVANCED_FACE('',(#1090),#651,.F.);
#4142=ADVANCED_FACE('',(#1091),#884,.T.);
#4143=ADVANCED_FACE('',(#1092),#3977,.T.);
#4144=ADVANCED_FACE('',(#1093),#652,.F.);
#4145=ADVANCED_FACE('',(#1094),#885,.T.);
#4146=ADVANCED_FACE('',(#1095),#886,.F.);
#4147=ADVANCED_FACE('',(#1096),#887,.F.);
#4148=ADVANCED_FACE('',(#1097),#888,.F.);
#4149=ADVANCED_FACE('',(#1098,#757,#758),#889,.T.);
#4150=ADVANCED_FACE('',(#1099,#759),#890,.T.);
#4151=ADVANCED_FACE('',(#1100),#653,.T.);
#4152=ADVANCED_FACE('',(#1101),#891,.T.);
#4153=ADVANCED_FACE('',(#1102),#892,.F.);
#4154=ADVANCED_FACE('',(#1103),#893,.T.);
#4155=ADVANCED_FACE('',(#1104),#894,.F.);
#4156=ADVANCED_FACE('',(#1105),#654,.F.);
#4157=ADVANCED_FACE('',(#1106),#895,.T.);
#4158=ADVANCED_FACE('',(#1107),#655,.F.);
#4159=ADVANCED_FACE('',(#1108),#656,.F.);
#4160=ADVANCED_FACE('',(#1109),#657,.F.);
#4161=ADVANCED_FACE('',(#1110),#658,.F.);
#4162=ADVANCED_FACE('',(#1111),#896,.T.);
#4163=ADVANCED_FACE('',(#1112),#659,.F.);
#4164=ADVANCED_FACE('',(#1113),#897,.T.);
#4165=ADVANCED_FACE('',(#1114),#3978,.T.);
#4166=ADVANCED_FACE('',(#1115),#660,.F.);
#4167=ADVANCED_FACE('',(#1116,#760),#898,.T.);
#4168=ADVANCED_FACE('',(#1117),#899,.T.);
#4169=ADVANCED_FACE('',(#1118),#900,.F.);
#4170=ADVANCED_FACE('',(#1119,#761),#901,.F.);
#4171=ADVANCED_FACE('',(#1120,#762),#902,.T.);
#4172=ADVANCED_FACE('',(#1121),#903,.T.);
#4173=ADVANCED_FACE('',(#1122,#763,#764),#904,.T.);
#4174=ADVANCED_FACE('',(#1123),#661,.T.);
#4175=ADVANCED_FACE('',(#1124),#905,.T.);
#4176=ADVANCED_FACE('',(#1125,#765),#906,.T.);
#4177=ADVANCED_FACE('',(#1126),#907,.F.);
#4178=ADVANCED_FACE('',(#1127),#662,.F.);
#4179=ADVANCED_FACE('',(#1128),#908,.T.);
#4180=ADVANCED_FACE('',(#1129),#663,.F.);
#4181=ADVANCED_FACE('',(#1130),#909,.T.);
#4182=ADVANCED_FACE('',(#1131),#664,.F.);
#4183=ADVANCED_FACE('',(#1132),#665,.F.);
#4184=ADVANCED_FACE('',(#1133),#666,.F.);
#4185=ADVANCED_FACE('',(#1134),#910,.T.);
#4186=ADVANCED_FACE('',(#1135),#667,.F.);
#4187=ADVANCED_FACE('',(#1136),#911,.T.);
#4188=ADVANCED_FACE('',(#1137),#3979,.T.);
#4189=ADVANCED_FACE('',(#1138),#668,.F.);
#4190=ADVANCED_FACE('',(#1139),#912,.T.);
#4191=ADVANCED_FACE('',(#1140),#913,.F.);
#4192=ADVANCED_FACE('',(#1141),#914,.F.);
#4193=ADVANCED_FACE('',(#1142),#915,.T.);
#4194=ADVANCED_FACE('',(#1143,#766),#916,.F.);
#4195=ADVANCED_FACE('',(#1144,#767,#768),#917,.T.);
#4196=ADVANCED_FACE('',(#1145,#769),#918,.T.);
#4197=ADVANCED_FACE('',(#1146),#669,.F.);
#4198=ADVANCED_FACE('',(#1147),#670,.F.);
#4199=ADVANCED_FACE('',(#1148),#671,.F.);
#4200=ADVANCED_FACE('',(#1149),#672,.F.);
#4201=ADVANCED_FACE('',(#1150),#673,.F.);
#4202=ADVANCED_FACE('',(#1151),#674,.F.);
#4203=ADVANCED_FACE('',(#1152),#675,.F.);
#4204=ADVANCED_FACE('',(#1153),#676,.F.);
#4205=ADVANCED_FACE('',(#1154),#677,.F.);
#4206=ADVANCED_FACE('',(#1155),#678,.F.);
#4207=ADVANCED_FACE('',(#1156),#679,.F.);
#4208=ADVANCED_FACE('',(#1157),#680,.F.);
#4209=ADVANCED_FACE('',(#1158),#681,.F.);
#4210=ADVANCED_FACE('',(#1159),#682,.F.);
#4211=ADVANCED_FACE('',(#1160),#683,.F.);
#4212=ADVANCED_FACE('',(#1161),#684,.T.);
#4213=ADVANCED_FACE('',(#1162,#770),#919,.F.);
#4214=ADVANCED_FACE('',(#1163,#771,#772,#773,#774,#775,#776,#777,#778,#779,
#780,#781,#782,#783,#784,#785,#786,#787,#788),#920,.F.);
#4215=ADVANCED_FACE('',(#1164),#685,.F.);
#4216=ADVANCED_FACE('',(#1165),#686,.T.);
#4217=ADVANCED_FACE('',(#1166,#789),#921,.F.);
#4218=ADVANCED_FACE('',(#1167),#687,.F.);
#4219=ADVANCED_FACE('',(#1168),#688,.T.);
#4220=ADVANCED_FACE('',(#1169,#790),#922,.F.);
#4221=ADVANCED_FACE('',(#1170),#689,.F.);
#4222=ADVANCED_FACE('',(#1171),#690,.T.);
#4223=ADVANCED_FACE('',(#1172,#791),#923,.F.);
#4224=ADVANCED_FACE('',(#1173),#691,.T.);
#4225=ADVANCED_FACE('',(#1174),#924,.T.);
#4226=ADVANCED_FACE('',(#1175),#692,.T.);
#4227=ADVANCED_FACE('',(#1176),#925,.T.);
#4228=ADVANCED_FACE('',(#1177),#693,.T.);
#4229=ADVANCED_FACE('',(#1178),#694,.T.);
#4230=ADVANCED_FACE('',(#1179),#926,.T.);
#4231=ADVANCED_FACE('',(#1180),#927,.T.);
#4232=ADVANCED_FACE('',(#1181,#792,#793,#794,#795,#796,#797,#798,#799,#800,
#801,#802,#803,#804,#805,#806,#807,#808,#809),#928,.T.);
#4233=CLOSED_SHELL('',(#3980,#3981,#3982,#3983,#3984,#3985,#3986,#3987,
#3988,#3989,#3990,#3991,#3992,#3993,#3994,#3995,#3996,#3997,#3998,#3999,
#4000,#4001,#4002,#4003,#4004,#4005,#4006,#4007,#4008,#4009,#4010,#4011,
#4012,#4013,#4014,#4015,#4016,#4017));
#4234=CLOSED_SHELL('',(#4018,#4019,#4020,#4021,#4022,#4023,#4024,#4025,
#4026,#4027,#4028,#4029,#4030,#4031,#4032,#4033,#4034,#4035,#4036,#4037,
#4038,#4039,#4040,#4041,#4042,#4043,#4044,#4045,#4046,#4047,#4048,#4049,
#4050,#4051,#4052,#4053,#4054,#4055,#4056,#4057,#4058,#4059,#4060));
#4235=CLOSED_SHELL('',(#4061,#4062,#4063,#4064,#4065,#4066,#4067,#4068,
#4069,#4070,#4071,#4072));
#4236=CLOSED_SHELL('',(#4073,#4074,#4075,#4076,#4077,#4078,#4079,#4080,
#4081,#4082,#4083,#4084));
#4237=CLOSED_SHELL('',(#4085,#4086,#4087,#4088,#4089,#4090,#4091,#4092,
#4093,#4094,#4095,#4096,#4097,#4098,#4099,#4100,#4101,#4102,#4103,#4104));
#4238=CLOSED_SHELL('',(#4105,#4106,#4107,#4108,#4109,#4110,#4111,#4112,
#4113,#4114,#4115,#4116,#4117,#4118,#4119,#4120,#4121,#4122,#4123,#4124,
#4125,#4126,#4127));
#4239=CLOSED_SHELL('',(#4128,#4129,#4130,#4131,#4132,#4133,#4134,#4135,
#4136,#4137,#4138,#4139,#4140,#4141,#4142,#4143,#4144,#4145,#4146,#4147,
#4148,#4149,#4150));
#4240=CLOSED_SHELL('',(#4151,#4152,#4153,#4154,#4155,#4156,#4157,#4158,
#4159,#4160,#4161,#4162,#4163,#4164,#4165,#4166,#4167,#4168,#4169,#4170,
#4171,#4172,#4173));
#4241=CLOSED_SHELL('',(#4174,#4175,#4176,#4177,#4178,#4179,#4180,#4181,
#4182,#4183,#4184,#4185,#4186,#4187,#4188,#4189,#4190,#4191,#4192,#4193,
#4194,#4195,#4196));
#4242=CLOSED_SHELL('',(#4197,#4198,#4199,#4200,#4201,#4202,#4203,#4204,
#4205,#4206,#4207,#4208,#4209,#4210,#4211,#4212,#4213,#4214,#4215,#4216,
#4217,#4218,#4219,#4220,#4221,#4222,#4223,#4224,#4225,#4226,#4227,#4228,
#4229,#4230,#4231,#4232));
#4243=DERIVED_UNIT_ELEMENT(#4245,1.);
#4244=DERIVED_UNIT_ELEMENT(#7546,-3.);
#4245=(
MASS_UNIT()
NAMED_UNIT(*)
SI_UNIT(.KILO.,.GRAM.)
);
#4246=DERIVED_UNIT((#4243,#4244));
#4247=MEASURE_REPRESENTATION_ITEM('density measure',
POSITIVE_RATIO_MEASURE(7850.),#4246);
#4248=PROPERTY_DEFINITION_REPRESENTATION(#4253,#4250);
#4249=PROPERTY_DEFINITION_REPRESENTATION(#4254,#4251);
#4250=REPRESENTATION('material name',(#4252),#7543);
#4251=REPRESENTATION('density',(#4247),#7543);
#4252=DESCRIPTIVE_REPRESENTATION_ITEM('\X2\92FC\X0\','\X2\92FC\X0\');
#4253=PROPERTY_DEFINITION('material property','material name',#7553);
#4254=PROPERTY_DEFINITION('material property','density of part',#7553);
#4255=AXIS2_PLACEMENT_3D('',#6179,#4807,#4808);
#4256=AXIS2_PLACEMENT_3D('',#6180,#4809,#4810);
#4257=AXIS2_PLACEMENT_3D('',#6183,#4811,#4812);
#4258=AXIS2_PLACEMENT_3D('',#6185,#4813,#4814);
#4259=AXIS2_PLACEMENT_3D('',#6186,#4815,#4816);
#4260=AXIS2_PLACEMENT_3D('',#6187,#4817,#4818);
#4261=AXIS2_PLACEMENT_3D('',#6188,#4819,#4820);
#4262=AXIS2_PLACEMENT_3D('',#6190,#4821,#4822);
#4263=AXIS2_PLACEMENT_3D('',#6191,#4823,#4824);
#4264=AXIS2_PLACEMENT_3D('',#6194,#4826,#4827);
#4265=AXIS2_PLACEMENT_3D('',#6195,#4828,#4829);
#4266=AXIS2_PLACEMENT_3D('',#6198,#4830,#4831);
#4267=AXIS2_PLACEMENT_3D('',#6200,#4832,#4833);
#4268=AXIS2_PLACEMENT_3D('',#6201,#4834,#4835);
#4269=AXIS2_PLACEMENT_3D('',#6202,#4836,#4837);
#4270=AXIS2_PLACEMENT_3D('',#6203,#4838,#4839);
#4271=AXIS2_PLACEMENT_3D('',#6205,#4840,#4841);
#4272=AXIS2_PLACEMENT_3D('',#6206,#4842,#4843);
#4273=AXIS2_PLACEMENT_3D('',#6209,#4845,#4846);
#4274=AXIS2_PLACEMENT_3D('',#6210,#4847,#4848);
#4275=AXIS2_PLACEMENT_3D('',#6213,#4849,#4850);
#4276=AXIS2_PLACEMENT_3D('',#6215,#4851,#4852);
#4277=AXIS2_PLACEMENT_3D('',#6216,#4853,#4854);
#4278=AXIS2_PLACEMENT_3D('',#6217,#4855,#4856);
#4279=AXIS2_PLACEMENT_3D('',#6218,#4857,#4858);
#4280=AXIS2_PLACEMENT_3D('',#6220,#4859,#4860);
#4281=AXIS2_PLACEMENT_3D('',#6221,#4861,#4862);
#4282=AXIS2_PLACEMENT_3D('',#6224,#4864,#4865);
#4283=AXIS2_PLACEMENT_3D('',#6225,#4866,#4867);
#4284=AXIS2_PLACEMENT_3D('',#6228,#4868,#4869);
#4285=AXIS2_PLACEMENT_3D('',#6230,#4870,#4871);
#4286=AXIS2_PLACEMENT_3D('',#6231,#4872,#4873);
#4287=AXIS2_PLACEMENT_3D('',#6232,#4874,#4875);
#4288=AXIS2_PLACEMENT_3D('',#6233,#4876,#4877);
#4289=AXIS2_PLACEMENT_3D('',#6235,#4878,#4879);
#4290=AXIS2_PLACEMENT_3D('',#6236,#4880,#4881);
#4291=AXIS2_PLACEMENT_3D('',#6239,#4883,#4884);
#4292=AXIS2_PLACEMENT_3D('',#6240,#4885,#4886);
#4293=AXIS2_PLACEMENT_3D('',#6242,#4887,#4888);
#4294=AXIS2_PLACEMENT_3D('',#6244,#4889,#4890);
#4295=AXIS2_PLACEMENT_3D('',#6245,#4891,#4892);
#4296=AXIS2_PLACEMENT_3D('',#6246,#4893,#4894);
#4297=AXIS2_PLACEMENT_3D('',#6249,#4895,#4896);
#4298=AXIS2_PLACEMENT_3D('',#6253,#4898,#4899);
#4299=AXIS2_PLACEMENT_3D('',#6257,#4901,#4902);
#4300=AXIS2_PLACEMENT_3D('',#6261,#4904,#4905);
#4301=AXIS2_PLACEMENT_3D('',#6264,#4907,#4908);
#4302=AXIS2_PLACEMENT_3D('',#6266,#4909,#4910);
#4303=AXIS2_PLACEMENT_3D('',#6268,#4911,#4912);
#4304=AXIS2_PLACEMENT_3D('',#6269,#4913,#4914);
#4305=AXIS2_PLACEMENT_3D('',#6272,#4916,#4917);
#4306=AXIS2_PLACEMENT_3D('',#6273,#4918,#4919);
#4307=AXIS2_PLACEMENT_3D('',#6275,#4920,#4921);
#4308=AXIS2_PLACEMENT_3D('',#6276,#4922,#4923);
#4309=AXIS2_PLACEMENT_3D('',#6277,#4924,#4925);
#4310=AXIS2_PLACEMENT_3D('',#6280,#4927,#4928);
#4311=AXIS2_PLACEMENT_3D('',#6281,#4929,#4930);
#4312=AXIS2_PLACEMENT_3D('',#6283,#4931,#4932);
#4313=AXIS2_PLACEMENT_3D('',#6284,#4933,#4934);
#4314=AXIS2_PLACEMENT_3D('',#6285,#4935,#4936);
#4315=AXIS2_PLACEMENT_3D('',#6288,#4938,#4939);
#4316=AXIS2_PLACEMENT_3D('',#6289,#4940,#4941);
#4317=AXIS2_PLACEMENT_3D('',#6291,#4942,#4943);
#4318=AXIS2_PLACEMENT_3D('',#6292,#4944,#4945);
#4319=AXIS2_PLACEMENT_3D('',#6293,#4946,#4947);
#4320=AXIS2_PLACEMENT_3D('',#6296,#4949,#4950);
#4321=AXIS2_PLACEMENT_3D('',#6297,#4951,#4952);
#4322=AXIS2_PLACEMENT_3D('',#6299,#4953,#4954);
#4323=AXIS2_PLACEMENT_3D('',#6300,#4955,#4956);
#4324=AXIS2_PLACEMENT_3D('',#6301,#4957,#4958);
#4325=AXIS2_PLACEMENT_3D('',#6302,#4959,#4960);
#4326=AXIS2_PLACEMENT_3D('',#6304,#4961,#4962);
#4327=AXIS2_PLACEMENT_3D('',#6305,#4963,#4964);
#4328=AXIS2_PLACEMENT_3D('',#6306,#4965,#4966);
#4329=AXIS2_PLACEMENT_3D('',#6307,#4967,#4968);
#4330=AXIS2_PLACEMENT_3D('',#6309,#4969,#4970);
#4331=AXIS2_PLACEMENT_3D('',#6310,#4971,#4972);
#4332=AXIS2_PLACEMENT_3D('',#6311,#4973,#4974);
#4333=AXIS2_PLACEMENT_3D('',#6312,#4975,#4976);
#4334=AXIS2_PLACEMENT_3D('',#6314,#4977,#4978);
#4335=AXIS2_PLACEMENT_3D('',#6315,#4979,#4980);
#4336=AXIS2_PLACEMENT_3D('',#6316,#4981,#4982);
#4337=AXIS2_PLACEMENT_3D('',#6317,#4983,#4984);
#4338=AXIS2_PLACEMENT_3D('',#6320,#4985,#4986);
#4339=AXIS2_PLACEMENT_3D('',#6323,#4989,#4990);
#4340=AXIS2_PLACEMENT_3D('',#6327,#4992,#4993);
#4341=AXIS2_PLACEMENT_3D('',#6331,#4995,#4996);
#4342=AXIS2_PLACEMENT_3D('',#6335,#4998,#4999);
#4343=AXIS2_PLACEMENT_3D('',#6337,#5001,#5002);
#4344=AXIS2_PLACEMENT_3D('',#6339,#5004,#5005);
#4345=AXIS2_PLACEMENT_3D('',#6341,#5007,#5008);
#4346=AXIS2_PLACEMENT_3D('',#6344,#5011,#5012);
#4347=AXIS2_PLACEMENT_3D('',#6346,#5014,#5015);
#4348=AXIS2_PLACEMENT_3D('',#6348,#5017,#5018);
#4349=AXIS2_PLACEMENT_3D('',#6349,#5019,#5020);
#4350=AXIS2_PLACEMENT_3D('',#6350,#5021,#5022);
#4351=AXIS2_PLACEMENT_3D('',#6352,#5023,#5024);
#4352=AXIS2_PLACEMENT_3D('',#6354,#5025,#5026);
#4353=AXIS2_PLACEMENT_3D('',#6356,#5027,#5028);
#4354=AXIS2_PLACEMENT_3D('',#6357,#5029,#5030);
#4355=AXIS2_PLACEMENT_3D('',#6358,#5031,#5032);
#4356=AXIS2_PLACEMENT_3D('',#6361,#5033,#5034);
#4357=AXIS2_PLACEMENT_3D('',#6365,#5036,#5037);
#4358=AXIS2_PLACEMENT_3D('',#6369,#5039,#5040);
#4359=AXIS2_PLACEMENT_3D('',#6373,#5042,#5043);
#4360=AXIS2_PLACEMENT_3D('',#6376,#5045,#5046);
#4361=AXIS2_PLACEMENT_3D('',#6379,#5047,#5048);
#4362=AXIS2_PLACEMENT_3D('',#6383,#5050,#5051);
#4363=AXIS2_PLACEMENT_3D('',#6385,#5052,#5053);
#4364=AXIS2_PLACEMENT_3D('',#6387,#5054,#5055);
#4365=AXIS2_PLACEMENT_3D('',#6391,#5057,#5058);
#4366=AXIS2_PLACEMENT_3D('',#6392,#5059,#5060);
#4367=AXIS2_PLACEMENT_3D('',#6393,#5061,#5062);
#4368=AXIS2_PLACEMENT_3D('',#6395,#5063,#5064);
#4369=AXIS2_PLACEMENT_3D('',#6397,#5065,#5066);
#4370=AXIS2_PLACEMENT_3D('',#6398,#5067,#5068);
#4371=AXIS2_PLACEMENT_3D('',#6399,#5069,#5070);
#4372=AXIS2_PLACEMENT_3D('',#6402,#5071,#5072);
#4373=AXIS2_PLACEMENT_3D('',#6403,#5073,#5074);
#4374=AXIS2_PLACEMENT_3D('',#6404,#5075,#5076);
#4375=AXIS2_PLACEMENT_3D('',#6405,#5077,#5078);
#4376=AXIS2_PLACEMENT_3D('',#6408,#5080,#5081);
#4377=AXIS2_PLACEMENT_3D('',#6409,#5082,#5083);
#4378=AXIS2_PLACEMENT_3D('',#6412,#5084,#5085);
#4379=AXIS2_PLACEMENT_3D('',#6413,#5086,#5087);
#4380=AXIS2_PLACEMENT_3D('',#6414,#5088,#5089);
#4381=AXIS2_PLACEMENT_3D('',#6415,#5090,#5091);
#4382=AXIS2_PLACEMENT_3D('',#6418,#5093,#5094);
#4383=AXIS2_PLACEMENT_3D('',#6419,#5095,#5096);
#4384=AXIS2_PLACEMENT_3D('',#6422,#5097,#5098);
#4385=AXIS2_PLACEMENT_3D('',#6424,#5099,#5100);
#4386=AXIS2_PLACEMENT_3D('',#6426,#5101,#5102);
#4387=AXIS2_PLACEMENT_3D('',#6427,#5103,#5104);
#4388=AXIS2_PLACEMENT_3D('',#6428,#5105,#5106);
#4389=AXIS2_PLACEMENT_3D('',#6431,#5107,#5108);
#4390=AXIS2_PLACEMENT_3D('',#6433,#5109,#5110);
#4391=AXIS2_PLACEMENT_3D('',#6435,#5111,#5112);
#4392=AXIS2_PLACEMENT_3D('',#6436,#5113,#5114);
#4393=AXIS2_PLACEMENT_3D('',#6437,#5115,#5116);
#4394=AXIS2_PLACEMENT_3D('',#6440,#5119,#5120);
#4395=AXIS2_PLACEMENT_3D('',#6443,#5123,#5124);
#4396=AXIS2_PLACEMENT_3D('',#6446,#5125,#5126);
#4397=AXIS2_PLACEMENT_3D('',#6448,#5127,#5128);
#4398=AXIS2_PLACEMENT_3D('',#6450,#5129,#5130);
#4399=AXIS2_PLACEMENT_3D('',#6451,#5131,#5132);
#4400=AXIS2_PLACEMENT_3D('',#6452,#5133,#5134);
#4401=AXIS2_PLACEMENT_3D('',#6455,#5137,#5138);
#4402=AXIS2_PLACEMENT_3D('',#6458,#5139,#5140);
#4403=AXIS2_PLACEMENT_3D('',#6460,#5141,#5142);
#4404=AXIS2_PLACEMENT_3D('',#6462,#5143,#5144);
#4405=AXIS2_PLACEMENT_3D('',#6463,#5145,#5146);
#4406=AXIS2_PLACEMENT_3D('',#6464,#5147,#5148);
#4407=AXIS2_PLACEMENT_3D('',#6467,#5151,#5152);
#4408=AXIS2_PLACEMENT_3D('',#6470,#5155,#5156);
#4409=AXIS2_PLACEMENT_3D('',#6473,#5159,#5160);
#4410=AXIS2_PLACEMENT_3D('',#6476,#5163,#5164);
#4411=AXIS2_PLACEMENT_3D('',#6479,#5167,#5168);
#4412=AXIS2_PLACEMENT_3D('',#6489,#5173,#5174);
#4413=AXIS2_PLACEMENT_3D('',#6491,#5175,#5176);
#4414=AXIS2_PLACEMENT_3D('',#6492,#5177,#5178);
#4415=AXIS2_PLACEMENT_3D('',#6493,#5179,#5180);
#4416=AXIS2_PLACEMENT_3D('',#6494,#5181,#5182);
#4417=AXIS2_PLACEMENT_3D('',#6498,#5184,#5185);
#4418=AXIS2_PLACEMENT_3D('',#6500,#5187,#5188);
#4419=AXIS2_PLACEMENT_3D('',#6503,#5190,#5191);
#4420=AXIS2_PLACEMENT_3D('',#6504,#5192,#5193);
#4421=AXIS2_PLACEMENT_3D('',#6507,#5195,#5196);
#4422=AXIS2_PLACEMENT_3D('',#6508,#5197,#5198);
#4423=AXIS2_PLACEMENT_3D('',#6512,#5201,#5202);
#4424=AXIS2_PLACEMENT_3D('',#6515,#5204,#5205);
#4425=AXIS2_PLACEMENT_3D('',#6516,#5206,#5207);
#4426=AXIS2_PLACEMENT_3D('',#6519,#5209,#5210);
#4427=AXIS2_PLACEMENT_3D('',#6520,#5211,#5212);
#4428=AXIS2_PLACEMENT_3D('',#6523,#5214,#5215);
#4429=AXIS2_PLACEMENT_3D('',#6524,#5216,#5217);
#4430=AXIS2_PLACEMENT_3D('',#6526,#5219,#5220);
#4431=AXIS2_PLACEMENT_3D('',#6527,#5221,#5222);
#4432=AXIS2_PLACEMENT_3D('',#6528,#5223,#5224);
#4433=AXIS2_PLACEMENT_3D('',#6530,#5225,#5226);
#4434=AXIS2_PLACEMENT_3D('',#6531,#5227,#5228);
#4435=AXIS2_PLACEMENT_3D('',#6532,#5229,#5230);
#4436=AXIS2_PLACEMENT_3D('',#6534,#5231,#5232);
#4437=AXIS2_PLACEMENT_3D('',#6535,#5233,#5234);
#4438=AXIS2_PLACEMENT_3D('',#6536,#5235,#5236);
#4439=AXIS2_PLACEMENT_3D('',#6538,#5237,#5238);
#4440=AXIS2_PLACEMENT_3D('',#6539,#5239,#5240);
#4441=AXIS2_PLACEMENT_3D('',#6541,#5241,#5242);
#4442=AXIS2_PLACEMENT_3D('',#6542,#5243,#5244);
#4443=AXIS2_PLACEMENT_3D('',#6545,#5246,#5247);
#4444=AXIS2_PLACEMENT_3D('',#6546,#5248,#5249);
#4445=AXIS2_PLACEMENT_3D('',#6549,#5251,#5252);
#4446=AXIS2_PLACEMENT_3D('',#6550,#5253,#5254);
#4447=AXIS2_PLACEMENT_3D('',#6556,#5258,#5259);
#4448=AXIS2_PLACEMENT_3D('',#6560,#5262,#5263);
#4449=AXIS2_PLACEMENT_3D('',#6564,#5266,#5267);
#4450=AXIS2_PLACEMENT_3D('',#6566,#5269,#5270);
#4451=AXIS2_PLACEMENT_3D('',#6567,#5271,#5272);
#4452=AXIS2_PLACEMENT_3D('',#6569,#5273,#5274);
#4453=AXIS2_PLACEMENT_3D('',#6571,#5275,#5276);
#4454=AXIS2_PLACEMENT_3D('',#6572,#5277,#5278);
#4455=AXIS2_PLACEMENT_3D('',#6573,#5279,#5280);
#4456=AXIS2_PLACEMENT_3D('',#6583,#5285,#5286);
#4457=AXIS2_PLACEMENT_3D('',#6584,#5287,#5288);
#4458=AXIS2_PLACEMENT_3D('',#6586,#5289,#5290);
#4459=AXIS2_PLACEMENT_3D('',#6587,#5291,#5292);
#4460=AXIS2_PLACEMENT_3D('',#6588,#5293,#5294);
#4461=AXIS2_PLACEMENT_3D('',#6590,#5295,#5296);
#4462=AXIS2_PLACEMENT_3D('',#6591,#5297,#5298);
#4463=AXIS2_PLACEMENT_3D('',#6593,#5299,#5300);
#4464=AXIS2_PLACEMENT_3D('',#6594,#5301,#5302);
#4465=AXIS2_PLACEMENT_3D('',#6597,#5304,#5305);
#4466=AXIS2_PLACEMENT_3D('',#6598,#5306,#5307);
#4467=AXIS2_PLACEMENT_3D('',#6601,#5309,#5310);
#4468=AXIS2_PLACEMENT_3D('',#6602,#5311,#5312);
#4469=AXIS2_PLACEMENT_3D('',#6608,#5316,#5317);
#4470=AXIS2_PLACEMENT_3D('',#6614,#5321,#5322);
#4471=AXIS2_PLACEMENT_3D('',#6616,#5324,#5325);
#4472=AXIS2_PLACEMENT_3D('',#6618,#5327,#5328);
#4473=AXIS2_PLACEMENT_3D('',#6619,#5329,#5330);
#4474=AXIS2_PLACEMENT_3D('',#6621,#5331,#5332);
#4475=AXIS2_PLACEMENT_3D('',#6623,#5333,#5334);
#4476=AXIS2_PLACEMENT_3D('',#6624,#5335,#5336);
#4477=AXIS2_PLACEMENT_3D('',#6625,#5337,#5338);
#4478=AXIS2_PLACEMENT_3D('',#6635,#5343,#5344);
#4479=AXIS2_PLACEMENT_3D('',#6636,#5345,#5346);
#4480=AXIS2_PLACEMENT_3D('',#6638,#5347,#5348);
#4481=AXIS2_PLACEMENT_3D('',#6639,#5349,#5350);
#4482=AXIS2_PLACEMENT_3D('',#6640,#5351,#5352);
#4483=AXIS2_PLACEMENT_3D('',#6642,#5353,#5354);
#4484=AXIS2_PLACEMENT_3D('',#6643,#5355,#5356);
#4485=AXIS2_PLACEMENT_3D('',#6645,#5357,#5358);
#4486=AXIS2_PLACEMENT_3D('',#6646,#5359,#5360);
#4487=AXIS2_PLACEMENT_3D('',#6649,#5362,#5363);
#4488=AXIS2_PLACEMENT_3D('',#6650,#5364,#5365);
#4489=AXIS2_PLACEMENT_3D('',#6653,#5367,#5368);
#4490=AXIS2_PLACEMENT_3D('',#6654,#5369,#5370);
#4491=AXIS2_PLACEMENT_3D('',#6660,#5374,#5375);
#4492=AXIS2_PLACEMENT_3D('',#6664,#5378,#5379);
#4493=AXIS2_PLACEMENT_3D('',#6668,#5382,#5383);
#4494=AXIS2_PLACEMENT_3D('',#6670,#5385,#5386);
#4495=AXIS2_PLACEMENT_3D('',#6671,#5387,#5388);
#4496=AXIS2_PLACEMENT_3D('',#6673,#5389,#5390);
#4497=AXIS2_PLACEMENT_3D('',#6675,#5391,#5392);
#4498=AXIS2_PLACEMENT_3D('',#6676,#5393,#5394);
#4499=AXIS2_PLACEMENT_3D('',#6677,#5395,#5396);
#4500=AXIS2_PLACEMENT_3D('',#6679,#5397,#5398);
#4501=AXIS2_PLACEMENT_3D('',#6680,#5399,#5400);
#4502=AXIS2_PLACEMENT_3D('',#6682,#5401,#5402);
#4503=AXIS2_PLACEMENT_3D('',#6684,#5403,#5404);
#4504=AXIS2_PLACEMENT_3D('',#6685,#5405,#5406);
#4505=AXIS2_PLACEMENT_3D('',#6686,#5407,#5408);
#4506=AXIS2_PLACEMENT_3D('',#6696,#5413,#5414);
#4507=AXIS2_PLACEMENT_3D('',#6698,#5415,#5416);
#4508=AXIS2_PLACEMENT_3D('',#6700,#5417,#5418);
#4509=AXIS2_PLACEMENT_3D('',#6702,#5419,#5420);
#4510=AXIS2_PLACEMENT_3D('',#6703,#5421,#5422);
#4511=AXIS2_PLACEMENT_3D('',#6705,#5423,#5424);
#4512=AXIS2_PLACEMENT_3D('',#6707,#5425,#5426);
#4513=AXIS2_PLACEMENT_3D('',#6708,#5427,#5428);
#4514=AXIS2_PLACEMENT_3D('',#6709,#5429,#5430);
#4515=AXIS2_PLACEMENT_3D('',#6712,#5432,#5433);
#4516=AXIS2_PLACEMENT_3D('',#6713,#5434,#5435);
#4517=AXIS2_PLACEMENT_3D('',#6715,#5436,#5437);
#4518=AXIS2_PLACEMENT_3D('',#6717,#5438,#5439);
#4519=AXIS2_PLACEMENT_3D('',#6718,#5440,#5441);
#4520=AXIS2_PLACEMENT_3D('',#6719,#5442,#5443);
#4521=AXIS2_PLACEMENT_3D('',#6722,#5445,#5446);
#4522=AXIS2_PLACEMENT_3D('',#6723,#5447,#5448);
#4523=AXIS2_PLACEMENT_3D('',#6725,#5449,#5450);
#4524=AXIS2_PLACEMENT_3D('',#6727,#5451,#5452);
#4525=AXIS2_PLACEMENT_3D('',#6728,#5453,#5454);
#4526=AXIS2_PLACEMENT_3D('',#6729,#5455,#5456);
#4527=AXIS2_PLACEMENT_3D('',#6732,#5458,#5459);
#4528=AXIS2_PLACEMENT_3D('',#6733,#5460,#5461);
#4529=AXIS2_PLACEMENT_3D('',#6735,#5462,#5463);
#4530=AXIS2_PLACEMENT_3D('',#6737,#5464,#5465);
#4531=AXIS2_PLACEMENT_3D('',#6738,#5466,#5467);
#4532=AXIS2_PLACEMENT_3D('',#6739,#5468,#5469);
#4533=AXIS2_PLACEMENT_3D('',#6742,#5471,#5472);
#4534=AXIS2_PLACEMENT_3D('',#6743,#5473,#5474);
#4535=AXIS2_PLACEMENT_3D('',#6745,#5475,#5476);
#4536=AXIS2_PLACEMENT_3D('',#6746,#5477,#5478);
#4537=AXIS2_PLACEMENT_3D('',#6749,#5480,#5481);
#4538=AXIS2_PLACEMENT_3D('',#6750,#5482,#5483);
#4539=AXIS2_PLACEMENT_3D('',#6753,#5485,#5486);
#4540=AXIS2_PLACEMENT_3D('',#6754,#5487,#5488);
#4541=AXIS2_PLACEMENT_3D('',#6760,#5492,#5493);
#4542=AXIS2_PLACEMENT_3D('',#6764,#5496,#5497);
#4543=AXIS2_PLACEMENT_3D('',#6768,#5500,#5501);
#4544=AXIS2_PLACEMENT_3D('',#6770,#5503,#5504);
#4545=AXIS2_PLACEMENT_3D('',#6771,#5505,#5506);
#4546=AXIS2_PLACEMENT_3D('',#6774,#5507,#5508);
#4547=AXIS2_PLACEMENT_3D('',#6778,#5510,#5511);
#4548=AXIS2_PLACEMENT_3D('',#6782,#5513,#5514);
#4549=AXIS2_PLACEMENT_3D('',#6784,#5515,#5516);
#4550=AXIS2_PLACEMENT_3D('',#6786,#5517,#5518);
#4551=AXIS2_PLACEMENT_3D('',#6788,#5520,#5521);
#4552=AXIS2_PLACEMENT_3D('',#6794,#5525,#5526);
#4553=AXIS2_PLACEMENT_3D('',#6800,#5529,#5530);
#4554=AXIS2_PLACEMENT_3D('',#6801,#5531,#5532);
#4555=AXIS2_PLACEMENT_3D('',#6802,#5533,#5534);
#4556=AXIS2_PLACEMENT_3D('',#6811,#5539,#5540);
#4557=AXIS2_PLACEMENT_3D('',#6812,#5541,#5542);
#4558=AXIS2_PLACEMENT_3D('',#6815,#5544,#5545);
#4559=AXIS2_PLACEMENT_3D('',#6816,#5546,#5547);
#4560=AXIS2_PLACEMENT_3D('',#6817,#5548,#5549);
#4561=AXIS2_PLACEMENT_3D('',#6819,#5550,#5551);
#4562=AXIS2_PLACEMENT_3D('',#6864,#5553,#5554);
#4563=AXIS2_PLACEMENT_3D('',#6867,#5556,#5557);
#4564=AXIS2_PLACEMENT_3D('',#6868,#5558,#5559);
#4565=AXIS2_PLACEMENT_3D('',#6869,#5560,#5561);
#4566=AXIS2_PLACEMENT_3D('',#6870,#5562,#5563);
#4567=AXIS2_PLACEMENT_3D('',#6872,#5564,#5565);
#4568=AXIS2_PLACEMENT_3D('',#6875,#5567,#5568);
#4569=AXIS2_PLACEMENT_3D('',#6876,#5569,#5570);
#4570=AXIS2_PLACEMENT_3D('',#6877,#5571,#5572);
#4571=AXIS2_PLACEMENT_3D('',#6879,#5573,#5574);
#4572=AXIS2_PLACEMENT_3D('',#6882,#5576,#5577);
#4573=AXIS2_PLACEMENT_3D('',#6883,#5578,#5579);
#4574=AXIS2_PLACEMENT_3D('',#6884,#5580,#5581);
#4575=AXIS2_PLACEMENT_3D('',#6886,#5582,#5583);
#4576=AXIS2_PLACEMENT_3D('',#6888,#5584,#5585);
#4577=AXIS2_PLACEMENT_3D('',#6890,#5586,#5587);
#4578=AXIS2_PLACEMENT_3D('',#6891,#5588,#5589);
#4579=AXIS2_PLACEMENT_3D('',#6892,#5590,#5591);
#4580=AXIS2_PLACEMENT_3D('',#6895,#5593,#5594);
#4581=AXIS2_PLACEMENT_3D('',#6896,#5595,#5596);
#4582=AXIS2_PLACEMENT_3D('',#6904,#5601,#5602);
#4583=AXIS2_PLACEMENT_3D('',#6905,#5603,#5604);
#4584=AXIS2_PLACEMENT_3D('',#6909,#5607,#5608);
#4585=AXIS2_PLACEMENT_3D('',#6911,#5610,#5611);
#4586=AXIS2_PLACEMENT_3D('',#6913,#5613,#5614);
#4587=AXIS2_PLACEMENT_3D('',#6915,#5616,#5617);
#4588=AXIS2_PLACEMENT_3D('',#6917,#5619,#5620);
#4589=AXIS2_PLACEMENT_3D('',#6918,#5621,#5622);
#4590=AXIS2_PLACEMENT_3D('',#6921,#5623,#5624);
#4591=AXIS2_PLACEMENT_3D('',#6925,#5626,#5627);
#4592=AXIS2_PLACEMENT_3D('',#6929,#5629,#5630);
#4593=AXIS2_PLACEMENT_3D('',#6933,#5632,#5633);
#4594=AXIS2_PLACEMENT_3D('',#6934,#5634,#5635);
#4595=AXIS2_PLACEMENT_3D('',#6935,#5636,#5637);
#4596=AXIS2_PLACEMENT_3D('',#6944,#5642,#5643);
#4597=AXIS2_PLACEMENT_3D('',#6945,#5644,#5645);
#4598=AXIS2_PLACEMENT_3D('',#6949,#5648,#5649);
#4599=AXIS2_PLACEMENT_3D('',#6958,#5655,#5656);
#4600=AXIS2_PLACEMENT_3D('',#6963,#5659,#5660);
#4601=AXIS2_PLACEMENT_3D('',#6964,#5661,#5662);
#4602=AXIS2_PLACEMENT_3D('',#6967,#5664,#5665);
#4603=AXIS2_PLACEMENT_3D('',#6968,#5666,#5667);
#4604=AXIS2_PLACEMENT_3D('',#6969,#5668,#5669);
#4605=AXIS2_PLACEMENT_3D('',#7006,#5671,#5672);
#4606=AXIS2_PLACEMENT_3D('',#7017,#5673,#5674);
#4607=AXIS2_PLACEMENT_3D('',#7020,#5676,#5677);
#4608=AXIS2_PLACEMENT_3D('',#7022,#5678,#5679);
#4609=AXIS2_PLACEMENT_3D('',#7024,#5681,#5682);
#4610=AXIS2_PLACEMENT_3D('',#7027,#5684,#5685);
#4611=AXIS2_PLACEMENT_3D('',#7028,#5686,#5687);
#4612=AXIS2_PLACEMENT_3D('',#7030,#5688,#5689);
#4613=AXIS2_PLACEMENT_3D('',#7032,#5691,#5692);
#4614=AXIS2_PLACEMENT_3D('',#7034,#5693,#5694);
#4615=AXIS2_PLACEMENT_3D('',#7037,#5696,#5697);
#4616=AXIS2_PLACEMENT_3D('',#7038,#5698,#5699);
#4617=AXIS2_PLACEMENT_3D('',#7039,#5700,#5701);
#4618=AXIS2_PLACEMENT_3D('',#7041,#5702,#5703);
#4619=AXIS2_PLACEMENT_3D('',#7044,#5705,#5706);
#4620=AXIS2_PLACEMENT_3D('',#7045,#5707,#5708);
#4621=AXIS2_PLACEMENT_3D('',#7046,#5709,#5710);
#4622=AXIS2_PLACEMENT_3D('',#7048,#5711,#5712);
#4623=AXIS2_PLACEMENT_3D('',#7049,#5713,#5714);
#4624=AXIS2_PLACEMENT_3D('',#7050,#5715,#5716);
#4625=AXIS2_PLACEMENT_3D('',#7053,#5718,#5719);
#4626=AXIS2_PLACEMENT_3D('',#7054,#5720,#5721);
#4627=AXIS2_PLACEMENT_3D('',#7055,#5722,#5723);
#4628=AXIS2_PLACEMENT_3D('',#7058,#5726,#5727);
#4629=AXIS2_PLACEMENT_3D('',#7059,#5728,#5729);
#4630=AXIS2_PLACEMENT_3D('',#7060,#5730,#5731);
#4631=AXIS2_PLACEMENT_3D('',#7062,#5733,#5734);
#4632=AXIS2_PLACEMENT_3D('',#7063,#5735,#5736);
#4633=AXIS2_PLACEMENT_3D('',#7066,#5737,#5738);
#4634=AXIS2_PLACEMENT_3D('',#7070,#5740,#5741);
#4635=AXIS2_PLACEMENT_3D('',#7074,#5743,#5744);
#4636=AXIS2_PLACEMENT_3D('',#7078,#5746,#5747);
#4637=AXIS2_PLACEMENT_3D('',#7079,#5748,#5749);
#4638=AXIS2_PLACEMENT_3D('',#7080,#5750,#5751);
#4639=AXIS2_PLACEMENT_3D('',#7084,#5753,#5754);
#4640=AXIS2_PLACEMENT_3D('',#7086,#5755,#5756);
#4641=AXIS2_PLACEMENT_3D('',#7090,#5759,#5760);
#4642=AXIS2_PLACEMENT_3D('',#7094,#5763,#5764);
#4643=AXIS2_PLACEMENT_3D('',#7103,#5770,#5771);
#4644=AXIS2_PLACEMENT_3D('',#7107,#5773,#5774);
#4645=AXIS2_PLACEMENT_3D('',#7108,#5775,#5776);
#4646=AXIS2_PLACEMENT_3D('',#7109,#5777,#5778);
#4647=AXIS2_PLACEMENT_3D('',#7111,#5779,#5780);
#4648=AXIS2_PLACEMENT_3D('',#7114,#5782,#5783);
#4649=AXIS2_PLACEMENT_3D('',#7115,#5784,#5785);
#4650=AXIS2_PLACEMENT_3D('',#7116,#5786,#5787);
#4651=AXIS2_PLACEMENT_3D('',#7118,#5788,#5789);
#4652=AXIS2_PLACEMENT_3D('',#7162,#5791,#5792);
#4653=AXIS2_PLACEMENT_3D('',#7163,#5793,#5794);
#4654=AXIS2_PLACEMENT_3D('',#7165,#5796,#5797);
#4655=AXIS2_PLACEMENT_3D('',#7167,#5798,#5799);
#4656=AXIS2_PLACEMENT_3D('',#7170,#5801,#5802);
#4657=AXIS2_PLACEMENT_3D('',#7171,#5803,#5804);
#4658=AXIS2_PLACEMENT_3D('',#7172,#5805,#5806);
#4659=AXIS2_PLACEMENT_3D('',#7174,#5807,#5808);
#4660=AXIS2_PLACEMENT_3D('',#7177,#5810,#5811);
#4661=AXIS2_PLACEMENT_3D('',#7178,#5812,#5813);
#4662=AXIS2_PLACEMENT_3D('',#7179,#5814,#5815);
#4663=AXIS2_PLACEMENT_3D('',#7181,#5816,#5817);
#4664=AXIS2_PLACEMENT_3D('',#7183,#5818,#5819);
#4665=AXIS2_PLACEMENT_3D('',#7185,#5820,#5821);
#4666=AXIS2_PLACEMENT_3D('',#7186,#5822,#5823);
#4667=AXIS2_PLACEMENT_3D('',#7187,#5824,#5825);
#4668=AXIS2_PLACEMENT_3D('',#7190,#5827,#5828);
#4669=AXIS2_PLACEMENT_3D('',#7191,#5829,#5830);
#4670=AXIS2_PLACEMENT_3D('',#7197,#5834,#5835);
#4671=AXIS2_PLACEMENT_3D('',#7198,#5836,#5837);
#4672=AXIS2_PLACEMENT_3D('',#7199,#5838,#5839);
#4673=AXIS2_PLACEMENT_3D('',#7205,#5843,#5844);
#4674=AXIS2_PLACEMENT_3D('',#7207,#5846,#5847);
#4675=AXIS2_PLACEMENT_3D('',#7209,#5849,#5850);
#4676=AXIS2_PLACEMENT_3D('',#7210,#5851,#5852);
#4677=AXIS2_PLACEMENT_3D('',#7213,#5853,#5854);
#4678=AXIS2_PLACEMENT_3D('',#7217,#5856,#5857);
#4679=AXIS2_PLACEMENT_3D('',#7221,#5859,#5860);
#4680=AXIS2_PLACEMENT_3D('',#7223,#5861,#5862);
#4681=AXIS2_PLACEMENT_3D('',#7225,#5863,#5864);
#4682=AXIS2_PLACEMENT_3D('',#7227,#5866,#5867);
#4683=AXIS2_PLACEMENT_3D('',#7233,#5871,#5872);
#4684=AXIS2_PLACEMENT_3D('',#7240,#5876,#5877);
#4685=AXIS2_PLACEMENT_3D('',#7241,#5878,#5879);
#4686=AXIS2_PLACEMENT_3D('',#7245,#5881,#5882);
#4687=AXIS2_PLACEMENT_3D('',#7247,#5883,#5884);
#4688=AXIS2_PLACEMENT_3D('',#7251,#5887,#5888);
#4689=AXIS2_PLACEMENT_3D('',#7253,#5889,#5890);
#4690=AXIS2_PLACEMENT_3D('',#7256,#5892,#5893);
#4691=AXIS2_PLACEMENT_3D('',#7257,#5894,#5895);
#4692=AXIS2_PLACEMENT_3D('',#7258,#5896,#5897);
#4693=AXIS2_PLACEMENT_3D('',#7294,#5899,#5900);
#4694=AXIS2_PLACEMENT_3D('',#7305,#5901,#5902);
#4695=AXIS2_PLACEMENT_3D('',#7310,#5905,#5906);
#4696=AXIS2_PLACEMENT_3D('',#7312,#5907,#5908);
#4697=AXIS2_PLACEMENT_3D('',#7314,#5910,#5911);
#4698=AXIS2_PLACEMENT_3D('',#7316,#5913,#5914);
#4699=AXIS2_PLACEMENT_3D('',#7318,#5916,#5917);
#4700=AXIS2_PLACEMENT_3D('',#7320,#5918,#5919);
#4701=AXIS2_PLACEMENT_3D('',#7323,#5921,#5922);
#4702=AXIS2_PLACEMENT_3D('',#7324,#5923,#5924);
#4703=AXIS2_PLACEMENT_3D('',#7325,#5925,#5926);
#4704=AXIS2_PLACEMENT_3D('',#7327,#5927,#5928);
#4705=AXIS2_PLACEMENT_3D('',#7330,#5930,#5931);
#4706=AXIS2_PLACEMENT_3D('',#7331,#5932,#5933);
#4707=AXIS2_PLACEMENT_3D('',#7332,#5934,#5935);
#4708=AXIS2_PLACEMENT_3D('',#7334,#5936,#5937);
#4709=AXIS2_PLACEMENT_3D('',#7335,#5938,#5939);
#4710=AXIS2_PLACEMENT_3D('',#7336,#5940,#5941);
#4711=AXIS2_PLACEMENT_3D('',#7339,#5943,#5944);
#4712=AXIS2_PLACEMENT_3D('',#7340,#5945,#5946);
#4713=AXIS2_PLACEMENT_3D('',#7341,#5947,#5948);
#4714=AXIS2_PLACEMENT_3D('',#7343,#5950,#5951);
#4715=AXIS2_PLACEMENT_3D('',#7344,#5952,#5953);
#4716=AXIS2_PLACEMENT_3D('',#7348,#5956,#5957);
#4717=AXIS2_PLACEMENT_3D('',#7352,#5960,#5961);
#4718=AXIS2_PLACEMENT_3D('',#7354,#5963,#5964);
#4719=AXIS2_PLACEMENT_3D('',#7355,#5965,#5966);
#4720=AXIS2_PLACEMENT_3D('',#7357,#5967,#5968);
#4721=AXIS2_PLACEMENT_3D('',#7360,#5970,#5971);
#4722=AXIS2_PLACEMENT_3D('',#7361,#5972,#5973);
#4723=AXIS2_PLACEMENT_3D('',#7363,#5974,#5975);
#4724=AXIS2_PLACEMENT_3D('',#7366,#5977,#5978);
#4725=AXIS2_PLACEMENT_3D('',#7367,#5979,#5980);
#4726=AXIS2_PLACEMENT_3D('',#7369,#5981,#5982);
#4727=AXIS2_PLACEMENT_3D('',#7372,#5984,#5985);
#4728=AXIS2_PLACEMENT_3D('',#7373,#5986,#5987);
#4729=AXIS2_PLACEMENT_3D('',#7375,#5988,#5989);
#4730=AXIS2_PLACEMENT_3D('',#7378,#5991,#5992);
#4731=AXIS2_PLACEMENT_3D('',#7379,#5993,#5994);
#4732=AXIS2_PLACEMENT_3D('',#7381,#5995,#5996);
#4733=AXIS2_PLACEMENT_3D('',#7384,#5998,#5999);
#4734=AXIS2_PLACEMENT_3D('',#7385,#6000,#6001);
#4735=AXIS2_PLACEMENT_3D('',#7387,#6002,#6003);
#4736=AXIS2_PLACEMENT_3D('',#7390,#6005,#6006);
#4737=AXIS2_PLACEMENT_3D('',#7391,#6007,#6008);
#4738=AXIS2_PLACEMENT_3D('',#7393,#6009,#6010);
#4739=AXIS2_PLACEMENT_3D('',#7396,#6012,#6013);
#4740=AXIS2_PLACEMENT_3D('',#7397,#6014,#6015);
#4741=AXIS2_PLACEMENT_3D('',#7399,#6016,#6017);
#4742=AXIS2_PLACEMENT_3D('',#7402,#6019,#6020);
#4743=AXIS2_PLACEMENT_3D('',#7403,#6021,#6022);
#4744=AXIS2_PLACEMENT_3D('',#7405,#6023,#6024);
#4745=AXIS2_PLACEMENT_3D('',#7408,#6026,#6027);
#4746=AXIS2_PLACEMENT_3D('',#7409,#6028,#6029);
#4747=AXIS2_PLACEMENT_3D('',#7411,#6030,#6031);
#4748=AXIS2_PLACEMENT_3D('',#7414,#6033,#6034);
#4749=AXIS2_PLACEMENT_3D('',#7415,#6035,#6036);
#4750=AXIS2_PLACEMENT_3D('',#7417,#6037,#6038);
#4751=AXIS2_PLACEMENT_3D('',#7420,#6040,#6041);
#4752=AXIS2_PLACEMENT_3D('',#7421,#6042,#6043);
#4753=AXIS2_PLACEMENT_3D('',#7423,#6044,#6045);
#4754=AXIS2_PLACEMENT_3D('',#7426,#6047,#6048);
#4755=AXIS2_PLACEMENT_3D('',#7427,#6049,#6050);
#4756=AXIS2_PLACEMENT_3D('',#7429,#6051,#6052);
#4757=AXIS2_PLACEMENT_3D('',#7432,#6054,#6055);
#4758=AXIS2_PLACEMENT_3D('',#7433,#6056,#6057);
#4759=AXIS2_PLACEMENT_3D('',#7435,#6058,#6059);
#4760=AXIS2_PLACEMENT_3D('',#7438,#6061,#6062);
#4761=AXIS2_PLACEMENT_3D('',#7439,#6063,#6064);
#4762=AXIS2_PLACEMENT_3D('',#7441,#6065,#6066);
#4763=AXIS2_PLACEMENT_3D('',#7444,#6068,#6069);
#4764=AXIS2_PLACEMENT_3D('',#7445,#6070,#6071);
#4765=AXIS2_PLACEMENT_3D('',#7447,#6072,#6073);
#4766=AXIS2_PLACEMENT_3D('',#7450,#6075,#6076);
#4767=AXIS2_PLACEMENT_3D('',#7451,#6077,#6078);
#4768=AXIS2_PLACEMENT_3D('',#7452,#6079,#6080);
#4769=AXIS2_PLACEMENT_3D('',#7455,#6081,#6082);
#4770=AXIS2_PLACEMENT_3D('',#7459,#6084,#6085);
#4771=AXIS2_PLACEMENT_3D('',#7463,#6087,#6088);
#4772=AXIS2_PLACEMENT_3D('',#7467,#6090,#6091);
#4773=AXIS2_PLACEMENT_3D('',#7470,#6093,#6094);
#4774=AXIS2_PLACEMENT_3D('',#7472,#6095,#6096);
#4775=AXIS2_PLACEMENT_3D('',#7474,#6097,#6098);
#4776=AXIS2_PLACEMENT_3D('',#7475,#6099,#6100);
#4777=AXIS2_PLACEMENT_3D('',#7477,#6101,#6102);
#4778=AXIS2_PLACEMENT_3D('',#7480,#6104,#6105);
#4779=AXIS2_PLACEMENT_3D('',#7481,#6106,#6107);
#4780=AXIS2_PLACEMENT_3D('',#7483,#6108,#6109);
#4781=AXIS2_PLACEMENT_3D('',#7485,#6111,#6112);
#4782=AXIS2_PLACEMENT_3D('',#7486,#6113,#6114);
#4783=AXIS2_PLACEMENT_3D('',#7488,#6115,#6116);
#4784=AXIS2_PLACEMENT_3D('',#7491,#6118,#6119);
#4785=AXIS2_PLACEMENT_3D('',#7492,#6120,#6121);
#4786=AXIS2_PLACEMENT_3D('',#7494,#6122,#6123);
#4787=AXIS2_PLACEMENT_3D('',#7496,#6125,#6126);
#4788=AXIS2_PLACEMENT_3D('',#7497,#6127,#6128);
#4789=AXIS2_PLACEMENT_3D('',#7499,#6129,#6130);
#4790=AXIS2_PLACEMENT_3D('',#7502,#6132,#6133);
#4791=AXIS2_PLACEMENT_3D('',#7503,#6134,#6135);
#4792=AXIS2_PLACEMENT_3D('',#7505,#6136,#6137);
#4793=AXIS2_PLACEMENT_3D('',#7507,#6139,#6140);
#4794=AXIS2_PLACEMENT_3D('',#7508,#6141,#6142);
#4795=AXIS2_PLACEMENT_3D('',#7511,#6143,#6144);
#4796=AXIS2_PLACEMENT_3D('',#7514,#6147,#6148);
#4797=AXIS2_PLACEMENT_3D('',#7518,#6151,#6152);
#4798=AXIS2_PLACEMENT_3D('',#7521,#6153,#6154);
#4799=AXIS2_PLACEMENT_3D('',#7524,#6157,#6158);
#4800=AXIS2_PLACEMENT_3D('',#7528,#6161,#6162);
#4801=AXIS2_PLACEMENT_3D('',#7530,#6163,#6164);
#4802=AXIS2_PLACEMENT_3D('',#7532,#6166,#6167);
#4803=AXIS2_PLACEMENT_3D('',#7535,#6169,#6170);
#4804=AXIS2_PLACEMENT_3D('',#7536,#6171,#6172);
#4805=AXIS2_PLACEMENT_3D('',#7538,#6174,#6175);
#4806=AXIS2_PLACEMENT_3D('',#7540,#6177,#6178);
#4807=DIRECTION('axis',(0.,0.,1.));
#4808=DIRECTION('refdir',(1.,0.,0.));
#4809=DIRECTION('center_axis',(0.,0.,-1.));
#4810=DIRECTION('ref_axis',(-1.,0.,0.));
#4811=DIRECTION('center_axis',(0.,0.,1.));
#4812=DIRECTION('ref_axis',(1.,0.,0.));
#4813=DIRECTION('center_axis',(0.,-1.,0.));
#4814=DIRECTION('ref_axis',(1.,0.,0.));
#4815=DIRECTION('center_axis',(0.,0.,-1.));
#4816=DIRECTION('ref_axis',(1.,0.,0.));
#4817=DIRECTION('center_axis',(0.,0.,1.));
#4818=DIRECTION('ref_axis',(1.,0.,0.));
#4819=DIRECTION('center_axis',(0.,0.,-1.));
#4820=DIRECTION('ref_axis',(1.,0.,0.));
#4821=DIRECTION('center_axis',(0.,0.,1.));
#4822=DIRECTION('ref_axis',(1.,0.,0.));
#4823=DIRECTION('center_axis',(0.,0.,1.));
#4824=DIRECTION('ref_axis',(1.,0.,0.));
#4825=DIRECTION('',(0.,0.,1.));
#4826=DIRECTION('center_axis',(0.,0.,-1.));
#4827=DIRECTION('ref_axis',(1.,0.,0.));
#4828=DIRECTION('center_axis',(0.,0.,-1.));
#4829=DIRECTION('ref_axis',(-1.,0.,0.));
#4830=DIRECTION('center_axis',(0.,0.,1.));
#4831=DIRECTION('ref_axis',(1.,0.,0.));
#4832=DIRECTION('center_axis',(0.,-1.,0.));
#4833=DIRECTION('ref_axis',(1.,0.,0.));
#4834=DIRECTION('center_axis',(0.,0.,-1.));
#4835=DIRECTION('ref_axis',(1.,0.,0.));
#4836=DIRECTION('center_axis',(0.,0.,1.));
#4837=DIRECTION('ref_axis',(1.,0.,0.));
#4838=DIRECTION('center_axis',(0.,0.,-1.));
#4839=DIRECTION('ref_axis',(1.,0.,0.));
#4840=DIRECTION('center_axis',(0.,0.,1.));
#4841=DIRECTION('ref_axis',(1.,0.,0.));
#4842=DIRECTION('center_axis',(0.,0.,1.));
#4843=DIRECTION('ref_axis',(1.,0.,0.));
#4844=DIRECTION('',(0.,0.,1.));
#4845=DIRECTION('center_axis',(0.,0.,-1.));
#4846=DIRECTION('ref_axis',(1.,0.,0.));
#4847=DIRECTION('center_axis',(0.,0.,-1.));
#4848=DIRECTION('ref_axis',(-1.,0.,0.));
#4849=DIRECTION('center_axis',(0.,0.,1.));
#4850=DIRECTION('ref_axis',(1.,0.,0.));
#4851=DIRECTION('center_axis',(0.,-1.,0.));
#4852=DIRECTION('ref_axis',(1.,0.,0.));
#4853=DIRECTION('center_axis',(0.,0.,-1.));
#4854=DIRECTION('ref_axis',(1.,0.,0.));
#4855=DIRECTION('center_axis',(0.,0.,1.));
#4856=DIRECTION('ref_axis',(1.,0.,0.));
#4857=DIRECTION('center_axis',(0.,0.,-1.));
#4858=DIRECTION('ref_axis',(1.,0.,0.));
#4859=DIRECTION('center_axis',(0.,0.,1.));
#4860=DIRECTION('ref_axis',(1.,0.,0.));
#4861=DIRECTION('center_axis',(0.,0.,1.));
#4862=DIRECTION('ref_axis',(1.,0.,0.));
#4863=DIRECTION('',(0.,0.,1.));
#4864=DIRECTION('center_axis',(0.,0.,-1.));
#4865=DIRECTION('ref_axis',(1.,0.,0.));
#4866=DIRECTION('center_axis',(0.,0.,-1.));
#4867=DIRECTION('ref_axis',(-1.,0.,0.));
#4868=DIRECTION('center_axis',(0.,0.,1.));
#4869=DIRECTION('ref_axis',(1.,0.,0.));
#4870=DIRECTION('center_axis',(0.,-1.,0.));
#4871=DIRECTION('ref_axis',(1.,0.,0.));
#4872=DIRECTION('center_axis',(0.,0.,-1.));
#4873=DIRECTION('ref_axis',(1.,0.,0.));
#4874=DIRECTION('center_axis',(0.,0.,1.));
#4875=DIRECTION('ref_axis',(1.,0.,0.));
#4876=DIRECTION('center_axis',(0.,0.,-1.));
#4877=DIRECTION('ref_axis',(1.,0.,0.));
#4878=DIRECTION('center_axis',(0.,0.,1.));
#4879=DIRECTION('ref_axis',(1.,0.,0.));
#4880=DIRECTION('center_axis',(0.,0.,1.));
#4881=DIRECTION('ref_axis',(1.,0.,0.));
#4882=DIRECTION('',(0.,0.,1.));
#4883=DIRECTION('center_axis',(0.,0.,-1.));
#4884=DIRECTION('ref_axis',(1.,0.,0.));
#4885=DIRECTION('center_axis',(0.,0.,1.));
#4886=DIRECTION('ref_axis',(1.,0.,0.));
#4887=DIRECTION('center_axis',(0.,0.,-1.));
#4888=DIRECTION('ref_axis',(1.,0.,0.));
#4889=DIRECTION('center_axis',(0.,-1.,0.));
#4890=DIRECTION('ref_axis',(-1.,0.,0.));
#4891=DIRECTION('center_axis',(0.,0.,1.));
#4892=DIRECTION('ref_axis',(1.,0.,0.));
#4893=DIRECTION('center_axis',(0.,0.,1.));
#4894=DIRECTION('ref_axis',(1.,0.,0.));
#4895=DIRECTION('center_axis',(0.,0.,1.));
#4896=DIRECTION('ref_axis',(0.707106781186547,-0.707106781186547,0.));
#4897=DIRECTION('',(-1.,0.,0.));
#4898=DIRECTION('center_axis',(0.,0.,1.));
#4899=DIRECTION('ref_axis',(-0.707106781186547,-0.707106781186547,0.));
#4900=DIRECTION('',(0.,1.,0.));
#4901=DIRECTION('center_axis',(0.,0.,1.));
#4902=DIRECTION('ref_axis',(-0.707106781186547,0.707106781186547,0.));
#4903=DIRECTION('',(1.,0.,0.));
#4904=DIRECTION('center_axis',(0.,0.,1.));
#4905=DIRECTION('ref_axis',(0.707106781186547,0.707106781186547,0.));
#4906=DIRECTION('',(0.,-1.,0.));
#4907=DIRECTION('center_axis',(0.,0.,-1.));
#4908=DIRECTION('ref_axis',(1.,0.,0.));
#4909=DIRECTION('center_axis',(0.,0.,-1.));
#4910=DIRECTION('ref_axis',(1.,0.,0.));
#4911=DIRECTION('center_axis',(0.,0.,-1.));
#4912=DIRECTION('ref_axis',(1.,0.,0.));
#4913=DIRECTION('center_axis',(0.,0.,1.));
#4914=DIRECTION('ref_axis',(1.,0.,0.));
#4915=DIRECTION('',(0.,0.,1.));
#4916=DIRECTION('center_axis',(0.,0.,1.));
#4917=DIRECTION('ref_axis',(1.,0.,0.));
#4918=DIRECTION('center_axis',(0.,0.,1.));
#4919=DIRECTION('ref_axis',(1.,0.,0.));
#4920=DIRECTION('center_axis',(0.,-1.,0.));
#4921=DIRECTION('ref_axis',(-1.,0.,0.));
#4922=DIRECTION('center_axis',(0.,0.,1.));
#4923=DIRECTION('ref_axis',(1.,0.,0.));
#4924=DIRECTION('center_axis',(0.,0.,1.));
#4925=DIRECTION('ref_axis',(1.,0.,0.));
#4926=DIRECTION('',(0.,0.,1.));
#4927=DIRECTION('center_axis',(0.,0.,1.));
#4928=DIRECTION('ref_axis',(1.,0.,0.));
#4929=DIRECTION('center_axis',(0.,0.,1.));
#4930=DIRECTION('ref_axis',(1.,0.,0.));
#4931=DIRECTION('center_axis',(0.,-1.,0.));
#4932=DIRECTION('ref_axis',(-1.,0.,0.));
#4933=DIRECTION('center_axis',(0.,0.,1.));
#4934=DIRECTION('ref_axis',(1.,0.,0.));
#4935=DIRECTION('center_axis',(0.,0.,1.));
#4936=DIRECTION('ref_axis',(1.,0.,0.));
#4937=DIRECTION('',(0.,0.,1.));
#4938=DIRECTION('center_axis',(0.,0.,1.));
#4939=DIRECTION('ref_axis',(1.,0.,0.));
#4940=DIRECTION('center_axis',(0.,0.,1.));
#4941=DIRECTION('ref_axis',(1.,0.,0.));
#4942=DIRECTION('center_axis',(0.,-1.,0.));
#4943=DIRECTION('ref_axis',(-1.,0.,0.));
#4944=DIRECTION('center_axis',(0.,0.,1.));
#4945=DIRECTION('ref_axis',(1.,0.,0.));
#4946=DIRECTION('center_axis',(0.,0.,1.));
#4947=DIRECTION('ref_axis',(1.,0.,0.));
#4948=DIRECTION('',(0.,0.,1.));
#4949=DIRECTION('center_axis',(0.,0.,1.));
#4950=DIRECTION('ref_axis',(1.,0.,0.));
#4951=DIRECTION('center_axis',(0.,0.,-1.));
#4952=DIRECTION('ref_axis',(-1.,0.,0.));
#4953=DIRECTION('center_axis',(0.,-1.,0.));
#4954=DIRECTION('ref_axis',(1.,0.,0.));
#4955=DIRECTION('center_axis',(0.,0.,-1.));
#4956=DIRECTION('ref_axis',(-1.,0.,0.));
#4957=DIRECTION('center_axis',(0.,0.,-1.));
#4958=DIRECTION('ref_axis',(1.,0.,0.));
#4959=DIRECTION('center_axis',(0.,0.,-1.));
#4960=DIRECTION('ref_axis',(-1.,0.,0.));
#4961=DIRECTION('center_axis',(0.,-1.,0.));
#4962=DIRECTION('ref_axis',(1.,0.,0.));
#4963=DIRECTION('center_axis',(0.,0.,-1.));
#4964=DIRECTION('ref_axis',(-1.,0.,0.));
#4965=DIRECTION('center_axis',(0.,0.,-1.));
#4966=DIRECTION('ref_axis',(1.,0.,0.));
#4967=DIRECTION('center_axis',(0.,0.,-1.));
#4968=DIRECTION('ref_axis',(-1.,0.,0.));
#4969=DIRECTION('center_axis',(0.,-1.,0.));
#4970=DIRECTION('ref_axis',(1.,0.,0.));
#4971=DIRECTION('center_axis',(0.,0.,-1.));
#4972=DIRECTION('ref_axis',(-1.,0.,0.));
#4973=DIRECTION('center_axis',(0.,0.,-1.));
#4974=DIRECTION('ref_axis',(1.,0.,0.));
#4975=DIRECTION('center_axis',(0.,0.,-1.));
#4976=DIRECTION('ref_axis',(-1.,0.,0.));
#4977=DIRECTION('center_axis',(0.,-1.,0.));
#4978=DIRECTION('ref_axis',(1.,0.,0.));
#4979=DIRECTION('center_axis',(0.,0.,-1.));
#4980=DIRECTION('ref_axis',(-1.,0.,0.));
#4981=DIRECTION('center_axis',(0.,0.,-1.));
#4982=DIRECTION('ref_axis',(1.,0.,0.));
#4983=DIRECTION('center_axis',(0.,0.,1.));
#4984=DIRECTION('ref_axis',(0.707106781186547,-0.707106781186547,0.));
#4985=DIRECTION('center_axis',(0.,0.,-1.));
#4986=DIRECTION('ref_axis',(0.707106781186547,-0.707106781186547,0.));
#4987=DIRECTION('',(0.,0.,-1.));
#4988=DIRECTION('',(0.,0.,1.));
#4989=DIRECTION('center_axis',(0.,0.,1.));
#4990=DIRECTION('ref_axis',(1.,0.,0.));
#4991=DIRECTION('',(0.,1.,0.));
#4992=DIRECTION('center_axis',(0.,0.,-1.));
#4993=DIRECTION('ref_axis',(0.707106781186547,0.707106781186547,0.));
#4994=DIRECTION('',(-1.,0.,0.));
#4995=DIRECTION('center_axis',(0.,0.,-1.));
#4996=DIRECTION('ref_axis',(-0.707106781186547,0.707106781186547,0.));
#4997=DIRECTION('',(0.,-1.,0.));
#4998=DIRECTION('center_axis',(0.,0.,-1.));
#4999=DIRECTION('ref_axis',(-0.707106781186547,-0.707106781186547,0.));
#5000=DIRECTION('',(1.,0.,0.));
#5001=DIRECTION('center_axis',(1.,0.,0.));
#5002=DIRECTION('ref_axis',(0.,1.,0.));
#5003=DIRECTION('',(0.,0.,-1.));
#5004=DIRECTION('center_axis',(0.,0.,1.));
#5005=DIRECTION('ref_axis',(0.707106781186547,0.707106781186547,0.));
#5006=DIRECTION('',(0.,0.,1.));
#5007=DIRECTION('center_axis',(0.,0.,1.));
#5008=DIRECTION('ref_axis',(-0.707106781186547,0.707106781186547,0.));
#5009=DIRECTION('',(0.,0.,-1.));
#5010=DIRECTION('',(0.,0.,1.));
#5011=DIRECTION('center_axis',(-1.,0.,0.));
#5012=DIRECTION('ref_axis',(0.,-1.,0.));
#5013=DIRECTION('',(0.,0.,-1.));
#5014=DIRECTION('center_axis',(0.,0.,1.));
#5015=DIRECTION('ref_axis',(-0.707106781186547,-0.707106781186547,0.));
#5016=DIRECTION('',(0.,0.,1.));
#5017=DIRECTION('center_axis',(0.,-1.,0.));
#5018=DIRECTION('ref_axis',(1.,0.,0.));
#5019=DIRECTION('center_axis',(0.,1.,0.));
#5020=DIRECTION('ref_axis',(-1.,0.,0.));
#5021=DIRECTION('center_axis',(0.,-1.,0.));
#5022=DIRECTION('ref_axis',(0.,0.,-1.));
#5023=DIRECTION('center_axis',(0.,1.,0.));
#5024=DIRECTION('ref_axis',(-1.,0.,0.));
#5025=DIRECTION('center_axis',(-1.,0.,0.));
#5026=DIRECTION('ref_axis',(0.,0.,1.));
#5027=DIRECTION('center_axis',(0.,-1.,0.));
#5028=DIRECTION('ref_axis',(-1.,0.,0.));
#5029=DIRECTION('center_axis',(0.,-1.,0.));
#5030=DIRECTION('ref_axis',(-1.,0.,0.));
#5031=DIRECTION('center_axis',(0.,1.,0.));
#5032=DIRECTION('ref_axis',(-1.,0.,0.));
#5033=DIRECTION('center_axis',(0.,1.,0.));
#5034=DIRECTION('ref_axis',(0.707106781186544,0.,-0.707106781186551));
#5035=DIRECTION('',(1.,0.,0.));
#5036=DIRECTION('center_axis',(0.,1.,0.));
#5037=DIRECTION('ref_axis',(-0.707106781186549,0.,-0.707106781186546));
#5038=DIRECTION('',(0.,0.,-1.));
#5039=DIRECTION('center_axis',(0.,1.,0.));
#5040=DIRECTION('ref_axis',(-0.707106781186549,0.,0.707106781186546));
#5041=DIRECTION('',(-1.,0.,0.));
#5042=DIRECTION('center_axis',(0.,1.,0.));
#5043=DIRECTION('ref_axis',(0.707106781186549,0.,0.707106781186546));
#5044=DIRECTION('',(0.,0.,1.));
#5045=DIRECTION('center_axis',(0.,1.,0.));
#5046=DIRECTION('ref_axis',(-1.,0.,0.));
#5047=DIRECTION('center_axis',(0.,1.,0.));
#5048=DIRECTION('ref_axis',(0.632455532033675,0.,0.774596669241485));
#5049=DIRECTION('',(1.,0.,0.));
#5050=DIRECTION('center_axis',(0.,1.,0.));
#5051=DIRECTION('ref_axis',(-0.632455532033675,0.,0.774596669241485));
#5052=DIRECTION('center_axis',(0.,1.,0.));
#5053=DIRECTION('ref_axis',(-1.,0.,0.));
#5054=DIRECTION('center_axis',(0.,1.,0.));
#5055=DIRECTION('ref_axis',(-0.632455532033676,0.,-0.774596669241484));
#5056=DIRECTION('',(-1.,0.,0.));
#5057=DIRECTION('center_axis',(0.,1.,0.));
#5058=DIRECTION('ref_axis',(0.632455532033676,0.,-0.774596669241484));
#5059=DIRECTION('center_axis',(0.,1.,0.));
#5060=DIRECTION('ref_axis',(-1.,0.,0.));
#5061=DIRECTION('center_axis',(0.,-1.,0.));
#5062=DIRECTION('ref_axis',(0.,0.,-1.));
#5063=DIRECTION('center_axis',(-1.,0.,0.));
#5064=DIRECTION('ref_axis',(0.,0.,1.));
#5065=DIRECTION('center_axis',(0.,-1.,0.));
#5066=DIRECTION('ref_axis',(-1.,0.,0.));
#5067=DIRECTION('center_axis',(0.,-1.,0.));
#5068=DIRECTION('ref_axis',(-1.,0.,0.));
#5069=DIRECTION('center_axis',(0.,1.,0.));
#5070=DIRECTION('ref_axis',(1.,0.,0.));
#5071=DIRECTION('center_axis',(0.,-1.,0.));
#5072=DIRECTION('ref_axis',(1.,0.,0.));
#5073=DIRECTION('center_axis',(0.,-1.,0.));
#5074=DIRECTION('ref_axis',(1.,0.,0.));
#5075=DIRECTION('center_axis',(0.,0.,1.));
#5076=DIRECTION('ref_axis',(-1.,0.,0.));
#5077=DIRECTION('center_axis',(0.,-1.,0.));
#5078=DIRECTION('ref_axis',(-1.,0.,0.));
#5079=DIRECTION('',(0.,-1.,0.));
#5080=DIRECTION('center_axis',(0.,1.,0.));
#5081=DIRECTION('ref_axis',(-1.,0.,0.));
#5082=DIRECTION('center_axis',(0.,1.,0.));
#5083=DIRECTION('ref_axis',(1.,0.,0.));
#5084=DIRECTION('center_axis',(0.,-1.,0.));
#5085=DIRECTION('ref_axis',(1.,0.,0.));
#5086=DIRECTION('center_axis',(0.,-1.,0.));
#5087=DIRECTION('ref_axis',(1.,0.,0.));
#5088=DIRECTION('center_axis',(0.,0.,1.));
#5089=DIRECTION('ref_axis',(-1.,0.,0.));
#5090=DIRECTION('center_axis',(0.,-1.,0.));
#5091=DIRECTION('ref_axis',(-1.,0.,0.));
#5092=DIRECTION('',(0.,-1.,0.));
#5093=DIRECTION('center_axis',(0.,1.,0.));
#5094=DIRECTION('ref_axis',(-1.,0.,0.));
#5095=DIRECTION('center_axis',(0.,-1.,0.));
#5096=DIRECTION('ref_axis',(0.,0.,-1.));
#5097=DIRECTION('center_axis',(0.,1.,0.));
#5098=DIRECTION('ref_axis',(0.707106781186549,0.,-0.707106781186546));
#5099=DIRECTION('center_axis',(-1.,0.,0.));
#5100=DIRECTION('ref_axis',(0.,0.,1.));
#5101=DIRECTION('center_axis',(0.,-1.,0.));
#5102=DIRECTION('ref_axis',(1.,0.,0.));
#5103=DIRECTION('center_axis',(0.,0.,1.));
#5104=DIRECTION('ref_axis',(0.,1.,0.));
#5105=DIRECTION('center_axis',(0.,1.,0.));
#5106=DIRECTION('ref_axis',(0.,0.,1.));
#5107=DIRECTION('center_axis',(0.,1.,0.));
#5108=DIRECTION('ref_axis',(0.707106781186549,0.,0.707106781186546));
#5109=DIRECTION('center_axis',(0.,0.,-1.));
#5110=DIRECTION('ref_axis',(-1.,0.,0.));
#5111=DIRECTION('center_axis',(0.,-1.,0.));
#5112=DIRECTION('ref_axis',(0.,0.,1.));
#5113=DIRECTION('center_axis',(-1.,0.,0.));
#5114=DIRECTION('ref_axis',(0.,1.,0.));
#5115=DIRECTION('center_axis',(0.,0.,1.));
#5116=DIRECTION('ref_axis',(-0.707106781186573,0.707106781186522,0.));
#5117=DIRECTION('',(0.,0.,-1.));
#5118=DIRECTION('',(0.,0.,1.));
#5119=DIRECTION('center_axis',(0.,-1.,0.));
#5120=DIRECTION('ref_axis',(0.707106781186549,0.,0.707106781186546));
#5121=DIRECTION('',(0.,1.,0.));
#5122=DIRECTION('',(0.,-1.,0.));
#5123=DIRECTION('center_axis',(0.,-1.,0.));
#5124=DIRECTION('ref_axis',(0.,0.,-1.));
#5125=DIRECTION('center_axis',(0.,1.,0.));
#5126=DIRECTION('ref_axis',(-0.707106781186549,0.,-0.707106781186546));
#5127=DIRECTION('center_axis',(0.,0.,1.));
#5128=DIRECTION('ref_axis',(1.,0.,0.));
#5129=DIRECTION('center_axis',(0.,-1.,0.));
#5130=DIRECTION('ref_axis',(0.,0.,-1.));
#5131=DIRECTION('center_axis',(1.,0.,0.));
#5132=DIRECTION('ref_axis',(0.,1.,0.));
#5133=DIRECTION('center_axis',(1.,0.,0.));
#5134=DIRECTION('ref_axis',(0.,0.707106781186529,0.707106781186566));
#5135=DIRECTION('',(-1.,0.,0.));
#5136=DIRECTION('',(1.,0.,0.));
#5137=DIRECTION('center_axis',(0.,-1.,0.));
#5138=DIRECTION('ref_axis',(0.,0.,-1.));
#5139=DIRECTION('center_axis',(0.,1.,0.));
#5140=DIRECTION('ref_axis',(-0.707106781186549,0.,0.707106781186546));
#5141=DIRECTION('center_axis',(1.,0.,0.));
#5142=DIRECTION('ref_axis',(0.,0.,-1.));
#5143=DIRECTION('center_axis',(0.,-1.,0.));
#5144=DIRECTION('ref_axis',(-1.,0.,0.));
#5145=DIRECTION('center_axis',(0.,0.,-1.));
#5146=DIRECTION('ref_axis',(0.,1.,0.));
#5147=DIRECTION('center_axis',(0.,0.,-1.));
#5148=DIRECTION('ref_axis',(0.707106781186573,0.707106781186522,0.));
#5149=DIRECTION('',(0.,0.,1.));
#5150=DIRECTION('',(0.,0.,-1.));
#5151=DIRECTION('center_axis',(-1.,0.,0.));
#5152=DIRECTION('ref_axis',(0.,0.707106781186529,-0.707106781186566));
#5153=DIRECTION('',(1.,0.,0.));
#5154=DIRECTION('',(-1.,0.,0.));
#5155=DIRECTION('center_axis',(0.,-1.,0.));
#5156=DIRECTION('ref_axis',(-0.707106781186549,0.,0.707106781186546));
#5157=DIRECTION('',(0.,1.,0.));
#5158=DIRECTION('',(0.,-1.,0.));
#5159=DIRECTION('center_axis',(0.,-1.,0.));
#5160=DIRECTION('ref_axis',(-0.707106781186549,0.,-0.707106781186546));
#5161=DIRECTION('',(0.,1.,0.));
#5162=DIRECTION('',(0.,-1.,0.));
#5163=DIRECTION('center_axis',(0.,-1.,0.));
#5164=DIRECTION('ref_axis',(0.707106781186544,0.,-0.707106781186551));
#5165=DIRECTION('',(0.,1.,0.));
#5166=DIRECTION('',(0.,-1.,0.));
#5167=DIRECTION('center_axis',(0.,1.,0.));
#5168=DIRECTION('ref_axis',(-1.,0.,0.));
#5169=DIRECTION('',(1.,0.,0.));
#5170=DIRECTION('',(0.,0.,1.));
#5171=DIRECTION('',(-1.,0.,0.));
#5172=DIRECTION('',(0.,0.,1.));
#5173=DIRECTION('center_axis',(0.,1.,0.));
#5174=DIRECTION('ref_axis',(-1.,0.,0.));
#5175=DIRECTION('center_axis',(0.,1.,0.));
#5176=DIRECTION('ref_axis',(-1.,0.,0.));
#5177=DIRECTION('center_axis',(0.,0.,-1.));
#5178=DIRECTION('ref_axis',(1.,0.,0.));
#5179=DIRECTION('center_axis',(-1.,0.,0.));
#5180=DIRECTION('ref_axis',(0.,0.,-1.));
#5181=DIRECTION('center_axis',(0.,-1.,0.));
#5182=DIRECTION('ref_axis',(0.632455532033675,0.,0.774596669241485));
#5183=DIRECTION('',(0.,-1.,0.));
#5184=DIRECTION('center_axis',(0.,-1.,0.));
#5185=DIRECTION('ref_axis',(0.632455532033675,0.,0.774596669241485));
#5186=DIRECTION('',(0.,1.,0.));
#5187=DIRECTION('center_axis',(0.,-1.,0.));
#5188=DIRECTION('ref_axis',(1.,0.,1.89882151931499E-15));
#5189=DIRECTION('',(0.,1.,0.));
#5190=DIRECTION('center_axis',(0.,1.,0.));
#5191=DIRECTION('ref_axis',(-1.,0.,0.));
#5192=DIRECTION('center_axis',(0.,-1.,0.));
#5193=DIRECTION('ref_axis',(0.632455532033676,0.,-0.774596669241484));
#5194=DIRECTION('',(0.,-1.,0.));
#5195=DIRECTION('center_axis',(0.,-1.,0.));
#5196=DIRECTION('ref_axis',(0.632455532033676,0.,-0.774596669241484));
#5197=DIRECTION('center_axis',(0.,0.,-1.));
#5198=DIRECTION('ref_axis',(1.,0.,0.));
#5199=DIRECTION('',(0.,1.,0.));
#5200=DIRECTION('',(-1.,0.,0.));
#5201=DIRECTION('center_axis',(0.,-1.,0.));
#5202=DIRECTION('ref_axis',(-0.632455532033676,0.,-0.774596669241484));
#5203=DIRECTION('',(0.,-1.,0.));
#5204=DIRECTION('center_axis',(0.,-1.,0.));
#5205=DIRECTION('ref_axis',(-0.632455532033676,0.,-0.774596669241484));
#5206=DIRECTION('center_axis',(0.,-1.,0.));
#5207=DIRECTION('ref_axis',(-1.,0.,0.));
#5208=DIRECTION('',(0.,1.,0.));
#5209=DIRECTION('center_axis',(0.,1.,0.));
#5210=DIRECTION('ref_axis',(-1.,0.,0.));
#5211=DIRECTION('center_axis',(0.,-1.,0.));
#5212=DIRECTION('ref_axis',(-0.632455532033675,0.,0.774596669241485));
#5213=DIRECTION('',(0.,-1.,0.));
#5214=DIRECTION('center_axis',(0.,-1.,0.));
#5215=DIRECTION('ref_axis',(-0.632455532033675,0.,0.774596669241485));
#5216=DIRECTION('center_axis',(0.,0.,1.));
#5217=DIRECTION('ref_axis',(-1.,0.,0.));
#5218=DIRECTION('',(1.,0.,0.));
#5219=DIRECTION('center_axis',(1.,0.,0.));
#5220=DIRECTION('ref_axis',(0.,0.,1.));
#5221=DIRECTION('center_axis',(0.,0.,1.));
#5222=DIRECTION('ref_axis',(-1.,0.,0.));
#5223=DIRECTION('center_axis',(0.,-1.,0.));
#5224=DIRECTION('ref_axis',(0.,0.,-1.));
#5225=DIRECTION('center_axis',(-1.,0.,0.));
#5226=DIRECTION('ref_axis',(0.,0.,1.));
#5227=DIRECTION('center_axis',(0.,-1.,0.));
#5228=DIRECTION('ref_axis',(-1.,0.,0.));
#5229=DIRECTION('center_axis',(0.,-1.,0.));
#5230=DIRECTION('ref_axis',(0.,0.,-1.));
#5231=DIRECTION('center_axis',(-1.,0.,0.));
#5232=DIRECTION('ref_axis',(0.,0.,1.));
#5233=DIRECTION('center_axis',(0.,-1.,0.));
#5234=DIRECTION('ref_axis',(-1.,0.,0.));
#5235=DIRECTION('center_axis',(0.,1.,0.));
#5236=DIRECTION('ref_axis',(-1.,0.,0.));
#5237=DIRECTION('center_axis',(0.,1.,0.));
#5238=DIRECTION('ref_axis',(-1.,0.,0.));
#5239=DIRECTION('center_axis',(0.,1.,0.));
#5240=DIRECTION('ref_axis',(-1.,0.,0.));
#5241=DIRECTION('center_axis',(0.,1.,0.));
#5242=DIRECTION('ref_axis',(-1.,0.,0.));
#5243=DIRECTION('center_axis',(0.,-1.,0.));
#5244=DIRECTION('ref_axis',(-1.,0.,0.));
#5245=DIRECTION('',(0.,-1.,0.));
#5246=DIRECTION('center_axis',(0.,1.,0.));
#5247=DIRECTION('ref_axis',(-1.,0.,0.));
#5248=DIRECTION('center_axis',(0.,-1.,0.));
#5249=DIRECTION('ref_axis',(-1.,0.,0.));
#5250=DIRECTION('',(0.,-1.,0.));
#5251=DIRECTION('center_axis',(0.,1.,0.));
#5252=DIRECTION('ref_axis',(-1.,0.,0.));
#5253=DIRECTION('center_axis',(0.,0.0293990516018928,-0.999567754464353));
#5254=DIRECTION('ref_axis',(-1.,0.,0.));
#5255=DIRECTION('',(-1.,0.,0.));
#5256=DIRECTION('',(0.,-0.999567754464353,-0.0293990516018928));
#5257=DIRECTION('',(0.,0.999567754464353,0.0293990516018928));
#5258=DIRECTION('center_axis',(1.,0.,0.));
#5259=DIRECTION('ref_axis',(0.,1.,0.));
#5260=DIRECTION('',(0.,0.,1.));
#5261=DIRECTION('',(0.,-1.,0.));
#5262=DIRECTION('center_axis',(0.,1.,0.));
#5263=DIRECTION('ref_axis',(-1.,0.,0.));
#5264=DIRECTION('',(0.,0.,-1.));
#5265=DIRECTION('',(1.,0.,0.));
#5266=DIRECTION('center_axis',(-1.,0.,0.));
#5267=DIRECTION('ref_axis',(0.,-1.,0.));
#5268=DIRECTION('',(0.,-1.,0.));
#5269=DIRECTION('center_axis',(0.,0.,1.));
#5270=DIRECTION('ref_axis',(1.,0.,0.));
#5271=DIRECTION('center_axis',(-1.,0.,0.));
#5272=DIRECTION('ref_axis',(0.,0.,1.));
#5273=DIRECTION('center_axis',(1.,0.,0.));
#5274=DIRECTION('ref_axis',(0.,1.,0.));
#5275=DIRECTION('center_axis',(0.,-1.,0.));
#5276=DIRECTION('ref_axis',(0.,0.,-1.));
#5277=DIRECTION('center_axis',(-1.,0.,0.));
#5278=DIRECTION('ref_axis',(0.,1.,0.));
#5279=DIRECTION('center_axis',(1.,0.,0.));
#5280=DIRECTION('ref_axis',(0.,1.,0.));
#5281=DIRECTION('',(0.,-0.999567754464353,-0.0293990516018928));
#5282=DIRECTION('',(0.,0.,1.));
#5283=DIRECTION('',(0.,1.,0.));
#5284=DIRECTION('',(0.,0.,1.));
#5285=DIRECTION('center_axis',(1.,0.,0.));
#5286=DIRECTION('ref_axis',(0.,1.,0.));
#5287=DIRECTION('center_axis',(-1.,0.,0.));
#5288=DIRECTION('ref_axis',(0.,0.,1.));
#5289=DIRECTION('center_axis',(0.,-1.,0.));
#5290=DIRECTION('ref_axis',(0.,0.,-1.));
#5291=DIRECTION('center_axis',(-1.,0.,0.));
#5292=DIRECTION('ref_axis',(0.,1.,0.));
#5293=DIRECTION('center_axis',(1.,0.,0.));
#5294=DIRECTION('ref_axis',(0.,1.,0.));
#5295=DIRECTION('center_axis',(1.,0.,0.));
#5296=DIRECTION('ref_axis',(0.,1.,0.));
#5297=DIRECTION('center_axis',(1.,0.,0.));
#5298=DIRECTION('ref_axis',(0.,1.,0.));
#5299=DIRECTION('center_axis',(1.,0.,0.));
#5300=DIRECTION('ref_axis',(0.,1.,0.));
#5301=DIRECTION('center_axis',(-1.,0.,0.));
#5302=DIRECTION('ref_axis',(0.,1.,0.));
#5303=DIRECTION('',(-1.,0.,0.));
#5304=DIRECTION('center_axis',(1.,0.,0.));
#5305=DIRECTION('ref_axis',(0.,1.,0.));
#5306=DIRECTION('center_axis',(-1.,0.,0.));
#5307=DIRECTION('ref_axis',(0.,1.,0.));
#5308=DIRECTION('',(-1.,0.,0.));
#5309=DIRECTION('center_axis',(1.,0.,0.));
#5310=DIRECTION('ref_axis',(0.,1.,0.));
#5311=DIRECTION('center_axis',(0.,0.0293990516018928,-0.999567754464353));
#5312=DIRECTION('ref_axis',(-1.,0.,0.));
#5313=DIRECTION('',(1.,0.,0.));
#5314=DIRECTION('',(0.,0.999567754464353,0.0293990516018928));
#5315=DIRECTION('',(-1.,0.,0.));
#5316=DIRECTION('center_axis',(-1.,0.,0.));
#5317=DIRECTION('ref_axis',(0.,0.,1.));
#5318=DIRECTION('',(0.,0.,-1.));
#5319=DIRECTION('',(0.,-1.,0.));
#5320=DIRECTION('',(0.,0.,-1.));
#5321=DIRECTION('center_axis',(0.,-1.,0.));
#5322=DIRECTION('ref_axis',(0.,0.,-1.));
#5323=DIRECTION('',(-1.,0.,0.));
#5324=DIRECTION('center_axis',(0.,-1.,0.));
#5325=DIRECTION('ref_axis',(1.,0.,0.));
#5326=DIRECTION('',(-1.,0.,0.));
#5327=DIRECTION('center_axis',(0.,0.,1.));
#5328=DIRECTION('ref_axis',(1.,0.,0.));
#5329=DIRECTION('center_axis',(0.,1.,0.));
#5330=DIRECTION('ref_axis',(0.,0.,1.));
#5331=DIRECTION('center_axis',(0.,-1.,0.));
#5332=DIRECTION('ref_axis',(1.,0.,0.));
#5333=DIRECTION('center_axis',(-1.,0.,0.));
#5334=DIRECTION('ref_axis',(0.,0.,-1.));
#5335=DIRECTION('center_axis',(0.,1.,0.));
#5336=DIRECTION('ref_axis',(1.,0.,0.));
#5337=DIRECTION('center_axis',(0.,-1.,0.));
#5338=DIRECTION('ref_axis',(1.,0.,0.));
#5339=DIRECTION('',(-1.,0.,0.));
#5340=DIRECTION('',(0.,0.,1.));
#5341=DIRECTION('',(1.,0.,0.));
#5342=DIRECTION('',(0.,0.,1.));
#5343=DIRECTION('center_axis',(0.,-1.,0.));
#5344=DIRECTION('ref_axis',(1.,0.,0.));
#5345=DIRECTION('center_axis',(0.,1.,0.));
#5346=DIRECTION('ref_axis',(0.,0.,1.));
#5347=DIRECTION('center_axis',(-1.,0.,0.));
#5348=DIRECTION('ref_axis',(0.,0.,-1.));
#5349=DIRECTION('center_axis',(0.,1.,0.));
#5350=DIRECTION('ref_axis',(1.,0.,0.));
#5351=DIRECTION('center_axis',(0.,-1.,0.));
#5352=DIRECTION('ref_axis',(1.,0.,0.));
#5353=DIRECTION('center_axis',(0.,-1.,0.));
#5354=DIRECTION('ref_axis',(1.,0.,0.));
#5355=DIRECTION('center_axis',(0.,-1.,0.));
#5356=DIRECTION('ref_axis',(1.,0.,0.));
#5357=DIRECTION('center_axis',(0.,-1.,0.));
#5358=DIRECTION('ref_axis',(1.,0.,0.));
#5359=DIRECTION('center_axis',(0.,1.,0.));
#5360=DIRECTION('ref_axis',(1.,0.,0.));
#5361=DIRECTION('',(0.,1.,0.));
#5362=DIRECTION('center_axis',(0.,-1.,0.));
#5363=DIRECTION('ref_axis',(1.,0.,0.));
#5364=DIRECTION('center_axis',(0.,1.,0.));
#5365=DIRECTION('ref_axis',(1.,0.,0.));
#5366=DIRECTION('',(0.,1.,0.));
#5367=DIRECTION('center_axis',(0.,-1.,0.));
#5368=DIRECTION('ref_axis',(1.,0.,0.));
#5369=DIRECTION('center_axis',(0.,0.0293990516018928,-0.999567754464353));
#5370=DIRECTION('ref_axis',(-1.,0.,0.));
#5371=DIRECTION('',(0.,0.999567754464353,0.0293990516018928));
#5372=DIRECTION('',(0.,-0.999567754464353,-0.0293990516018928));
#5373=DIRECTION('',(1.,0.,0.));
#5374=DIRECTION('center_axis',(-1.,0.,0.));
#5375=DIRECTION('ref_axis',(0.,0.,1.));
#5376=DIRECTION('',(0.,1.,0.));
#5377=DIRECTION('',(0.,0.,-1.));
#5378=DIRECTION('center_axis',(-1.,0.,0.));
#5379=DIRECTION('ref_axis',(0.,-1.,0.));
#5380=DIRECTION('',(0.,0.,1.));
#5381=DIRECTION('',(0.,-1.,0.));
#5382=DIRECTION('center_axis',(0.,0.,1.));
#5383=DIRECTION('ref_axis',(1.,0.,0.));
#5384=DIRECTION('',(-1.,0.,0.));
#5385=DIRECTION('center_axis',(0.,1.,0.));
#5386=DIRECTION('ref_axis',(0.,0.,1.));
#5387=DIRECTION('center_axis',(1.,0.,0.));
#5388=DIRECTION('ref_axis',(0.,0.,-1.));
#5389=DIRECTION('center_axis',(1.,0.,0.));
#5390=DIRECTION('ref_axis',(0.,-1.,0.));
#5391=DIRECTION('center_axis',(0.,-1.,0.));
#5392=DIRECTION('ref_axis',(0.,0.,1.));
#5393=DIRECTION('center_axis',(1.,0.,0.));
#5394=DIRECTION('ref_axis',(0.,-1.,0.));
#5395=DIRECTION('center_axis',(-1.,0.,0.));
#5396=DIRECTION('ref_axis',(0.,-1.,0.));
#5397=DIRECTION('center_axis',(-1.,0.,0.));
#5398=DIRECTION('ref_axis',(0.,-1.,0.));
#5399=DIRECTION('center_axis',(1.,0.,0.));
#5400=DIRECTION('ref_axis',(0.,0.,-1.));
#5401=DIRECTION('center_axis',(-1.,0.,0.));
#5402=DIRECTION('ref_axis',(0.,-1.,0.));
#5403=DIRECTION('center_axis',(0.,-1.,0.));
#5404=DIRECTION('ref_axis',(0.,0.,1.));
#5405=DIRECTION('center_axis',(1.,0.,0.));
#5406=DIRECTION('ref_axis',(0.,-1.,0.));
#5407=DIRECTION('center_axis',(-1.,0.,0.));
#5408=DIRECTION('ref_axis',(0.,-1.,0.));
#5409=DIRECTION('',(0.,0.999567754464353,0.0293990516018928));
#5410=DIRECTION('',(0.,0.,-1.));
#5411=DIRECTION('',(0.,-1.,0.));
#5412=DIRECTION('',(0.,0.,1.));
#5413=DIRECTION('center_axis',(-1.,0.,0.));
#5414=DIRECTION('ref_axis',(0.,-1.,0.));
#5415=DIRECTION('center_axis',(-1.,0.,0.));
#5416=DIRECTION('ref_axis',(0.,-1.,0.));
#5417=DIRECTION('center_axis',(-1.,0.,0.));
#5418=DIRECTION('ref_axis',(0.,-1.,0.));
#5419=DIRECTION('center_axis',(-1.,0.,0.));
#5420=DIRECTION('ref_axis',(0.,-1.,0.));
#5421=DIRECTION('center_axis',(1.,0.,0.));
#5422=DIRECTION('ref_axis',(0.,0.,-1.));
#5423=DIRECTION('center_axis',(0.,-1.,0.));
#5424=DIRECTION('ref_axis',(0.,0.,1.));
#5425=DIRECTION('center_axis',(1.,0.,0.));
#5426=DIRECTION('ref_axis',(0.,-1.,0.));
#5427=DIRECTION('center_axis',(1.,0.,0.));
#5428=DIRECTION('ref_axis',(0.,-1.,0.));
#5429=DIRECTION('center_axis',(1.,0.,0.));
#5430=DIRECTION('ref_axis',(0.,-1.,0.));
#5431=DIRECTION('',(1.,0.,0.));
#5432=DIRECTION('center_axis',(-1.,0.,0.));
#5433=DIRECTION('ref_axis',(0.,-1.,0.));
#5434=DIRECTION('center_axis',(1.,0.,0.));
#5435=DIRECTION('ref_axis',(0.,0.,-1.));
#5436=DIRECTION('center_axis',(0.,-1.,0.));
#5437=DIRECTION('ref_axis',(0.,0.,1.));
#5438=DIRECTION('center_axis',(1.,0.,0.));
#5439=DIRECTION('ref_axis',(0.,-1.,0.));
#5440=DIRECTION('center_axis',(1.,0.,0.));
#5441=DIRECTION('ref_axis',(0.,-1.,0.));
#5442=DIRECTION('center_axis',(1.,0.,0.));
#5443=DIRECTION('ref_axis',(0.,-1.,0.));
#5444=DIRECTION('',(1.,0.,0.));
#5445=DIRECTION('center_axis',(-1.,0.,0.));
#5446=DIRECTION('ref_axis',(0.,-1.,0.));
#5447=DIRECTION('center_axis',(1.,0.,0.));
#5448=DIRECTION('ref_axis',(0.,0.,-1.));
#5449=DIRECTION('center_axis',(0.,-1.,0.));
#5450=DIRECTION('ref_axis',(0.,0.,1.));
#5451=DIRECTION('center_axis',(1.,0.,0.));
#5452=DIRECTION('ref_axis',(0.,-1.,0.));
#5453=DIRECTION('center_axis',(1.,0.,0.));
#5454=DIRECTION('ref_axis',(0.,-1.,0.));
#5455=DIRECTION('center_axis',(1.,0.,0.));
#5456=DIRECTION('ref_axis',(0.,-1.,0.));
#5457=DIRECTION('',(1.,0.,0.));
#5458=DIRECTION('center_axis',(-1.,0.,0.));
#5459=DIRECTION('ref_axis',(0.,-1.,0.));
#5460=DIRECTION('center_axis',(1.,0.,0.));
#5461=DIRECTION('ref_axis',(0.,0.,-1.));
#5462=DIRECTION('center_axis',(0.,-1.,0.));
#5463=DIRECTION('ref_axis',(0.,0.,1.));
#5464=DIRECTION('center_axis',(1.,0.,0.));
#5465=DIRECTION('ref_axis',(0.,-1.,0.));
#5466=DIRECTION('center_axis',(1.,0.,0.));
#5467=DIRECTION('ref_axis',(0.,-1.,0.));
#5468=DIRECTION('center_axis',(1.,0.,0.));
#5469=DIRECTION('ref_axis',(0.,-1.,0.));
#5470=DIRECTION('',(1.,0.,0.));
#5471=DIRECTION('center_axis',(-1.,0.,0.));
#5472=DIRECTION('ref_axis',(0.,-1.,0.));
#5473=DIRECTION('center_axis',(-1.,0.,0.));
#5474=DIRECTION('ref_axis',(0.,-1.,0.));
#5475=DIRECTION('center_axis',(-1.,0.,0.));
#5476=DIRECTION('ref_axis',(0.,-1.,0.));
#5477=DIRECTION('center_axis',(1.,0.,0.));
#5478=DIRECTION('ref_axis',(0.,-1.,0.));
#5479=DIRECTION('',(1.,0.,0.));
#5480=DIRECTION('center_axis',(-1.,0.,0.));
#5481=DIRECTION('ref_axis',(0.,-1.,0.));
#5482=DIRECTION('center_axis',(1.,0.,0.));
#5483=DIRECTION('ref_axis',(0.,-1.,0.));
#5484=DIRECTION('',(1.,0.,0.));
#5485=DIRECTION('center_axis',(-1.,0.,0.));
#5486=DIRECTION('ref_axis',(0.,-1.,0.));
#5487=DIRECTION('center_axis',(0.,0.0293990516018928,-0.999567754464353));
#5488=DIRECTION('ref_axis',(-1.,0.,0.));
#5489=DIRECTION('',(-1.,0.,0.));
#5490=DIRECTION('',(0.,-0.999567754464353,-0.0293990516018928));
#5491=DIRECTION('',(1.,0.,0.));
#5492=DIRECTION('center_axis',(0.,-1.,0.));
#5493=DIRECTION('ref_axis',(0.,0.,-1.));
#5494=DIRECTION('',(0.,0.,-1.));
#5495=DIRECTION('',(-1.,0.,0.));
#5496=DIRECTION('center_axis',(-1.,0.,0.));
#5497=DIRECTION('ref_axis',(0.,-1.,0.));
#5498=DIRECTION('',(0.,0.,1.));
#5499=DIRECTION('',(0.,1.,0.));
#5500=DIRECTION('center_axis',(0.,1.,0.));
#5501=DIRECTION('ref_axis',(0.,0.,1.));
#5502=DIRECTION('',(1.,0.,0.));
#5503=DIRECTION('center_axis',(0.,0.,1.));
#5504=DIRECTION('ref_axis',(1.,0.,0.));
#5505=DIRECTION('center_axis',(0.,0.,1.));
#5506=DIRECTION('ref_axis',(0.707106781186551,-0.707106781186544,0.));
#5507=DIRECTION('center_axis',(0.,0.0293990516018928,-0.999567754464353));
#5508=DIRECTION('ref_axis',(4.43897254271676E-15,-0.999567754464353,-0.0293990516018928));
#5509=DIRECTION('',(0.,0.,-1.));
#5510=DIRECTION('center_axis',(0.,0.,1.));
#5511=DIRECTION('ref_axis',(0.707106781186551,-0.707106781186544,0.));
#5512=DIRECTION('',(0.,0.,1.));
#5513=DIRECTION('center_axis',(0.,0.0293990516018929,-0.999567754464353));
#5514=DIRECTION('ref_axis',(4.43897254271676E-15,-0.999567754464353,-0.0293990516018929));
#5515=DIRECTION('center_axis',(0.,-0.999567754464353,-0.0293990516018924));
#5516=DIRECTION('ref_axis',(-2.03996899941025E-18,-0.0293990516018923,0.999567754464353));
#5517=DIRECTION('center_axis',(0.,-0.0293990516018929,0.999567754464353));
#5518=DIRECTION('ref_axis',(4.43897254271676E-15,-0.999567754464353,-0.0293990516018929));
#5519=DIRECTION('',(0.,0.,1.));
#5520=DIRECTION('center_axis',(0.,-0.999567754464353,-0.0293990516018924));
#5521=DIRECTION('ref_axis',(-1.,0.,0.));
#5522=DIRECTION('',(-1.,0.,0.));
#5523=DIRECTION('',(0.,0.0293990516018924,-0.999567754464353));
#5524=DIRECTION('',(1.,0.,0.));
#5525=DIRECTION('center_axis',(0.,-0.0293990516018929,0.999567754464353));
#5526=DIRECTION('ref_axis',(1.,0.,0.));
#5527=DIRECTION('',(0.,-0.999567754464353,-0.0293990516018929));
#5528=DIRECTION('',(1.,0.,0.));
#5529=DIRECTION('center_axis',(0.,0.0293990516018931,-0.999567754464353));
#5530=DIRECTION('ref_axis',(1.,0.,0.));
#5531=DIRECTION('center_axis',(0.,0.0293990516018931,-0.999567754464353));
#5532=DIRECTION('ref_axis',(1.,0.,0.));
#5533=DIRECTION('center_axis',(0.,0.,1.));
#5534=DIRECTION('ref_axis',(-1.,0.,0.));
#5535=DIRECTION('',(1.,0.,0.));
#5536=DIRECTION('',(0.,-1.,0.));
#5537=DIRECTION('',(-1.,0.,0.));
#5538=DIRECTION('',(0.,1.,0.));
#5539=DIRECTION('center_axis',(0.,0.,1.));
#5540=DIRECTION('ref_axis',(1.,0.,0.));
#5541=DIRECTION('center_axis',(0.,0.,1.));
#5542=DIRECTION('ref_axis',(1.,0.,0.));
#5543=DIRECTION('',(0.,0.,1.));
#5544=DIRECTION('center_axis',(0.,0.,1.));
#5545=DIRECTION('ref_axis',(1.,0.,0.));
#5546=DIRECTION('center_axis',(0.,0.,-1.));
#5547=DIRECTION('ref_axis',(1.,0.,0.));
#5548=DIRECTION('center_axis',(1.,0.,0.));
#5549=DIRECTION('ref_axis',(0.,-1.,0.));
#5550=DIRECTION('center_axis',(1.,0.,0.));
#5551=DIRECTION('ref_axis',(0.,-1.,0.));
#5552=DIRECTION('',(1.,0.,0.));
#5553=DIRECTION('center_axis',(0.,0.0293990516018924,-0.999567754464353));
#5554=DIRECTION('ref_axis',(1.,0.,0.));
#5555=DIRECTION('',(0.,0.0293990516018924,-0.999567754464353));
#5556=DIRECTION('center_axis',(0.,-0.0293990516018929,0.999567754464353));
#5557=DIRECTION('ref_axis',(1.,0.,0.));
#5558=DIRECTION('center_axis',(0.,0.0293990516018924,-0.999567754464353));
#5559=DIRECTION('ref_axis',(1.,0.,0.));
#5560=DIRECTION('center_axis',(0.,-0.0293990516018929,0.999567754464353));
#5561=DIRECTION('ref_axis',(1.,0.,0.));
#5562=DIRECTION('center_axis',(0.,-1.,0.));
#5563=DIRECTION('ref_axis',(-1.,0.,0.));
#5564=DIRECTION('center_axis',(0.,-1.,0.));
#5565=DIRECTION('ref_axis',(-1.,0.,0.));
#5566=DIRECTION('',(0.,-1.,0.));
#5567=DIRECTION('center_axis',(0.,-1.,0.));
#5568=DIRECTION('ref_axis',(-1.,0.,0.));
#5569=DIRECTION('center_axis',(0.,1.,0.));
#5570=DIRECTION('ref_axis',(-1.,0.,0.));
#5571=DIRECTION('center_axis',(1.,0.,0.));
#5572=DIRECTION('ref_axis',(0.,-1.,0.));
#5573=DIRECTION('center_axis',(1.,0.,0.));
#5574=DIRECTION('ref_axis',(0.,-1.,0.));
#5575=DIRECTION('',(1.,0.,0.));
#5576=DIRECTION('center_axis',(1.,0.,0.));
#5577=DIRECTION('ref_axis',(0.,-1.,0.));
#5578=DIRECTION('center_axis',(-1.,0.,0.));
#5579=DIRECTION('ref_axis',(0.,-1.,0.));
#5580=DIRECTION('center_axis',(0.,0.0293990516018928,-0.999567754464353));
#5581=DIRECTION('ref_axis',(-1.,0.,0.));
#5582=DIRECTION('center_axis',(0.,-0.0293990516018928,0.999567754464353));
#5583=DIRECTION('ref_axis',(1.,-6.0843225943136E-16,-1.78950664538635E-17));
#5584=DIRECTION('center_axis',(0.,-0.999567754464353,-0.0293990516018928));
#5585=DIRECTION('ref_axis',(1.,0.,0.));
#5586=DIRECTION('center_axis',(0.,0.0293990516018928,-0.999567754464353));
#5587=DIRECTION('ref_axis',(1.,-6.07953858196179E-16,-3.41607084500048E-17));
#5588=DIRECTION('center_axis',(0.,0.0293990516018928,-0.999567754464353));
#5589=DIRECTION('ref_axis',(1.,-6.07953858196179E-16,-3.41607084500048E-17));
#5590=DIRECTION('center_axis',(0.,0.0293990516018915,-0.999567754464353));
#5591=DIRECTION('ref_axis',(1.,0.,0.));
#5592=DIRECTION('',(0.,0.0293990516018915,-0.999567754464353));
#5593=DIRECTION('center_axis',(0.,0.0293990516018931,-0.999567754464353));
#5594=DIRECTION('ref_axis',(1.,0.,0.));
#5595=DIRECTION('center_axis',(0.,-0.0293990516018928,0.999567754464353));
#5596=DIRECTION('ref_axis',(1.,0.,0.));
#5597=DIRECTION('',(0.,0.999567754464353,0.0293990516018928));
#5598=DIRECTION('',(-1.,0.,0.));
#5599=DIRECTION('',(0.,-0.999567754464353,-0.0293990516018928));
#5600=DIRECTION('',(1.,0.,0.));
#5601=DIRECTION('center_axis',(0.,-0.0293990516018931,0.999567754464353));
#5602=DIRECTION('ref_axis',(1.,0.,0.));
#5603=DIRECTION('center_axis',(0.,-0.0293990516018929,0.999567754464353));
#5604=DIRECTION('ref_axis',(1.,0.,0.));
#5605=DIRECTION('',(-1.,0.,0.));
#5606=DIRECTION('',(0.,-0.999567754464353,-0.0293990516018929));
#5607=DIRECTION('center_axis',(0.,0.999567754464353,0.0293990516018924));
#5608=DIRECTION('ref_axis',(1.,0.,0.));
#5609=DIRECTION('',(0.,0.0293990516018924,-0.999567754464353));
#5610=DIRECTION('center_axis',(1.,0.,0.));
#5611=DIRECTION('ref_axis',(0.,1.,0.));
#5612=DIRECTION('',(0.,0.,1.));
#5613=DIRECTION('center_axis',(0.,1.,0.));
#5614=DIRECTION('ref_axis',(-1.,0.,0.));
#5615=DIRECTION('',(0.,0.,1.));
#5616=DIRECTION('center_axis',(-1.,0.,0.));
#5617=DIRECTION('ref_axis',(0.,-1.,0.));
#5618=DIRECTION('',(0.,0.,1.));
#5619=DIRECTION('center_axis',(0.,-1.,0.));
#5620=DIRECTION('ref_axis',(1.,0.,0.));
#5621=DIRECTION('center_axis',(0.,0.,1.));
#5622=DIRECTION('ref_axis',(-0.707106781186546,-0.707106781186549,0.));
#5623=DIRECTION('center_axis',(-5.48535599037552E-31,0.0293990516018933,
-0.999567754464353));
#5624=DIRECTION('ref_axis',(2.77435783919797E-15,-0.999567754464353,-0.0293990516018933));
#5625=DIRECTION('',(0.,0.,-1.));
#5626=DIRECTION('center_axis',(0.,0.,1.));
#5627=DIRECTION('ref_axis',(-0.707106781186546,-0.707106781186549,0.));
#5628=DIRECTION('',(0.,0.,1.));
#5629=DIRECTION('center_axis',(0.,0.0293990516018928,-0.999567754464353));
#5630=DIRECTION('ref_axis',(2.77435783919797E-15,-0.999567754464353,-0.0293990516018928));
#5631=DIRECTION('',(0.,0.,-1.));
#5632=DIRECTION('center_axis',(5.48535599037552E-31,-0.0293990516018933,
0.999567754464353));
#5633=DIRECTION('ref_axis',(2.77435783919797E-15,-0.999567754464353,-0.0293990516018933));
#5634=DIRECTION('center_axis',(2.8421709430404E-15,-0.999567754464353,-0.0293990516018924));
#5635=DIRECTION('ref_axis',(8.15987599764099E-17,-0.0293990516018923,0.999567754464353));
#5636=DIRECTION('center_axis',(0.,-0.0293990516018928,0.999567754464353));
#5637=DIRECTION('ref_axis',(1.,0.,0.));
#5638=DIRECTION('',(1.,0.,0.));
#5639=DIRECTION('',(0.,0.999567754464353,0.0293990516018928));
#5640=DIRECTION('',(-1.,0.,0.));
#5641=DIRECTION('',(0.,-0.999567754464353,-0.0293990516018928));
#5642=DIRECTION('center_axis',(0.,-0.0293990516018928,0.999567754464353));
#5643=DIRECTION('ref_axis',(-1.,-4.97750604482882E-15,-1.46397236612613E-16));
#5644=DIRECTION('center_axis',(0.,-1.,0.));
#5645=DIRECTION('ref_axis',(1.,0.,0.));
#5646=DIRECTION('',(1.,0.,0.));
#5647=DIRECTION('',(0.,0.,1.));
#5648=DIRECTION('center_axis',(-1.,0.,0.));
#5649=DIRECTION('ref_axis',(0.,-1.,0.));
#5650=DIRECTION('',(0.,0.,1.));
#5651=DIRECTION('',(0.,-1.,0.));
#5652=DIRECTION('',(0.,0.999567754464353,0.0293990516018933));
#5653=DIRECTION('',(0.,-0.0293990516018924,0.999567754464353));
#5654=DIRECTION('',(-3.08798089928122E-15,0.999567754464353,0.0293990516018933));
#5655=DIRECTION('center_axis',(0.,0.,1.));
#5656=DIRECTION('ref_axis',(-1.,0.,0.));
#5657=DIRECTION('',(-1.,0.,0.));
#5658=DIRECTION('',(0.,1.,0.));
#5659=DIRECTION('center_axis',(0.,0.,1.));
#5660=DIRECTION('ref_axis',(1.,0.,0.));
#5661=DIRECTION('center_axis',(0.,0.,1.));
#5662=DIRECTION('ref_axis',(1.,0.,0.));
#5663=DIRECTION('',(0.,0.,1.));
#5664=DIRECTION('center_axis',(0.,0.,1.));
#5665=DIRECTION('ref_axis',(1.,0.,0.));
#5666=DIRECTION('center_axis',(0.,0.,-1.));
#5667=DIRECTION('ref_axis',(1.,0.,0.));
#5668=DIRECTION('center_axis',(1.,0.,0.));
#5669=DIRECTION('ref_axis',(0.,-1.,0.));
#5670=DIRECTION('',(1.,0.,0.));
#5671=DIRECTION('center_axis',(-1.,0.,0.));
#5672=DIRECTION('ref_axis',(0.,-1.,0.));
#5673=DIRECTION('center_axis',(5.48535599037552E-31,-0.0293990516018933,
0.999567754464353));
#5674=DIRECTION('ref_axis',(1.,1.61264263815803E-32,-5.48298496973725E-31));
#5675=DIRECTION('',(-1.,-2.86183170989269E-15,6.26678476618835E-16));
#5676=DIRECTION('center_axis',(-1.22464679914735E-16,0.0293990516018931,
-0.999567754464353));
#5677=DIRECTION('ref_axis',(-1.,-4.44257288816098E-15,-8.1462708586912E-18));
#5678=DIRECTION('center_axis',(-1.22464679914735E-16,0.0293990516018931,
-0.999567754464353));
#5679=DIRECTION('ref_axis',(-1.,-4.44257288816098E-15,-8.1462708586912E-18));
#5680=DIRECTION('',(1.,2.84094242733873E-15,8.35571302158459E-17));
#5681=DIRECTION('center_axis',(0.,0.0293990516018924,-0.999567754464353));
#5682=DIRECTION('ref_axis',(-1.,-4.43897254271675E-15,-1.30558015962256E-16));
#5683=DIRECTION('',(0.,0.0293990516018923,-0.999567754464353));
#5684=DIRECTION('center_axis',(5.48535599037552E-31,-0.0293990516018933,
0.999567754464353));
#5685=DIRECTION('ref_axis',(-1.,-4.43897254271675E-15,-1.30558015962256E-16));
#5686=DIRECTION('center_axis',(0.,0.0293990516018924,-0.999567754464353));
#5687=DIRECTION('ref_axis',(-1.,-4.43897254271675E-15,-1.30558015962256E-16));
#5688=DIRECTION('center_axis',(5.48535599037552E-31,-0.0293990516018933,
0.999567754464353));
#5689=DIRECTION('ref_axis',(-1.,-4.43897254271675E-15,-1.30558015962256E-16));
#5690=DIRECTION('',(0.,0.0293990516018923,-0.999567754464353));
#5691=DIRECTION('center_axis',(-1.,0.,0.));
#5692=DIRECTION('ref_axis',(0.,1.,0.));
#5693=DIRECTION('center_axis',(-1.,0.,0.));
#5694=DIRECTION('ref_axis',(0.,1.,0.));
#5695=DIRECTION('',(-1.,0.,0.));
#5696=DIRECTION('center_axis',(-1.,0.,0.));
#5697=DIRECTION('ref_axis',(0.,1.,0.));
#5698=DIRECTION('center_axis',(1.,0.,0.));
#5699=DIRECTION('ref_axis',(0.,1.,0.));
#5700=DIRECTION('center_axis',(0.,-1.,0.));
#5701=DIRECTION('ref_axis',(-1.,0.,0.));
#5702=DIRECTION('center_axis',(0.,-1.,0.));
#5703=DIRECTION('ref_axis',(-1.,0.,0.));
#5704=DIRECTION('',(0.,-1.,0.));
#5705=DIRECTION('center_axis',(0.,-1.,0.));
#5706=DIRECTION('ref_axis',(-1.,0.,0.));
#5707=DIRECTION('center_axis',(0.,1.,0.));
#5708=DIRECTION('ref_axis',(-1.,0.,0.));
#5709=DIRECTION('center_axis',(0.,0.0293990516018928,-0.999567754464353));
#5710=DIRECTION('ref_axis',(-1.,0.,0.));
#5711=DIRECTION('center_axis',(0.,-0.999567754464353,-0.0293990516018928));
#5712=DIRECTION('ref_axis',(1.,0.,0.));
#5713=DIRECTION('center_axis',(0.,0.0293990516018928,-0.999567754464353));
#5714=DIRECTION('ref_axis',(-1.,-4.97678821231008E-15,-1.70803542250024E-16));
#5715=DIRECTION('center_axis',(0.,0.0293990516018915,-0.999567754464353));
#5716=DIRECTION('ref_axis',(-1.,-4.37068065744419E-15,-1.28549431101294E-16));
#5717=DIRECTION('',(0.,0.0293990516018915,-0.999567754464353));
#5718=DIRECTION('center_axis',(-1.22464679914735E-16,0.0293990516018931,
-0.999567754464353));
#5719=DIRECTION('ref_axis',(-1.,-4.37428100288842E-15,-6.13768599773376E-18));
#5720=DIRECTION('center_axis',(1.22464679914735E-16,-0.0293990516018931,
0.999567754464353));
#5721=DIRECTION('ref_axis',(1.,3.60034544422262E-18,-1.22411745103568E-16));
#5722=DIRECTION('center_axis',(5.48535599037552E-31,-0.0293990516018933,
0.999567754464353));
#5723=DIRECTION('ref_axis',(1.,1.61264263815803E-32,-5.48298496973725E-31));
#5724=DIRECTION('',(-1.,-2.84094242733873E-15,-8.35571302158458E-17));
#5725=DIRECTION('',(1.,2.84094242733872E-15,8.35571302158458E-17));
#5726=DIRECTION('center_axis',(2.8421709430404E-15,-0.999567754464353,-0.0293990516018924));
#5727=DIRECTION('ref_axis',(-1.,-2.86183170989269E-15,6.26678476618835E-16));
#5728=DIRECTION('center_axis',(-2.8421709430404E-15,0.999567754464353,0.0293990516018924));
#5729=DIRECTION('ref_axis',(1.,2.84094242733873E-15,8.35571302158458E-17));
#5730=DIRECTION('center_axis',(1.,0.,0.));
#5731=DIRECTION('ref_axis',(0.,1.,0.));
#5732=DIRECTION('',(0.,0.,1.));
#5733=DIRECTION('center_axis',(0.,1.,0.));
#5734=DIRECTION('ref_axis',(-1.,0.,0.));
#5735=DIRECTION('center_axis',(0.,0.,1.));
#5736=DIRECTION('ref_axis',(0.707106781186546,0.707106781186549,0.));
#5737=DIRECTION('center_axis',(0.,0.0293990516018931,-0.999567754464353));
#5738=DIRECTION('ref_axis',(-1.59525575753883E-15,0.999567754464353,0.0293990516018931));
#5739=DIRECTION('',(0.,0.,-1.));
#5740=DIRECTION('center_axis',(0.,0.,1.));
#5741=DIRECTION('ref_axis',(0.707106781186546,0.707106781186549,0.));
#5742=DIRECTION('',(0.,0.,1.));
#5743=DIRECTION('center_axis',(0.,0.0293990516018928,-0.999567754464353));
#5744=DIRECTION('ref_axis',(-1.59525575753883E-15,0.999567754464353,0.0293990516018928));
#5745=DIRECTION('',(0.,0.,-1.));
#5746=DIRECTION('center_axis',(0.,-0.0293990516018931,0.999567754464353));
#5747=DIRECTION('ref_axis',(-1.59525575753883E-15,0.999567754464353,0.0293990516018931));
#5748=DIRECTION('center_axis',(0.,0.999567754464353,0.0293990516018934));
#5749=DIRECTION('ref_axis',(2.03996899941032E-18,0.0293990516018934,-0.999567754464353));
#5750=DIRECTION('center_axis',(0.,-0.0293990516018931,0.999567754464353));
#5751=DIRECTION('ref_axis',(1.,0.,0.));
#5752=DIRECTION('',(1.,0.,0.));
#5753=DIRECTION('center_axis',(0.,0.0293990516018931,-0.999567754464353));
#5754=DIRECTION('ref_axis',(1.,0.,0.));
#5755=DIRECTION('center_axis',(0.,0.0293990516018931,-0.999567754464353));
#5756=DIRECTION('ref_axis',(1.,0.,0.));
#5757=DIRECTION('',(-1.,0.,0.));
#5758=DIRECTION('',(0.,-0.999567754464353,-0.0293990516018931));
#5759=DIRECTION('center_axis',(0.,0.999567754464353,0.0293990516018934));
#5760=DIRECTION('ref_axis',(1.,0.,0.));
#5761=DIRECTION('',(-1.,0.,0.));
#5762=DIRECTION('',(0.,0.0293990516018934,-0.999567754464353));
#5763=DIRECTION('center_axis',(1.,0.,0.));
#5764=DIRECTION('ref_axis',(0.,1.,0.));
#5765=DIRECTION('',(0.,-0.0293990516018934,0.999567754464353));
#5766=DIRECTION('',(0.,-0.999567754464353,-0.0293990516018929));
#5767=DIRECTION('',(0.,0.999567754464353,0.0293990516018928));
#5768=DIRECTION('',(0.,0.,1.));
#5769=DIRECTION('',(0.,1.,0.));
#5770=DIRECTION('center_axis',(0.,-0.0293990516018931,0.999567754464353));
#5771=DIRECTION('ref_axis',(1.,0.,0.));
#5772=DIRECTION('',(1.,0.,0.));
#5773=DIRECTION('center_axis',(0.,-0.0293990516018931,0.999567754464353));
#5774=DIRECTION('ref_axis',(1.,0.,0.));
#5775=DIRECTION('center_axis',(0.,-0.0293990516018931,0.999567754464353));
#5776=DIRECTION('ref_axis',(1.,0.,0.));
#5777=DIRECTION('center_axis',(0.,0.,1.));
#5778=DIRECTION('ref_axis',(1.,0.,0.));
#5779=DIRECTION('center_axis',(0.,0.,1.));
#5780=DIRECTION('ref_axis',(1.,0.,0.));
#5781=DIRECTION('',(0.,0.,1.));
#5782=DIRECTION('center_axis',(0.,0.,1.));
#5783=DIRECTION('ref_axis',(1.,0.,0.));
#5784=DIRECTION('center_axis',(0.,0.,-1.));
#5785=DIRECTION('ref_axis',(1.,0.,0.));
#5786=DIRECTION('center_axis',(1.,0.,0.));
#5787=DIRECTION('ref_axis',(0.,-1.,0.));
#5788=DIRECTION('center_axis',(1.,0.,0.));
#5789=DIRECTION('ref_axis',(0.,-1.,0.));
#5790=DIRECTION('',(1.,0.,0.));
#5791=DIRECTION('center_axis',(0.,0.0293990516018934,-0.999567754464353));
#5792=DIRECTION('ref_axis',(1.,0.,0.));
#5793=DIRECTION('center_axis',(0.,0.0293990516018934,-0.999567754464353));
#5794=DIRECTION('ref_axis',(1.,0.,0.));
#5795=DIRECTION('',(0.,0.0293990516018934,-0.999567754464353));
#5796=DIRECTION('center_axis',(1.,0.,0.));
#5797=DIRECTION('ref_axis',(0.,-1.,0.));
#5798=DIRECTION('center_axis',(1.,0.,0.));
#5799=DIRECTION('ref_axis',(0.,-1.,0.));
#5800=DIRECTION('',(1.,0.,0.));
#5801=DIRECTION('center_axis',(1.,0.,0.));
#5802=DIRECTION('ref_axis',(0.,-1.,0.));
#5803=DIRECTION('center_axis',(-1.,0.,0.));
#5804=DIRECTION('ref_axis',(0.,-1.,0.));
#5805=DIRECTION('center_axis',(0.,1.,0.));
#5806=DIRECTION('ref_axis',(1.,0.,0.));
#5807=DIRECTION('center_axis',(0.,1.,0.));
#5808=DIRECTION('ref_axis',(1.,0.,0.));
#5809=DIRECTION('',(0.,1.,0.));
#5810=DIRECTION('center_axis',(0.,1.,0.));
#5811=DIRECTION('ref_axis',(1.,0.,0.));
#5812=DIRECTION('center_axis',(0.,-1.,0.));
#5813=DIRECTION('ref_axis',(1.,0.,0.));
#5814=DIRECTION('center_axis',(0.,0.0293990516018928,-0.999567754464353));
#5815=DIRECTION('ref_axis',(-1.,0.,0.));
#5816=DIRECTION('center_axis',(0.,-0.0293990516018928,0.999567754464353));
#5817=DIRECTION('ref_axis',(1.,-6.23646987238744E-17,-1.83425584481983E-18));
#5818=DIRECTION('center_axis',(0.,-0.999567754464353,-0.0293990516018928));
#5819=DIRECTION('ref_axis',(1.,0.,0.));
#5820=DIRECTION('center_axis',(0.,0.0293990516018928,-0.999567754464353));
#5821=DIRECTION('ref_axis',(1.,-6.19162840656337E-17,-1.70803542250024E-17));
#5822=DIRECTION('center_axis',(0.,0.0293990516018928,-0.999567754464353));
#5823=DIRECTION('ref_axis',(1.,-6.19162840656337E-17,-1.70803542250024E-17));
#5824=DIRECTION('center_axis',(0.,0.0293990516018935,-0.999567754464353));
#5825=DIRECTION('ref_axis',(1.,0.,0.));
#5826=DIRECTION('',(0.,0.0293990516018935,-0.999567754464353));
#5827=DIRECTION('center_axis',(0.,0.0293990516018931,-0.999567754464353));
#5828=DIRECTION('ref_axis',(1.,0.,0.));
#5829=DIRECTION('center_axis',(0.,-0.0293990516018928,0.999567754464353));
#5830=DIRECTION('ref_axis',(1.,0.,0.));
#5831=DIRECTION('',(-1.,0.,0.));
#5832=DIRECTION('',(0.,-0.999567754464353,-0.0293990516018928));
#5833=DIRECTION('',(1.,0.,0.));
#5834=DIRECTION('center_axis',(0.,-0.0293990516018931,0.999567754464353));
#5835=DIRECTION('ref_axis',(1.,0.,0.));
#5836=DIRECTION('center_axis',(0.,-0.999567754464353,-0.0293990516018934));
#5837=DIRECTION('ref_axis',(-1.,0.,0.));
#5838=DIRECTION('center_axis',(0.,0.,1.));
#5839=DIRECTION('ref_axis',(-1.,0.,0.));
#5840=DIRECTION('',(1.,0.,0.));
#5841=DIRECTION('',(0.,-1.,0.));
#5842=DIRECTION('',(-1.,0.,0.));
#5843=DIRECTION('center_axis',(0.,-1.,0.));
#5844=DIRECTION('ref_axis',(1.,0.,0.));
#5845=DIRECTION('',(0.,0.,1.));
#5846=DIRECTION('center_axis',(0.,1.,0.));
#5847=DIRECTION('ref_axis',(-1.,0.,0.));
#5848=DIRECTION('',(0.,0.,1.));
#5849=DIRECTION('center_axis',(-1.,0.,0.));
#5850=DIRECTION('ref_axis',(0.,-1.,0.));
#5851=DIRECTION('center_axis',(0.,0.,1.));
#5852=DIRECTION('ref_axis',(-0.707106781186548,0.707106781186548,0.));
#5853=DIRECTION('center_axis',(0.,0.0293990516018928,-0.999567754464353));
#5854=DIRECTION('ref_axis',(0.,0.999567754464353,0.0293990516018928));
#5855=DIRECTION('',(0.,0.,-1.));
#5856=DIRECTION('center_axis',(0.,0.,1.));
#5857=DIRECTION('ref_axis',(-0.707106781186548,0.707106781186548,0.));
#5858=DIRECTION('',(0.,0.,1.));
#5859=DIRECTION('center_axis',(-5.48535599037553E-31,0.0293990516018933,
-0.999567754464353));
#5860=DIRECTION('ref_axis',(0.,0.999567754464353,0.0293990516018933));
#5861=DIRECTION('center_axis',(-2.8421709430404E-15,0.999567754464353,0.0293990516018934));
#5862=DIRECTION('ref_axis',(-7.95587909770027E-17,0.0293990516018934,-0.999567754464353));
#5863=DIRECTION('center_axis',(5.48535599037553E-31,-0.0293990516018933,
0.999567754464353));
#5864=DIRECTION('ref_axis',(0.,0.999567754464353,0.0293990516018933));
#5865=DIRECTION('',(0.,0.,1.));
#5866=DIRECTION('center_axis',(0.,1.,0.));
#5867=DIRECTION('ref_axis',(-1.,0.,0.));
#5868=DIRECTION('',(-1.,0.,0.));
#5869=DIRECTION('',(0.,0.,1.));
#5870=DIRECTION('',(-1.,0.,0.));
#5871=DIRECTION('center_axis',(0.,-0.0293990516018928,0.999567754464353));
#5872=DIRECTION('ref_axis',(1.,0.,0.));
#5873=DIRECTION('',(0.,-0.999567754464353,-0.0293990516018928));
#5874=DIRECTION('',(1.,0.,0.));
#5875=DIRECTION('',(0.,0.999567754464353,0.0293990516018928));
#5876=DIRECTION('center_axis',(0.,-0.0293990516018928,0.999567754464353));
#5877=DIRECTION('ref_axis',(-1.,-4.63657065965223E-17,-1.36369725283889E-18));
#5878=DIRECTION('center_axis',(5.48535599037553E-31,-0.0293990516018933,
0.999567754464353));
#5879=DIRECTION('ref_axis',(1.,1.61264263815803E-32,-5.48298496973725E-31));
#5880=DIRECTION('',(-1.,-2.84094242733873E-15,-8.35571302158458E-17));
#5881=DIRECTION('center_axis',(5.48535599037553E-31,-0.0293990516018933,
0.999567754464353));
#5882=DIRECTION('ref_axis',(-1.,4.47778712070032E-32,0.));
#5883=DIRECTION('center_axis',(5.48535599037553E-31,-0.0293990516018933,
0.999567754464353));
#5884=DIRECTION('ref_axis',(-1.,4.47778712070032E-32,0.));
#5885=DIRECTION('',(1.,2.84094242733872E-15,8.35571302158458E-17));
#5886=DIRECTION('',(-3.08798089928122E-15,0.999567754464353,0.0293990516018933));
#5887=DIRECTION('center_axis',(0.,0.,1.));
#5888=DIRECTION('ref_axis',(1.,0.,0.));
#5889=DIRECTION('center_axis',(0.,0.,1.));
#5890=DIRECTION('ref_axis',(1.,0.,0.));
#5891=DIRECTION('',(0.,0.,1.));
#5892=DIRECTION('center_axis',(0.,0.,1.));
#5893=DIRECTION('ref_axis',(1.,0.,0.));
#5894=DIRECTION('center_axis',(0.,0.,-1.));
#5895=DIRECTION('ref_axis',(1.,0.,0.));
#5896=DIRECTION('center_axis',(1.,0.,0.));
#5897=DIRECTION('ref_axis',(0.,-1.,0.));
#5898=DIRECTION('',(1.,0.,0.));
#5899=DIRECTION('center_axis',(-1.,0.,0.));
#5900=DIRECTION('ref_axis',(0.,-1.,0.));
#5901=DIRECTION('center_axis',(5.48535599037553E-31,-0.0293990516018933,
0.999567754464353));
#5902=DIRECTION('ref_axis',(1.,1.61264263815803E-32,-5.48298496973725E-31));
#5903=DIRECTION('',(0.,0.999567754464353,0.0293990516018933));
#5904=DIRECTION('',(-1.,-2.86183170989269E-15,6.26678476618835E-16));
#5905=DIRECTION('center_axis',(-1.22464679914735E-16,0.0293990516018931,
-0.999567754464353));
#5906=DIRECTION('ref_axis',(-1.,-3.60034544422262E-18,1.22411745103568E-16));
#5907=DIRECTION('center_axis',(-1.22464679914735E-16,0.0293990516018931,
-0.999567754464353));
#5908=DIRECTION('ref_axis',(-1.,-3.60034544422262E-18,1.22411745103568E-16));
#5909=DIRECTION('',(1.,2.84094242733873E-15,8.35571302158458E-17));
#5910=DIRECTION('center_axis',(0.,0.0293990516018934,-0.999567754464353));
#5911=DIRECTION('ref_axis',(-1.,4.47778712070032E-32,0.));
#5912=DIRECTION('',(0.,0.0293990516018934,-0.999567754464353));
#5913=DIRECTION('center_axis',(0.,0.0293990516018934,-0.999567754464353));
#5914=DIRECTION('ref_axis',(-1.,4.47778712070032E-32,0.));
#5915=DIRECTION('',(0.,0.0293990516018934,-0.999567754464353));
#5916=DIRECTION('center_axis',(-1.,0.,0.));
#5917=DIRECTION('ref_axis',(0.,1.,0.));
#5918=DIRECTION('center_axis',(-1.,0.,0.));
#5919=DIRECTION('ref_axis',(0.,1.,0.));
#5920=DIRECTION('',(-1.,0.,0.));
#5921=DIRECTION('center_axis',(-1.,0.,0.));
#5922=DIRECTION('ref_axis',(0.,1.,0.));
#5923=DIRECTION('center_axis',(1.,0.,0.));
#5924=DIRECTION('ref_axis',(0.,1.,0.));
#5925=DIRECTION('center_axis',(0.,1.,0.));
#5926=DIRECTION('ref_axis',(1.,0.,0.));
#5927=DIRECTION('center_axis',(0.,1.,0.));
#5928=DIRECTION('ref_axis',(1.,0.,0.));
#5929=DIRECTION('',(0.,1.,0.));
#5930=DIRECTION('center_axis',(0.,1.,0.));
#5931=DIRECTION('ref_axis',(1.,0.,0.));
#5932=DIRECTION('center_axis',(0.,-1.,0.));
#5933=DIRECTION('ref_axis',(1.,0.,0.));
#5934=DIRECTION('center_axis',(0.,0.0293990516018928,-0.999567754464353));
#5935=DIRECTION('ref_axis',(-1.,0.,0.));
#5936=DIRECTION('center_axis',(0.,-0.999567754464353,-0.0293990516018928));
#5937=DIRECTION('ref_axis',(1.,0.,0.));
#5938=DIRECTION('center_axis',(0.,0.0293990516018928,-0.999567754464353));
#5939=DIRECTION('ref_axis',(-1.,-4.5903451979694E-17,-1.70803542250024E-17));
#5940=DIRECTION('center_axis',(0.,0.0293990516018935,-0.999567754464353));
#5941=DIRECTION('ref_axis',(-1.,4.69334312601443E-32,-1.5170402023481E-32));
#5942=DIRECTION('',(0.,0.0293990516018935,-0.999567754464353));
#5943=DIRECTION('center_axis',(-1.22464679914735E-16,0.0293990516018931,
-0.999567754464353));
#5944=DIRECTION('ref_axis',(-1.,-3.60034544422262E-18,1.22411745103568E-16));
#5945=DIRECTION('center_axis',(1.22464679914735E-16,-0.0293990516018931,
0.999567754464353));
#5946=DIRECTION('ref_axis',(1.,3.60034544422262E-18,-1.22411745103568E-16));
#5947=DIRECTION('center_axis',(2.8421709430404E-15,-0.999567754464353,-0.0293990516018934));
#5948=DIRECTION('ref_axis',(-1.,-2.86183170989269E-15,6.26678476618835E-16));
#5949=DIRECTION('',(0.,0.0293990516018934,-0.999567754464353));
#5950=DIRECTION('center_axis',(-2.8421709430404E-15,0.999567754464353,0.0293990516018934));
#5951=DIRECTION('ref_axis',(1.,2.84094242733873E-15,8.35571302158458E-17));
#5952=DIRECTION('center_axis',(-1.,0.,0.));
#5953=DIRECTION('ref_axis',(0.,-1.,0.));
#5954=DIRECTION('',(0.,-1.,0.));
#5955=DIRECTION('',(0.,0.,1.));
#5956=DIRECTION('center_axis',(0.,0.,1.));
#5957=DIRECTION('ref_axis',(-1.,0.,0.));
#5958=DIRECTION('',(0.,1.,0.));
#5959=DIRECTION('',(1.,0.,0.));
#5960=DIRECTION('center_axis',(1.,0.,0.));
#5961=DIRECTION('ref_axis',(0.,1.,0.));
#5962=DIRECTION('',(0.,0.,1.));
#5963=DIRECTION('center_axis',(0.,-1.,0.));
#5964=DIRECTION('ref_axis',(1.,0.,0.));
#5965=DIRECTION('center_axis',(0.,0.0293990516018923,-0.999567754464353));
#5966=DIRECTION('ref_axis',(1.,0.,0.));
#5967=DIRECTION('center_axis',(0.,0.0293990516018927,-0.999567754464353));
#5968=DIRECTION('ref_axis',(1.,0.,0.));
#5969=DIRECTION('',(0.,0.0293990516018923,-0.999567754464353));
#5970=DIRECTION('center_axis',(-6.66133814775091E-16,-0.0293990516018928,
0.999567754464353));
#5971=DIRECTION('ref_axis',(1.,0.,0.));
#5972=DIRECTION('center_axis',(0.,0.0293990516018923,-0.999567754464353));
#5973=DIRECTION('ref_axis',(1.,0.,0.));
#5974=DIRECTION('center_axis',(0.,0.0293990516018927,-0.999567754464353));
#5975=DIRECTION('ref_axis',(1.,0.,0.));
#5976=DIRECTION('',(0.,0.0293990516018923,-0.999567754464353));
#5977=DIRECTION('center_axis',(-6.66133814775091E-16,-0.0293990516018928,
0.999567754464353));
#5978=DIRECTION('ref_axis',(1.,0.,0.));
#5979=DIRECTION('center_axis',(0.,0.0293990516018923,-0.999567754464353));
#5980=DIRECTION('ref_axis',(1.,0.,0.));
#5981=DIRECTION('center_axis',(0.,0.0293990516018927,-0.999567754464353));
#5982=DIRECTION('ref_axis',(1.,0.,0.));
#5983=DIRECTION('',(0.,0.0293990516018923,-0.999567754464353));
#5984=DIRECTION('center_axis',(-6.66133814775091E-16,-0.0293990516018928,
0.999567754464353));
#5985=DIRECTION('ref_axis',(1.,0.,0.));
#5986=DIRECTION('center_axis',(0.,0.0293990516018923,-0.999567754464353));
#5987=DIRECTION('ref_axis',(1.,0.,0.));
#5988=DIRECTION('center_axis',(0.,0.0293990516018927,-0.999567754464353));
#5989=DIRECTION('ref_axis',(1.,0.,0.));
#5990=DIRECTION('',(0.,0.0293990516018923,-0.999567754464353));
#5991=DIRECTION('center_axis',(-6.66133814775091E-16,-0.0293990516018928,
0.999567754464353));
#5992=DIRECTION('ref_axis',(1.,0.,0.));
#5993=DIRECTION('center_axis',(0.,0.0293990516018923,-0.999567754464353));
#5994=DIRECTION('ref_axis',(1.,0.,0.));
#5995=DIRECTION('center_axis',(0.,0.0293990516018927,-0.999567754464353));
#5996=DIRECTION('ref_axis',(1.,0.,0.));
#5997=DIRECTION('',(0.,0.0293990516018923,-0.999567754464353));
#5998=DIRECTION('center_axis',(-6.66133814775091E-16,-0.0293990516018928,
0.999567754464353));
#5999=DIRECTION('ref_axis',(1.,0.,0.));
#6000=DIRECTION('center_axis',(0.,0.0293990516018923,-0.999567754464353));
#6001=DIRECTION('ref_axis',(1.,0.,0.));
#6002=DIRECTION('center_axis',(0.,0.0293990516018927,-0.999567754464353));
#6003=DIRECTION('ref_axis',(1.,0.,0.));
#6004=DIRECTION('',(0.,0.0293990516018923,-0.999567754464353));
#6005=DIRECTION('center_axis',(-6.66133814775091E-16,-0.0293990516018928,
0.999567754464353));
#6006=DIRECTION('ref_axis',(1.,0.,0.));
#6007=DIRECTION('center_axis',(0.,0.0293990516018923,-0.999567754464353));
#6008=DIRECTION('ref_axis',(1.,0.,0.));
#6009=DIRECTION('center_axis',(0.,0.0293990516018927,-0.999567754464353));
#6010=DIRECTION('ref_axis',(1.,0.,0.));
#6011=DIRECTION('',(0.,0.0293990516018923,-0.999567754464353));
#6012=DIRECTION('center_axis',(-6.66133814775091E-16,-0.0293990516018928,
0.999567754464353));
#6013=DIRECTION('ref_axis',(1.,0.,0.));
#6014=DIRECTION('center_axis',(0.,0.0293990516018923,-0.999567754464353));
#6015=DIRECTION('ref_axis',(1.,0.,0.));
#6016=DIRECTION('center_axis',(0.,0.0293990516018927,-0.999567754464353));
#6017=DIRECTION('ref_axis',(1.,0.,0.));
#6018=DIRECTION('',(0.,0.0293990516018923,-0.999567754464353));
#6019=DIRECTION('center_axis',(-6.66133814775091E-16,-0.0293990516018928,
0.999567754464353));
#6020=DIRECTION('ref_axis',(1.,0.,0.));
#6021=DIRECTION('center_axis',(0.,0.0293990516018923,-0.999567754464353));
#6022=DIRECTION('ref_axis',(1.,0.,0.));
#6023=DIRECTION('center_axis',(0.,0.0293990516018927,-0.999567754464353));
#6024=DIRECTION('ref_axis',(1.,0.,0.));
#6025=DIRECTION('',(0.,0.0293990516018923,-0.999567754464353));
#6026=DIRECTION('center_axis',(-6.66133814775091E-16,-0.0293990516018928,
0.999567754464353));
#6027=DIRECTION('ref_axis',(1.,0.,0.));
#6028=DIRECTION('center_axis',(0.,0.0293990516018923,-0.999567754464353));
#6029=DIRECTION('ref_axis',(1.,0.,0.));
#6030=DIRECTION('center_axis',(0.,0.0293990516018927,-0.999567754464353));
#6031=DIRECTION('ref_axis',(1.,0.,0.));
#6032=DIRECTION('',(0.,0.0293990516018923,-0.999567754464353));
#6033=DIRECTION('center_axis',(-6.66133814775091E-16,-0.0293990516018928,
0.999567754464353));
#6034=DIRECTION('ref_axis',(1.,0.,0.));
#6035=DIRECTION('center_axis',(0.,0.0293990516018923,-0.999567754464353));
#6036=DIRECTION('ref_axis',(1.,0.,0.));
#6037=DIRECTION('center_axis',(0.,0.0293990516018927,-0.999567754464353));
#6038=DIRECTION('ref_axis',(1.,0.,0.));
#6039=DIRECTION('',(0.,0.0293990516018923,-0.999567754464353));
#6040=DIRECTION('center_axis',(-6.66133814775091E-16,-0.0293990516018928,
0.999567754464353));
#6041=DIRECTION('ref_axis',(1.,0.,0.));
#6042=DIRECTION('center_axis',(0.,0.0293990516018923,-0.999567754464353));
#6043=DIRECTION('ref_axis',(1.,0.,0.));
#6044=DIRECTION('center_axis',(0.,0.0293990516018927,-0.999567754464353));
#6045=DIRECTION('ref_axis',(1.,0.,0.));
#6046=DIRECTION('',(0.,0.0293990516018923,-0.999567754464353));
#6047=DIRECTION('center_axis',(-6.66133814775091E-16,-0.0293990516018928,
0.999567754464353));
#6048=DIRECTION('ref_axis',(1.,0.,0.));
#6049=DIRECTION('center_axis',(0.,0.0293990516018923,-0.999567754464353));
#6050=DIRECTION('ref_axis',(1.,0.,0.));
#6051=DIRECTION('center_axis',(0.,0.0293990516018927,-0.999567754464353));
#6052=DIRECTION('ref_axis',(1.,0.,0.));
#6053=DIRECTION('',(0.,0.0293990516018923,-0.999567754464353));
#6054=DIRECTION('center_axis',(-6.66133814775091E-16,-0.0293990516018928,
0.999567754464353));
#6055=DIRECTION('ref_axis',(1.,0.,0.));
#6056=DIRECTION('center_axis',(0.,0.0293990516018923,-0.999567754464353));
#6057=DIRECTION('ref_axis',(1.,0.,0.));
#6058=DIRECTION('center_axis',(0.,0.0293990516018927,-0.999567754464353));
#6059=DIRECTION('ref_axis',(1.,0.,0.));
#6060=DIRECTION('',(0.,0.0293990516018923,-0.999567754464353));
#6061=DIRECTION('center_axis',(-6.66133814775091E-16,-0.0293990516018928,
0.999567754464353));
#6062=DIRECTION('ref_axis',(1.,0.,0.));
#6063=DIRECTION('center_axis',(0.,0.0293990516018934,-0.999567754464353));
#6064=DIRECTION('ref_axis',(1.,0.,0.));
#6065=DIRECTION('center_axis',(0.,-0.0293990516018931,0.999567754464353));
#6066=DIRECTION('ref_axis',(1.,0.,0.));
#6067=DIRECTION('',(0.,-0.0293990516018934,0.999567754464353));
#6068=DIRECTION('center_axis',(0.,0.0293990516018927,-0.999567754464353));
#6069=DIRECTION('ref_axis',(1.,0.,0.));
#6070=DIRECTION('center_axis',(0.,0.0293990516018934,-0.999567754464353));
#6071=DIRECTION('ref_axis',(1.,0.,0.));
#6072=DIRECTION('center_axis',(0.,0.0293990516018931,-0.999567754464353));
#6073=DIRECTION('ref_axis',(1.,0.,0.));
#6074=DIRECTION('',(0.,-0.0293990516018934,0.999567754464353));
#6075=DIRECTION('center_axis',(-6.66133814775091E-16,-0.0293990516018928,
0.999567754464353));
#6076=DIRECTION('ref_axis',(1.,0.,0.));
#6077=DIRECTION('center_axis',(0.,-0.0293990516018931,0.999567754464353));
#6078=DIRECTION('ref_axis',(1.,0.,0.));
#6079=DIRECTION('center_axis',(-6.66133814775091E-16,-0.0293990516018928,
0.999567754464353));
#6080=DIRECTION('ref_axis',(1.,-1.95837023943388E-17,6.65845881407512E-16));
#6081=DIRECTION('center_axis',(-6.66133814775091E-16,-0.0293990516018928,
0.999567754464353));
#6082=DIRECTION('ref_axis',(0.707106781186548,-0.706801137437154,-0.0207882687481516));
#6083=DIRECTION('',(-1.,1.95837023943385E-17,-6.65845881407511E-16));
#6084=DIRECTION('center_axis',(-6.66133814775091E-16,-0.0293990516018928,
0.999567754464353));
#6085=DIRECTION('ref_axis',(-0.707106781186548,-0.706801137437154,-0.0207882687481516));
#6086=DIRECTION('',(0.,0.999567754464353,0.0293990516018928));
#6087=DIRECTION('center_axis',(-6.66133814775091E-16,-0.0293990516018928,
0.999567754464353));
#6088=DIRECTION('ref_axis',(-0.707106781186544,0.706801137437157,0.0207882687481516));
#6089=DIRECTION('',(1.,-7.12193977074115E-15,4.56953055867899E-16));
#6090=DIRECTION('center_axis',(-6.66133814775091E-16,-0.0293990516018928,
0.999567754464353));
#6091=DIRECTION('ref_axis',(0.707106781186549,0.706801137437152,0.0207882687481515));
#6092=DIRECTION('',(1.23304792853243E-17,-0.999567754464353,-0.0293990516018928));
#6093=DIRECTION('center_axis',(-6.66133814775091E-16,-0.0293990516018928,
0.999567754464353));
#6094=DIRECTION('ref_axis',(1.,0.,0.));
#6095=DIRECTION('center_axis',(-6.66133814775091E-16,-0.0293990516018928,
0.999567754464353));
#6096=DIRECTION('ref_axis',(1.,0.,0.));
#6097=DIRECTION('center_axis',(-6.66133814775091E-16,-0.0293990516018928,
0.999567754464353));
#6098=DIRECTION('ref_axis',(1.,0.,0.));
#6099=DIRECTION('center_axis',(0.,0.0293990516018935,-0.999567754464353));
#6100=DIRECTION('ref_axis',(1.,0.,0.));
#6101=DIRECTION('center_axis',(0.,-0.0293990516018931,0.999567754464353));
#6102=DIRECTION('ref_axis',(1.,0.,0.));
#6103=DIRECTION('',(0.,-0.0293990516018935,0.999567754464353));
#6104=DIRECTION('center_axis',(0.,0.0293990516018927,-0.999567754464353));
#6105=DIRECTION('ref_axis',(1.,0.,0.));
#6106=DIRECTION('center_axis',(0.,0.0293990516018935,-0.999567754464353));
#6107=DIRECTION('ref_axis',(1.,0.,0.));
#6108=DIRECTION('center_axis',(0.,0.0293990516018931,-0.999567754464353));
#6109=DIRECTION('ref_axis',(1.,0.,0.));
#6110=DIRECTION('',(0.,-0.0293990516018935,0.999567754464353));
#6111=DIRECTION('center_axis',(0.,-0.0293990516018931,0.999567754464353));
#6112=DIRECTION('ref_axis',(1.,0.,0.));
#6113=DIRECTION('center_axis',(0.,0.0293990516018915,-0.999567754464353));
#6114=DIRECTION('ref_axis',(1.,0.,0.));
#6115=DIRECTION('center_axis',(0.,-0.0293990516018931,0.999567754464353));
#6116=DIRECTION('ref_axis',(1.,0.,0.));
#6117=DIRECTION('',(0.,-0.0293990516018915,0.999567754464353));
#6118=DIRECTION('center_axis',(0.,0.0293990516018927,-0.999567754464353));
#6119=DIRECTION('ref_axis',(1.,0.,0.));
#6120=DIRECTION('center_axis',(0.,0.0293990516018915,-0.999567754464353));
#6121=DIRECTION('ref_axis',(1.,0.,0.));
#6122=DIRECTION('center_axis',(0.,0.0293990516018931,-0.999567754464353));
#6123=DIRECTION('ref_axis',(1.,0.,0.));
#6124=DIRECTION('',(0.,-0.0293990516018915,0.999567754464353));
#6125=DIRECTION('center_axis',(0.,-0.0293990516018931,0.999567754464353));
#6126=DIRECTION('ref_axis',(1.,0.,0.));
#6127=DIRECTION('center_axis',(0.,0.0293990516018915,-0.999567754464353));
#6128=DIRECTION('ref_axis',(1.,0.,0.));
#6129=DIRECTION('center_axis',(0.,-0.0293990516018931,0.999567754464353));
#6130=DIRECTION('ref_axis',(1.,0.,0.));
#6131=DIRECTION('',(0.,-0.0293990516018915,0.999567754464353));
#6132=DIRECTION('center_axis',(0.,0.0293990516018927,-0.999567754464353));
#6133=DIRECTION('ref_axis',(1.,0.,0.));
#6134=DIRECTION('center_axis',(0.,0.0293990516018915,-0.999567754464353));
#6135=DIRECTION('ref_axis',(1.,0.,0.));
#6136=DIRECTION('center_axis',(0.,0.0293990516018931,-0.999567754464353));
#6137=DIRECTION('ref_axis',(1.,0.,0.));
#6138=DIRECTION('',(0.,-0.0293990516018915,0.999567754464353));
#6139=DIRECTION('center_axis',(0.,-0.0293990516018931,0.999567754464353));
#6140=DIRECTION('ref_axis',(1.,0.,0.));
#6141=DIRECTION('center_axis',(-4.81482486096809E-35,-0.0293990516018927,
0.999567754464353));
#6142=DIRECTION('ref_axis',(0.707106781186548,-0.706801137437154,-0.0207882687481516));
#6143=DIRECTION('center_axis',(0.,0.0293990516018927,-0.999567754464353));
#6144=DIRECTION('ref_axis',(0.707106781186548,-0.706801137437154,-0.0207882687481516));
#6145=DIRECTION('',(4.81482486096809E-35,0.0293990516018927,-0.999567754464353));
#6146=DIRECTION('',(-4.81482486096809E-35,-0.0293990516018927,0.999567754464353));
#6147=DIRECTION('center_axis',(1.,1.23251494907009E-17,3.62504396785319E-19));
#6148=DIRECTION('ref_axis',(-1.23304792853243E-17,0.999567754464353,0.0293990516018928));
#6149=DIRECTION('',(4.81482486096809E-35,0.0293990516018927,-0.999567754464353));
#6150=DIRECTION('',(1.23304792853243E-17,-0.999567754464353,-0.0293990516018927));
#6151=DIRECTION('center_axis',(0.,-0.0293990516018927,0.999567754464353));
#6152=DIRECTION('ref_axis',(-0.707106781186548,-0.706801137437154,-0.0207882687481516));
#6153=DIRECTION('center_axis',(0.,0.0293990516018927,-0.999567754464353));
#6154=DIRECTION('ref_axis',(-0.707106781186548,-0.706801137437154,-0.0207882687481516));
#6155=DIRECTION('',(0.,0.0293990516018927,-0.999567754464353));
#6156=DIRECTION('',(0.,-0.0293990516018927,0.999567754464353));
#6157=DIRECTION('center_axis',(-1.,0.,0.));
#6158=DIRECTION('ref_axis',(0.,-0.999567754464353,-0.0293990516018928));
#6159=DIRECTION('',(0.,0.999567754464353,0.0293990516018927));
#6160=DIRECTION('',(0.,-0.0293990516018927,0.999567754464353));
#6161=DIRECTION('center_axis',(0.,-0.0293990516018927,0.999567754464353));
#6162=DIRECTION('ref_axis',(-0.707106781186544,0.706801137437157,0.0207882687481516));
#6163=DIRECTION('center_axis',(0.,0.0293990516018927,-0.999567754464353));
#6164=DIRECTION('ref_axis',(-0.707106781186544,0.706801137437157,0.0207882687481516));
#6165=DIRECTION('',(0.,0.0293990516018927,-0.999567754464353));
#6166=DIRECTION('center_axis',(4.81482486096809E-35,0.0293990516018927,
-0.999567754464353));
#6167=DIRECTION('ref_axis',(0.707106781186549,0.706801137437152,0.0207882687481515));
#6168=DIRECTION('',(-4.81482486096809E-35,-0.0293990516018927,0.999567754464353));
#6169=DIRECTION('center_axis',(0.,0.0293990516018927,-0.999567754464353));
#6170=DIRECTION('ref_axis',(0.707106781186549,0.706801137437152,0.0207882687481515));
#6171=DIRECTION('center_axis',(0.,-0.999567754464353,-0.0293990516018927));
#6172=DIRECTION('ref_axis',(1.,0.,0.));
#6173=DIRECTION('',(-1.,0.,0.));
#6174=DIRECTION('center_axis',(7.105427357601E-15,0.999567754464353,0.0293990516018927));
#6175=DIRECTION('ref_axis',(-1.,7.12193977074115E-15,-4.56953055867899E-16));
#6176=DIRECTION('',(1.,-7.10235606834681E-15,-2.08892825539612E-16));
#6177=DIRECTION('center_axis',(0.,-0.0293990516018927,0.999567754464353));
#6178=DIRECTION('ref_axis',(1.,0.,0.));
#6179=CARTESIAN_POINT('',(0.,0.,0.));
#6180=CARTESIAN_POINT('Origin',(-34.0000005066395,33.0000004917383,2.65));
#6181=CARTESIAN_POINT('',(-35.4000005066395,33.0000004917383,2.65));
#6182=CARTESIAN_POINT('',(-32.6000005066395,33.0000004917383,2.65));
#6183=CARTESIAN_POINT('Origin',(-34.0000005066395,33.0000004917383,2.65));
#6184=CARTESIAN_POINT('',(-31.9500005066395,33.0000004917383,2.));
#6185=CARTESIAN_POINT('Origin',(-31.9500005066395,33.0000004917383,2.65));
#6186=CARTESIAN_POINT('Origin',(-34.0000005066395,33.0000004917383,2.));
#6187=CARTESIAN_POINT('Origin',(-34.0000005066395,33.0000004917383,2.65));
#6188=CARTESIAN_POINT('Origin',(-34.0000005066395,33.0000004917383,2.));
#6189=CARTESIAN_POINT('',(-31.9250005066395,33.0000004917383,2.));
#6190=CARTESIAN_POINT('Origin',(-34.0000005066395,33.0000004917383,2.));
#6191=CARTESIAN_POINT('Origin',(-34.0000005066395,33.0000004917383,0.));
#6192=CARTESIAN_POINT('',(-35.4000005066395,33.0000004917383,5.));
#6193=CARTESIAN_POINT('',(-35.4000005066395,33.0000004917383,0.));
#6194=CARTESIAN_POINT('Origin',(-34.0000005066395,33.0000004917383,5.));
#6195=CARTESIAN_POINT('Origin',(-34.0000005066395,180.000002682209,2.65));
#6196=CARTESIAN_POINT('',(-35.4000005066395,180.000002682209,2.65));
#6197=CARTESIAN_POINT('',(-32.6000005066395,180.000002682209,2.65));
#6198=CARTESIAN_POINT('Origin',(-34.0000005066395,180.000002682209,2.65));
#6199=CARTESIAN_POINT('',(-31.9500005066395,180.000002682209,2.));
#6200=CARTESIAN_POINT('Origin',(-31.9500005066395,180.000002682209,2.65));
#6201=CARTESIAN_POINT('Origin',(-34.0000005066395,180.000002682209,2.));
#6202=CARTESIAN_POINT('Origin',(-34.0000005066395,180.000002682209,2.65));
#6203=CARTESIAN_POINT('Origin',(-34.0000005066395,180.000002682209,2.));
#6204=CARTESIAN_POINT('',(-31.9250005066395,180.000002682209,2.));
#6205=CARTESIAN_POINT('Origin',(-34.0000005066395,180.000002682209,2.));
#6206=CARTESIAN_POINT('Origin',(-34.0000005066395,180.000002682209,0.));
#6207=CARTESIAN_POINT('',(-35.4000005066395,180.000002682209,5.));
#6208=CARTESIAN_POINT('',(-35.4000005066395,180.000002682209,0.));
#6209=CARTESIAN_POINT('Origin',(-34.0000005066395,180.000002682209,5.));
#6210=CARTESIAN_POINT('Origin',(-246.000003665686,180.000002682209,2.65));
#6211=CARTESIAN_POINT('',(-247.400003665686,180.000002682209,2.65));
#6212=CARTESIAN_POINT('',(-244.600003665686,180.000002682209,2.65));
#6213=CARTESIAN_POINT('Origin',(-246.000003665686,180.000002682209,2.65));
#6214=CARTESIAN_POINT('',(-243.950003665686,180.000002682209,2.));
#6215=CARTESIAN_POINT('Origin',(-243.950003665686,180.000002682209,2.65));
#6216=CARTESIAN_POINT('Origin',(-246.000003665686,180.000002682209,2.));
#6217=CARTESIAN_POINT('Origin',(-246.000003665686,180.000002682209,2.65));
#6218=CARTESIAN_POINT('Origin',(-246.000003665686,180.000002682209,2.));
#6219=CARTESIAN_POINT('',(-243.925003665686,180.000002682209,2.));
#6220=CARTESIAN_POINT('Origin',(-246.000003665686,180.000002682209,2.));
#6221=CARTESIAN_POINT('Origin',(-246.000003665686,180.000002682209,0.));
#6222=CARTESIAN_POINT('',(-247.400003665686,180.000002682209,5.));
#6223=CARTESIAN_POINT('',(-247.400003665686,180.000002682209,0.));
#6224=CARTESIAN_POINT('Origin',(-246.000003665686,180.000002682209,5.));
#6225=CARTESIAN_POINT('Origin',(-246.,32.9999998325706,2.65));
#6226=CARTESIAN_POINT('',(-247.4,32.9999998325706,2.65));
#6227=CARTESIAN_POINT('',(-244.6,32.9999998325706,2.65));
#6228=CARTESIAN_POINT('Origin',(-246.,32.9999998325706,2.65));
#6229=CARTESIAN_POINT('',(-243.95,32.9999998325706,2.));
#6230=CARTESIAN_POINT('Origin',(-243.95,32.9999998325706,2.65));
#6231=CARTESIAN_POINT('Origin',(-246.,32.9999998325706,2.));
#6232=CARTESIAN_POINT('Origin',(-246.,32.9999998325706,2.65));
#6233=CARTESIAN_POINT('Origin',(-246.,32.9999998325706,2.));
#6234=CARTESIAN_POINT('',(-243.925,32.9999998325706,2.));
#6235=CARTESIAN_POINT('Origin',(-246.,32.9999998325706,2.));
#6236=CARTESIAN_POINT('Origin',(-246.,32.9999998325706,0.));
#6237=CARTESIAN_POINT('',(-247.4,32.9999998325706,5.));
#6238=CARTESIAN_POINT('',(-247.4,32.9999998325706,0.));
#6239=CARTESIAN_POINT('Origin',(-246.,32.9999998325706,5.));
#6240=CARTESIAN_POINT('Origin',(-246.000003665686,180.000002682209,0.5));
#6241=CARTESIAN_POINT('',(-249.500003665686,180.000002682209,0.));
#6242=CARTESIAN_POINT('Origin',(-246.000003665686,180.000002682209,0.));
#6243=CARTESIAN_POINT('',(-249.000003665686,180.000002682209,0.5));
#6244=CARTESIAN_POINT('Origin',(-249.500003665686,180.000002682209,0.5));
#6245=CARTESIAN_POINT('Origin',(-246.000003665686,180.000002682209,0.5));
#6246=CARTESIAN_POINT('Origin',(-140.,100.,0.));
#6247=CARTESIAN_POINT('',(-20.,0.,0.));
#6248=CARTESIAN_POINT('',(0.,20.,0.));
#6249=CARTESIAN_POINT('Origin',(-20.,20.,0.));
#6250=CARTESIAN_POINT('',(-260.,0.,0.));
#6251=CARTESIAN_POINT('',(0.,0.,0.));
#6252=CARTESIAN_POINT('',(-280.,20.,0.));
#6253=CARTESIAN_POINT('Origin',(-260.,20.,0.));
#6254=CARTESIAN_POINT('',(-280.,180.,0.));
#6255=CARTESIAN_POINT('',(-280.,0.,0.));
#6256=CARTESIAN_POINT('',(-260.,200.,0.));
#6257=CARTESIAN_POINT('Origin',(-260.,180.,0.));
#6258=CARTESIAN_POINT('',(-20.,200.,0.));
#6259=CARTESIAN_POINT('',(-280.,200.,0.));
#6260=CARTESIAN_POINT('',(0.,180.,0.));
#6261=CARTESIAN_POINT('Origin',(-20.,180.,0.));
#6262=CARTESIAN_POINT('',(0.,200.,0.));
#6263=CARTESIAN_POINT('',(-37.5000005066395,180.000002682209,0.));
#6264=CARTESIAN_POINT('Origin',(-34.0000005066395,180.000002682209,0.));
#6265=CARTESIAN_POINT('',(-249.5,32.9999998325706,0.));
#6266=CARTESIAN_POINT('Origin',(-246.,32.9999998325706,0.));
#6267=CARTESIAN_POINT('',(-37.5000005066395,33.0000004917383,0.));
#6268=CARTESIAN_POINT('Origin',(-34.0000005066395,33.0000004917383,0.));
#6269=CARTESIAN_POINT('Origin',(-246.000003665686,180.000002682209,0.));
#6270=CARTESIAN_POINT('',(-249.000003665686,180.000002682209,1.5));
#6271=CARTESIAN_POINT('',(-249.000003665686,180.000002682209,0.));
#6272=CARTESIAN_POINT('Origin',(-246.000003665686,180.000002682209,1.5));
#6273=CARTESIAN_POINT('Origin',(-34.0000005066395,180.000002682209,0.5));
#6274=CARTESIAN_POINT('',(-37.0000005066395,180.000002682209,0.5));
#6275=CARTESIAN_POINT('Origin',(-37.5000005066395,180.000002682209,0.5));
#6276=CARTESIAN_POINT('Origin',(-34.0000005066395,180.000002682209,0.5));
#6277=CARTESIAN_POINT('Origin',(-34.0000005066395,180.000002682209,0.));
#6278=CARTESIAN_POINT('',(-37.0000005066395,180.000002682209,1.5));
#6279=CARTESIAN_POINT('',(-37.0000005066395,180.000002682209,0.));
#6280=CARTESIAN_POINT('Origin',(-34.0000005066395,180.000002682209,1.5));
#6281=CARTESIAN_POINT('Origin',(-34.0000005066395,33.0000004917383,0.5));
#6282=CARTESIAN_POINT('',(-37.0000005066395,33.0000004917383,0.5));
#6283=CARTESIAN_POINT('Origin',(-37.5000005066395,33.0000004917383,0.5));
#6284=CARTESIAN_POINT('Origin',(-34.0000005066395,33.0000004917383,0.5));
#6285=CARTESIAN_POINT('Origin',(-34.0000005066395,33.0000004917383,0.));
#6286=CARTESIAN_POINT('',(-37.0000005066395,33.0000004917383,1.5));
#6287=CARTESIAN_POINT('',(-37.0000005066395,33.0000004917383,0.));
#6288=CARTESIAN_POINT('Origin',(-34.0000005066395,33.0000004917383,1.5));
#6289=CARTESIAN_POINT('Origin',(-246.,32.9999998325706,0.5));
#6290=CARTESIAN_POINT('',(-249.,32.9999998325706,0.5));
#6291=CARTESIAN_POINT('Origin',(-249.5,32.9999998325706,0.5));
#6292=CARTESIAN_POINT('Origin',(-246.,32.9999998325706,0.5));
#6293=CARTESIAN_POINT('Origin',(-246.,32.9999998325706,0.));
#6294=CARTESIAN_POINT('',(-249.,32.9999998325706,1.5));
#6295=CARTESIAN_POINT('',(-249.,32.9999998325706,0.));
#6296=CARTESIAN_POINT('Origin',(-246.,32.9999998325706,1.5));
#6297=CARTESIAN_POINT('Origin',(-34.0000005066395,180.000002682209,2.5));
#6298=CARTESIAN_POINT('',(-31.058975102855,180.000002682209,1.5));
#6299=CARTESIAN_POINT('Origin',(-31.058975102855,180.000002682209,2.5));
#6300=CARTESIAN_POINT('Origin',(-34.0000005066395,180.000002682209,1.5));
#6301=CARTESIAN_POINT('Origin',(-34.0000005066395,180.000002682209,1.5));
#6302=CARTESIAN_POINT('Origin',(-34.0000005066395,33.0000004917383,2.5));
#6303=CARTESIAN_POINT('',(-31.058975102855,33.0000004917383,1.5));
#6304=CARTESIAN_POINT('Origin',(-31.058975102855,33.0000004917383,2.5));
#6305=CARTESIAN_POINT('Origin',(-34.0000005066395,33.0000004917383,1.5));
#6306=CARTESIAN_POINT('Origin',(-34.0000005066395,33.0000004917383,1.5));
#6307=CARTESIAN_POINT('Origin',(-246.000003665686,180.000002682209,2.5));
#6308=CARTESIAN_POINT('',(-243.058978261901,180.000002682209,1.5));
#6309=CARTESIAN_POINT('Origin',(-243.058978261901,180.000002682209,2.5));
#6310=CARTESIAN_POINT('Origin',(-246.000003665686,180.000002682209,1.5));
#6311=CARTESIAN_POINT('Origin',(-246.000003665686,180.000002682209,1.5));
#6312=CARTESIAN_POINT('Origin',(-246.,32.9999998325706,2.5));
#6313=CARTESIAN_POINT('',(-243.058974596216,32.9999998325706,1.5));
#6314=CARTESIAN_POINT('Origin',(-243.058974596216,32.9999998325706,2.5));
#6315=CARTESIAN_POINT('Origin',(-246.,32.9999998325706,1.5));
#6316=CARTESIAN_POINT('Origin',(-246.,32.9999998325706,1.5));
#6317=CARTESIAN_POINT('Origin',(-20.,20.,0.));
#6318=CARTESIAN_POINT('',(0.,20.,5.));
#6319=CARTESIAN_POINT('',(-20.,0.,5.));
#6320=CARTESIAN_POINT('Origin',(-20.,20.,5.));
#6321=CARTESIAN_POINT('',(-20.,0.,0.));
#6322=CARTESIAN_POINT('',(0.,20.,0.));
#6323=CARTESIAN_POINT('Origin',(-140.,100.,5.));
#6324=CARTESIAN_POINT('',(0.,180.,5.));
#6325=CARTESIAN_POINT('',(0.,50.,5.));
#6326=CARTESIAN_POINT('',(-20.,200.,5.));
#6327=CARTESIAN_POINT('Origin',(-20.,180.,5.));
#6328=CARTESIAN_POINT('',(-260.,200.,5.));
#6329=CARTESIAN_POINT('',(-70.,200.,5.));
#6330=CARTESIAN_POINT('',(-280.,180.,5.));
#6331=CARTESIAN_POINT('Origin',(-260.,180.,5.));
#6332=CARTESIAN_POINT('',(-280.,20.,5.));
#6333=CARTESIAN_POINT('',(-280.,150.,5.));
#6334=CARTESIAN_POINT('',(-260.,0.,5.));
#6335=CARTESIAN_POINT('Origin',(-260.,20.,5.));
#6336=CARTESIAN_POINT('',(-210.,0.,5.));
#6337=CARTESIAN_POINT('Origin',(0.,0.,0.));
#6338=CARTESIAN_POINT('',(0.,180.,0.));
#6339=CARTESIAN_POINT('Origin',(-20.,180.,0.));
#6340=CARTESIAN_POINT('',(-20.,200.,0.));
#6341=CARTESIAN_POINT('Origin',(-260.,180.,0.));
#6342=CARTESIAN_POINT('',(-260.,200.,0.));
#6343=CARTESIAN_POINT('',(-280.,180.,0.));
#6344=CARTESIAN_POINT('Origin',(-280.,200.,0.));
#6345=CARTESIAN_POINT('',(-280.,20.,0.));
#6346=CARTESIAN_POINT('Origin',(-260.,20.,0.));
#6347=CARTESIAN_POINT('',(-260.,0.,0.));
#6348=CARTESIAN_POINT('Origin',(-280.,0.,0.));
#6349=CARTESIAN_POINT('Origin',(0.,200.,0.));
#6350=CARTESIAN_POINT('Origin',(-131.625,187.,17.6470588235294));
#6351=CARTESIAN_POINT('',(-131.625,187.5,20.1470588235294));
#6352=CARTESIAN_POINT('Origin',(-131.625,187.5,17.6470588235294));
#6353=CARTESIAN_POINT('',(-131.625,187.,19.6470588235294));
#6354=CARTESIAN_POINT('Origin',(-131.625,187.,20.1470588235294));
#6355=CARTESIAN_POINT('',(-133.625,187.,17.6470588235294));
#6356=CARTESIAN_POINT('Origin',(-131.625,187.,17.6470588235294));
#6357=CARTESIAN_POINT('Origin',(-131.625,187.,17.6470588235294));
#6358=CARTESIAN_POINT('Origin',(-140.,187.5,17.6470588235294));
#6359=CARTESIAN_POINT('',(-128.,187.5,15.1470588235294));
#6360=CARTESIAN_POINT('',(-131.,187.5,12.1470588235294));
#6361=CARTESIAN_POINT('Origin',(-131.,187.5,15.1470588235294));
#6362=CARTESIAN_POINT('',(-149.,187.5,12.1470588235294));
#6363=CARTESIAN_POINT('',(-128.,187.5,12.1470588235294));
#6364=CARTESIAN_POINT('',(-152.,187.5,15.1470588235294));
#6365=CARTESIAN_POINT('Origin',(-149.,187.5,15.1470588235294));
#6366=CARTESIAN_POINT('',(-152.,187.5,20.1470588235294));
#6367=CARTESIAN_POINT('',(-152.,187.5,30.2941176470588));
#6368=CARTESIAN_POINT('',(-149.,187.5,23.1470588235294));
#6369=CARTESIAN_POINT('Origin',(-149.,187.5,20.1470588235294));
#6370=CARTESIAN_POINT('',(-131.,187.5,23.1470588235294));
#6371=CARTESIAN_POINT('',(-152.,187.5,23.1470588235294));
#6372=CARTESIAN_POINT('',(-128.,187.5,20.1470588235294));
#6373=CARTESIAN_POINT('Origin',(-131.,187.5,20.1470588235294));
#6374=CARTESIAN_POINT('',(-128.,187.5,30.2941176470588));
#6375=CARTESIAN_POINT('',(-148.375,187.5,20.1470588235294));
#6376=CARTESIAN_POINT('Origin',(-148.375,187.5,17.6470588235294));
#6377=CARTESIAN_POINT('',(-137.550510257217,187.5,21.1470588235294));
#6378=CARTESIAN_POINT('',(-134.611122565877,187.5,18.7470588235294));
#6379=CARTESIAN_POINT('Origin',(-137.550510257217,187.5,18.1470588235294));
#6380=CARTESIAN_POINT('',(-142.449489742783,187.5,21.1470588235294));
#6381=CARTESIAN_POINT('',(-137.87867965644,187.5,21.1470588235294));
#6382=CARTESIAN_POINT('',(-145.388877434123,187.5,18.7470588235294));
#6383=CARTESIAN_POINT('Origin',(-142.449489742783,187.5,18.1470588235294));
#6384=CARTESIAN_POINT('',(-145.388877434123,187.5,16.5470588235294));
#6385=CARTESIAN_POINT('Origin',(-140.,187.5,17.6470588235294));
#6386=CARTESIAN_POINT('',(-142.449489742783,187.5,14.1470588235294));
#6387=CARTESIAN_POINT('Origin',(-142.449489742783,187.5,17.1470588235294));
#6388=CARTESIAN_POINT('',(-137.550510257217,187.5,14.1470588235294));
#6389=CARTESIAN_POINT('',(-142.12132034356,187.5,14.1470588235294));
#6390=CARTESIAN_POINT('',(-134.611122565877,187.5,16.5470588235294));
#6391=CARTESIAN_POINT('Origin',(-137.550510257217,187.5,17.1470588235294));
#6392=CARTESIAN_POINT('Origin',(-140.,187.5,17.6470588235294));
#6393=CARTESIAN_POINT('Origin',(-148.375,187.,17.6470588235294));
#6394=CARTESIAN_POINT('',(-148.375,187.,19.6470588235294));
#6395=CARTESIAN_POINT('Origin',(-148.375,187.,20.1470588235294));
#6396=CARTESIAN_POINT('',(-150.375,187.,17.6470588235294));
#6397=CARTESIAN_POINT('Origin',(-148.375,187.,17.6470588235294));
#6398=CARTESIAN_POINT('Origin',(-148.375,187.,17.6470588235294));
#6399=CARTESIAN_POINT('Origin',(-131.625,186.133974596216,17.6470588235294));
#6400=CARTESIAN_POINT('',(-133.125,186.133974596216,17.6470588235294));
#6401=CARTESIAN_POINT('',(-130.125,186.133974596216,17.6470588235294));
#6402=CARTESIAN_POINT('Origin',(-131.625,186.133974596216,17.6470588235294));
#6403=CARTESIAN_POINT('Origin',(-131.625,186.133974596216,17.6470588235294));
#6404=CARTESIAN_POINT('Origin',(-134.125,186.133974596216,17.6470588235294));
#6405=CARTESIAN_POINT('Origin',(-131.625,190.,17.6470588235294));
#6406=CARTESIAN_POINT('',(-130.125,185.,17.6470588235294));
#6407=CARTESIAN_POINT('',(-130.125,190.,17.6470588235294));
#6408=CARTESIAN_POINT('Origin',(-131.625,185.,17.6470588235294));
#6409=CARTESIAN_POINT('Origin',(-148.375,186.133974596216,17.6470588235294));
#6410=CARTESIAN_POINT('',(-149.875,186.133974596216,17.6470588235294));
#6411=CARTESIAN_POINT('',(-146.875,186.133974596216,17.6470588235294));
#6412=CARTESIAN_POINT('Origin',(-148.375,186.133974596216,17.6470588235294));
#6413=CARTESIAN_POINT('Origin',(-148.375,186.133974596216,17.6470588235294));
#6414=CARTESIAN_POINT('Origin',(-150.875,186.133974596216,17.6470588235294));
#6415=CARTESIAN_POINT('Origin',(-148.375,190.,17.6470588235294));
#6416=CARTESIAN_POINT('',(-146.875,185.,17.6470588235294));
#6417=CARTESIAN_POINT('',(-146.875,190.,17.6470588235294));
#6418=CARTESIAN_POINT('Origin',(-148.375,185.,17.6470588235294));
#6419=CARTESIAN_POINT('Origin',(-131.,189.5,15.1470588235294));
#6420=CARTESIAN_POINT('',(-127.5,190.,15.1470588235294));
#6421=CARTESIAN_POINT('',(-131.,190.,11.6470588235294));
#6422=CARTESIAN_POINT('Origin',(-131.,190.,15.1470588235294));
#6423=CARTESIAN_POINT('',(-131.,189.5,12.1470588235294));
#6424=CARTESIAN_POINT('Origin',(-131.,189.5,11.6470588235294));
#6425=CARTESIAN_POINT('',(-128.,189.5,15.1470588235294));
#6426=CARTESIAN_POINT('Origin',(-131.,189.5,15.1470588235294));
#6427=CARTESIAN_POINT('Origin',(-127.5,189.5,15.1470588235294));
#6428=CARTESIAN_POINT('Origin',(-131.,189.5,20.1470588235294));
#6429=CARTESIAN_POINT('',(-131.,190.,23.6470588235294));
#6430=CARTESIAN_POINT('',(-127.5,190.,20.1470588235294));
#6431=CARTESIAN_POINT('Origin',(-131.,190.,20.1470588235294));
#6432=CARTESIAN_POINT('',(-128.,189.5,20.1470588235294));
#6433=CARTESIAN_POINT('Origin',(-127.5,189.5,20.1470588235294));
#6434=CARTESIAN_POINT('',(-131.,189.5,23.1470588235294));
#6435=CARTESIAN_POINT('Origin',(-131.,189.5,20.1470588235294));
#6436=CARTESIAN_POINT('Origin',(-131.,189.5,23.6470588235294));
#6437=CARTESIAN_POINT('Origin',(-127.5,189.5,6.07352941176471));
#6438=CARTESIAN_POINT('',(-127.5,190.,6.07352941176471));
#6439=CARTESIAN_POINT('',(-128.,189.5,6.07352941176471));
#6440=CARTESIAN_POINT('Origin',(-131.,190.,20.1470588235294));
#6441=CARTESIAN_POINT('',(-131.,190.,23.1470588235294));
#6442=CARTESIAN_POINT('',(-128.,190.,20.1470588235294));
#6443=CARTESIAN_POINT('Origin',(-149.,189.5,15.1470588235294));
#6444=CARTESIAN_POINT('',(-149.,190.,11.6470588235294));
#6445=CARTESIAN_POINT('',(-152.5,190.,15.1470588235294));
#6446=CARTESIAN_POINT('Origin',(-149.,190.,15.1470588235294));
#6447=CARTESIAN_POINT('',(-152.,189.5,15.1470588235294));
#6448=CARTESIAN_POINT('Origin',(-152.5,189.5,15.1470588235294));
#6449=CARTESIAN_POINT('',(-149.,189.5,12.1470588235294));
#6450=CARTESIAN_POINT('Origin',(-149.,189.5,15.1470588235294));
#6451=CARTESIAN_POINT('Origin',(-149.,189.5,11.6470588235294));
#6452=CARTESIAN_POINT('Origin',(-68.5,189.5,11.6470588235294));
#6453=CARTESIAN_POINT('',(-68.5,190.,11.6470588235294));
#6454=CARTESIAN_POINT('',(-68.5,189.5,12.1470588235294));
#6455=CARTESIAN_POINT('Origin',(-149.,189.5,20.1470588235294));
#6456=CARTESIAN_POINT('',(-152.5,190.,20.1470588235294));
#6457=CARTESIAN_POINT('',(-149.,190.,23.6470588235294));
#6458=CARTESIAN_POINT('Origin',(-149.,190.,20.1470588235294));
#6459=CARTESIAN_POINT('',(-149.,189.5,23.1470588235294));
#6460=CARTESIAN_POINT('Origin',(-149.,189.5,23.6470588235294));
#6461=CARTESIAN_POINT('',(-152.,189.5,20.1470588235294));
#6462=CARTESIAN_POINT('Origin',(-149.,189.5,20.1470588235294));
#6463=CARTESIAN_POINT('Origin',(-152.5,189.5,20.1470588235294));
#6464=CARTESIAN_POINT('Origin',(-152.5,189.5,11.5735294117647));
#6465=CARTESIAN_POINT('',(-152.5,190.,11.5735294117647));
#6466=CARTESIAN_POINT('',(-152.,189.5,11.5735294117647));
#6467=CARTESIAN_POINT('Origin',(-56.5,189.5,23.6470588235294));
#6468=CARTESIAN_POINT('',(-56.5,190.,23.6470588235294));
#6469=CARTESIAN_POINT('',(-56.5,189.5,23.1470588235294));
#6470=CARTESIAN_POINT('Origin',(-149.,190.,20.1470588235294));
#6471=CARTESIAN_POINT('',(-152.,190.,20.1470588235294));
#6472=CARTESIAN_POINT('',(-149.,190.,23.1470588235294));
#6473=CARTESIAN_POINT('Origin',(-149.,190.,15.1470588235294));
#6474=CARTESIAN_POINT('',(-149.,190.,12.1470588235294));
#6475=CARTESIAN_POINT('',(-152.,190.,15.1470588235294));
#6476=CARTESIAN_POINT('Origin',(-131.,190.,15.1470588235294));
#6477=CARTESIAN_POINT('',(-128.,190.,15.1470588235294));
#6478=CARTESIAN_POINT('',(-131.,190.,12.1470588235294));
#6479=CARTESIAN_POINT('Origin',(15.,190.,0.));
#6480=CARTESIAN_POINT('',(-265.,190.,30.2941176470588));
#6481=CARTESIAN_POINT('',(-15.,190.,30.2941176470588));
#6482=CARTESIAN_POINT('',(-62.5,190.,30.2941176470588));
#6483=CARTESIAN_POINT('',(-15.,190.,5.));
#6484=CARTESIAN_POINT('',(-15.,190.,0.));
#6485=CARTESIAN_POINT('',(-265.,190.,5.));
#6486=CARTESIAN_POINT('',(-55.,190.,5.));
#6487=CARTESIAN_POINT('',(-265.,190.,0.));
#6488=CARTESIAN_POINT('',(-34.0000005811453,190.,20.8970588235294));
#6489=CARTESIAN_POINT('Origin',(-34.0000005811453,190.,17.6470588235294));
#6490=CARTESIAN_POINT('',(-246.,190.,20.8970588235294));
#6491=CARTESIAN_POINT('Origin',(-246.,190.,17.6470588235294));
#6492=CARTESIAN_POINT('Origin',(-152.,190.,12.1470588235294));
#6493=CARTESIAN_POINT('Origin',(-152.,190.,23.1470588235294));
#6494=CARTESIAN_POINT('Origin',(-137.550510257217,190.,18.1470588235294));
#6495=CARTESIAN_POINT('',(-134.611122565877,185.,18.7470588235294));
#6496=CARTESIAN_POINT('',(-134.611122565877,190.,18.7470588235294));
#6497=CARTESIAN_POINT('',(-137.550510257217,185.,21.1470588235294));
#6498=CARTESIAN_POINT('Origin',(-137.550510257217,185.,18.1470588235294));
#6499=CARTESIAN_POINT('',(-137.550510257217,190.,21.1470588235294));
#6500=CARTESIAN_POINT('Origin',(-140.,190.,17.6470588235294));
#6501=CARTESIAN_POINT('',(-134.611122565877,185.,16.5470588235294));
#6502=CARTESIAN_POINT('',(-134.611122565877,190.,16.5470588235294));
#6503=CARTESIAN_POINT('Origin',(-140.,185.,17.6470588235294));
#6504=CARTESIAN_POINT('Origin',(-137.550510257217,190.,17.1470588235294));
#6505=CARTESIAN_POINT('',(-137.550510257217,185.,14.1470588235294));
#6506=CARTESIAN_POINT('',(-137.550510257217,190.,14.1470588235294));
#6507=CARTESIAN_POINT('Origin',(-137.550510257217,185.,17.1470588235294));
#6508=CARTESIAN_POINT('Origin',(-144.242640687119,190.,14.1470588235294));
#6509=CARTESIAN_POINT('',(-142.449489742783,185.,14.1470588235294));
#6510=CARTESIAN_POINT('',(-142.449489742783,190.,14.1470588235294));
#6511=CARTESIAN_POINT('',(-64.6213203435596,185.,14.1470588235294));
#6512=CARTESIAN_POINT('Origin',(-142.449489742783,190.,17.1470588235294));
#6513=CARTESIAN_POINT('',(-145.388877434123,185.,16.5470588235294));
#6514=CARTESIAN_POINT('',(-145.388877434123,190.,16.5470588235294));
#6515=CARTESIAN_POINT('Origin',(-142.449489742783,185.,17.1470588235294));
#6516=CARTESIAN_POINT('Origin',(-140.,190.,17.6470588235294));
#6517=CARTESIAN_POINT('',(-145.388877434123,185.,18.7470588235294));
#6518=CARTESIAN_POINT('',(-145.388877434123,190.,18.7470588235294));
#6519=CARTESIAN_POINT('Origin',(-140.,185.,17.6470588235294));
#6520=CARTESIAN_POINT('Origin',(-142.449489742783,190.,18.1470588235294));
#6521=CARTESIAN_POINT('',(-142.449489742783,185.,21.1470588235294));
#6522=CARTESIAN_POINT('',(-142.449489742783,190.,21.1470588235294));
#6523=CARTESIAN_POINT('Origin',(-142.449489742783,185.,18.1470588235294));
#6524=CARTESIAN_POINT('Origin',(-135.757359312881,190.,21.1470588235294));
#6525=CARTESIAN_POINT('',(-60.3786796564404,185.,21.1470588235294));
#6526=CARTESIAN_POINT('Origin',(-128.,190.,12.1470588235294));
#6527=CARTESIAN_POINT('Origin',(-128.,190.,23.1470588235294));
#6528=CARTESIAN_POINT('Origin',(-34.0000005811453,189.5,17.6470588235294));
#6529=CARTESIAN_POINT('',(-34.0000005811453,189.5,20.3970588235294));
#6530=CARTESIAN_POINT('Origin',(-34.0000005811453,189.5,20.8970588235294));
#6531=CARTESIAN_POINT('Origin',(-34.0000005811453,189.5,17.6470588235294));
#6532=CARTESIAN_POINT('Origin',(-246.,189.5,17.6470588235294));
#6533=CARTESIAN_POINT('',(-246.,189.5,20.3970588235294));
#6534=CARTESIAN_POINT('Origin',(-246.,189.5,20.8970588235294));
#6535=CARTESIAN_POINT('Origin',(-246.,189.5,17.6470588235294));
#6536=CARTESIAN_POINT('Origin',(-246.,189.5,17.6470588235294));
#6537=CARTESIAN_POINT('',(-244.6,189.5,17.6470588235294));
#6538=CARTESIAN_POINT('Origin',(-246.,189.5,17.6470588235294));
#6539=CARTESIAN_POINT('Origin',(-34.0000005811453,189.5,17.6470588235294));
#6540=CARTESIAN_POINT('',(-32.6000005811453,189.5,17.6470588235294));
#6541=CARTESIAN_POINT('Origin',(-34.0000005811453,189.5,17.6470588235294));
#6542=CARTESIAN_POINT('Origin',(-246.,190.,17.6470588235294));
#6543=CARTESIAN_POINT('',(-244.6,185.,17.6470588235294));
#6544=CARTESIAN_POINT('',(-244.6,190.,17.6470588235294));
#6545=CARTESIAN_POINT('Origin',(-246.,185.,17.6470588235294));
#6546=CARTESIAN_POINT('Origin',(-34.0000005811453,190.,17.6470588235294));
#6547=CARTESIAN_POINT('',(-32.6000005811453,185.,17.6470588235294));
#6548=CARTESIAN_POINT('',(-32.6000005811453,190.,17.6470588235294));
#6549=CARTESIAN_POINT('Origin',(-34.0000005811453,185.,17.6470588235294));
#6550=CARTESIAN_POINT('Origin',(-140.,99.9956784788245,27.6469317199654));
#6551=CARTESIAN_POINT('',(-15.,185.,30.1470588235294));
#6552=CARTESIAN_POINT('',(-265.,185.,30.1470588235294));
#6553=CARTESIAN_POINT('',(-62.5,185.,30.1470588235294));
#6554=CARTESIAN_POINT('',(-15.,44.6391529818496,26.0187986171132));
#6555=CARTESIAN_POINT('',(-265.,144.552722558341,28.9574330164218));
#6556=CARTESIAN_POINT('Origin',(-15.,-10.,0.));
#6557=CARTESIAN_POINT('',(-15.,185.,5.));
#6558=CARTESIAN_POINT('',(-15.,185.,0.));
#6559=CARTESIAN_POINT('',(-15.,40.,5.));
#6560=CARTESIAN_POINT('Origin',(15.,185.,0.));
#6561=CARTESIAN_POINT('',(-265.,185.,5.));
#6562=CARTESIAN_POINT('',(-265.,185.,13.75));
#6563=CARTESIAN_POINT('',(-125.,185.,5.));
#6564=CARTESIAN_POINT('Origin',(-265.,190.,0.));
#6565=CARTESIAN_POINT('',(-265.,140.,5.));
#6566=CARTESIAN_POINT('Origin',(-125.,90.,5.));
#6567=CARTESIAN_POINT('Origin',(-10.5,33.,15.3382352941176));
#6568=CARTESIAN_POINT('',(-10.,33.,12.0882352941176));
#6569=CARTESIAN_POINT('Origin',(-10.,33.,15.3382352941176));
#6570=CARTESIAN_POINT('',(-10.5,33.,12.5882352941176));
#6571=CARTESIAN_POINT('Origin',(-10.5,33.,12.0882352941176));
#6572=CARTESIAN_POINT('Origin',(-10.5,33.,15.3382352941176));
#6573=CARTESIAN_POINT('Origin',(-10.,0.,0.));
#6574=CARTESIAN_POINT('',(-10.,190.,30.2941176470588));
#6575=CARTESIAN_POINT('',(-10.,10.,25.));
#6576=CARTESIAN_POINT('',(-10.,49.6348314606742,26.1657303370787));
#6577=CARTESIAN_POINT('',(-10.,10.,5.));
#6578=CARTESIAN_POINT('',(-10.,10.,0.));
#6579=CARTESIAN_POINT('',(-10.,190.,5.));
#6580=CARTESIAN_POINT('',(-10.,50.,5.));
#6581=CARTESIAN_POINT('',(-10.,190.,13.75));
#6582=CARTESIAN_POINT('',(-10.,167.000002413988,14.0588235649116));
#6583=CARTESIAN_POINT('Origin',(-10.,167.000002413988,17.3088235649116));
#6584=CARTESIAN_POINT('Origin',(-10.5,167.000002413988,17.3088235649116));
#6585=CARTESIAN_POINT('',(-10.5,167.000002413988,14.5588235649116));
#6586=CARTESIAN_POINT('Origin',(-10.5,167.000002413988,14.0588235649116));
#6587=CARTESIAN_POINT('Origin',(-10.5,167.000002413988,17.3088235649116));
#6588=CARTESIAN_POINT('Origin',(-10.5,167.000002413988,17.3088235649116));
#6589=CARTESIAN_POINT('',(-10.5,165.600002413988,17.3088235649116));
#6590=CARTESIAN_POINT('Origin',(-10.5,167.000002413988,17.3088235649116));
#6591=CARTESIAN_POINT('Origin',(-10.5,33.,15.3382352941176));
#6592=CARTESIAN_POINT('',(-10.5,31.6,15.3382352941176));
#6593=CARTESIAN_POINT('Origin',(-10.5,33.,15.3382352941176));
#6594=CARTESIAN_POINT('Origin',(-10.,33.,15.3382352941176));
#6595=CARTESIAN_POINT('',(-15.,31.6,15.3382352941176));
#6596=CARTESIAN_POINT('',(-10.,31.6,15.3382352941176));
#6597=CARTESIAN_POINT('Origin',(-15.,33.,15.3382352941176));
#6598=CARTESIAN_POINT('Origin',(-10.,167.000002413988,17.3088235649116));
#6599=CARTESIAN_POINT('',(-15.,165.600002413988,17.3088235649116));
#6600=CARTESIAN_POINT('',(-10.,165.600002413988,17.3088235649116));
#6601=CARTESIAN_POINT('Origin',(-15.,167.000002413988,17.3088235649116));
#6602=CARTESIAN_POINT('Origin',(-140.,99.9956784788245,27.6469317199654));
#6603=CARTESIAN_POINT('',(-15.,190.,30.2941176470588));
#6604=CARTESIAN_POINT('',(-145.,190.,30.2941176470588));
#6605=CARTESIAN_POINT('',(-15.,10.,25.));
#6606=CARTESIAN_POINT('',(-15.,98.7467588591184,27.6101987899741));
#6607=CARTESIAN_POINT('',(-215.,10.,25.));
#6608=CARTESIAN_POINT('Origin',(-15.,97.5,27.5));
#6609=CARTESIAN_POINT('',(-15.,190.,5.));
#6610=CARTESIAN_POINT('',(-15.,190.,27.5));
#6611=CARTESIAN_POINT('',(-15.,10.,5.));
#6612=CARTESIAN_POINT('',(-15.,98.75,5.));
#6613=CARTESIAN_POINT('',(-15.,10.,13.75));
#6614=CARTESIAN_POINT('Origin',(-150.,190.,27.5));
#6615=CARTESIAN_POINT('',(-150.,190.,5.));
#6616=CARTESIAN_POINT('Origin',(-290.,10.,0.));
#6617=CARTESIAN_POINT('',(-220.,10.,5.));
#6618=CARTESIAN_POINT('Origin',(-150.,100.,5.));
#6619=CARTESIAN_POINT('Origin',(-34.0000005811453,10.5,15.0000002235174));
#6620=CARTESIAN_POINT('',(-34.0000005811453,10.,11.7500002235174));
#6621=CARTESIAN_POINT('Origin',(-34.0000005811453,10.,15.0000002235174));
#6622=CARTESIAN_POINT('',(-34.0000005811453,10.5,12.2500002235174));
#6623=CARTESIAN_POINT('Origin',(-34.0000005811453,10.5,11.7500002235174));
#6624=CARTESIAN_POINT('Origin',(-34.0000005811453,10.5,15.0000002235174));
#6625=CARTESIAN_POINT('Origin',(-265.,10.,0.));
#6626=CARTESIAN_POINT('',(-15.,10.,25.));
#6627=CARTESIAN_POINT('',(-265.,10.,25.));
#6628=CARTESIAN_POINT('',(-202.5,10.,25.));
#6629=CARTESIAN_POINT('',(-265.,10.,5.));
#6630=CARTESIAN_POINT('',(-265.,10.,0.));
#6631=CARTESIAN_POINT('',(-15.,10.,5.));
#6632=CARTESIAN_POINT('',(-195.,10.,5.));
#6633=CARTESIAN_POINT('',(-15.,10.,13.75));
#6634=CARTESIAN_POINT('',(-246.,10.,11.8235294117647));
#6635=CARTESIAN_POINT('Origin',(-246.,10.,15.0735294117647));
#6636=CARTESIAN_POINT('Origin',(-246.,10.5,15.0735294117647));
#6637=CARTESIAN_POINT('',(-246.,10.5,12.3235294117647));
#6638=CARTESIAN_POINT('Origin',(-246.,10.5,11.8235294117647));
#6639=CARTESIAN_POINT('Origin',(-246.,10.5,15.0735294117647));
#6640=CARTESIAN_POINT('Origin',(-246.,10.5,15.0735294117647));
#6641=CARTESIAN_POINT('',(-247.4,10.5,15.0735294117647));
#6642=CARTESIAN_POINT('Origin',(-246.,10.5,15.0735294117647));
#6643=CARTESIAN_POINT('Origin',(-34.0000005811453,10.5,15.0000002235174));
#6644=CARTESIAN_POINT('',(-35.4000005811453,10.5,15.0000002235174));
#6645=CARTESIAN_POINT('Origin',(-34.0000005811453,10.5,15.0000002235174));
#6646=CARTESIAN_POINT('Origin',(-246.,10.,15.0735294117647));
#6647=CARTESIAN_POINT('',(-247.4,15.,15.0735294117647));
#6648=CARTESIAN_POINT('',(-247.4,10.,15.0735294117647));
#6649=CARTESIAN_POINT('Origin',(-246.,15.,15.0735294117647));
#6650=CARTESIAN_POINT('Origin',(-34.0000005811453,10.,15.0000002235174));
#6651=CARTESIAN_POINT('',(-35.4000005811453,15.,15.0000002235174));
#6652=CARTESIAN_POINT('',(-35.4000005811453,10.,15.0000002235174));
#6653=CARTESIAN_POINT('Origin',(-34.0000005811453,15.,15.0000002235174));
#6654=CARTESIAN_POINT('Origin',(-140.,99.9956784788245,27.6469317199654));
#6655=CARTESIAN_POINT('',(-265.,15.,25.1470588235294));
#6656=CARTESIAN_POINT('',(-265.,154.54407951599,29.2512964563526));
#6657=CARTESIAN_POINT('',(-15.,15.,25.1470588235294));
#6658=CARTESIAN_POINT('',(-15.,103.742437337943,27.7571305099395));
#6659=CARTESIAN_POINT('',(-133.75,15.,25.1470588235294));
#6660=CARTESIAN_POINT('Origin',(-15.,107.5,27.5));
#6661=CARTESIAN_POINT('',(-15.,15.,5.));
#6662=CARTESIAN_POINT('',(-15.,108.75,5.));
#6663=CARTESIAN_POINT('',(-15.,15.,27.5));
#6664=CARTESIAN_POINT('Origin',(-265.,210.,0.));
#6665=CARTESIAN_POINT('',(-265.,15.,5.));
#6666=CARTESIAN_POINT('',(-265.,15.,13.75));
#6667=CARTESIAN_POINT('',(-265.,160.,5.));
#6668=CARTESIAN_POINT('Origin',(-125.,110.,5.));
#6669=CARTESIAN_POINT('',(-126.25,15.,5.));
#6670=CARTESIAN_POINT('Origin',(-127.5,15.,27.5));
#6671=CARTESIAN_POINT('Origin',(-270.,167.000002413988,17.3000002559274));
#6672=CARTESIAN_POINT('',(-269.5,167.000002413988,19.5500002559274));
#6673=CARTESIAN_POINT('Origin',(-269.5,167.000002413988,17.3000002559274));
#6674=CARTESIAN_POINT('',(-270.,167.000002413988,20.0500002559274));
#6675=CARTESIAN_POINT('Origin',(-270.,167.000002413988,19.5500002559274));
#6676=CARTESIAN_POINT('Origin',(-270.,167.000002413988,17.3000002559274));
#6677=CARTESIAN_POINT('Origin',(-269.5,167.000002413988,17.3000002559274));
#6678=CARTESIAN_POINT('',(-269.5,168.400002413988,17.3000002559274));
#6679=CARTESIAN_POINT('Origin',(-269.5,167.000002413988,17.3000002559274));
#6680=CARTESIAN_POINT('Origin',(-269.5,33.,15.3382352941176));
#6681=CARTESIAN_POINT('',(-270.,33.,18.5882352941176));
#6682=CARTESIAN_POINT('Origin',(-270.,33.,15.3382352941176));
#6683=CARTESIAN_POINT('',(-269.5,33.,18.0882352941176));
#6684=CARTESIAN_POINT('Origin',(-269.5,33.,18.5882352941176));
#6685=CARTESIAN_POINT('Origin',(-269.5,33.,15.3382352941176));
#6686=CARTESIAN_POINT('Origin',(-270.,200.,0.));
#6687=CARTESIAN_POINT('',(-270.,10.,25.));
#6688=CARTESIAN_POINT('',(-270.,190.,30.2941176470588));
#6689=CARTESIAN_POINT('',(-270.,149.548401037165,29.1043647363872));
#6690=CARTESIAN_POINT('',(-270.,190.,5.));
#6691=CARTESIAN_POINT('',(-270.,190.,13.75));
#6692=CARTESIAN_POINT('',(-270.,10.,5.));
#6693=CARTESIAN_POINT('',(-270.,150.,5.));
#6694=CARTESIAN_POINT('',(-270.,10.,13.75));
#6695=CARTESIAN_POINT('',(-270.,127.150071742422,23.2727951726827));
#6696=CARTESIAN_POINT('Origin',(-270.,127.150071742422,16.7227951726827));
#6697=CARTESIAN_POINT('',(-270.,90.9558394771762,22.7405270511358));
#6698=CARTESIAN_POINT('Origin',(-270.,90.9558394771762,16.1905270511358));
#6699=CARTESIAN_POINT('',(-270.,72.8500717424216,22.474265760918));
#6700=CARTESIAN_POINT('Origin',(-270.,72.8500717424216,15.924265760918));
#6701=CARTESIAN_POINT('',(-270.,109.050071742435,23.0066187020946));
#6702=CARTESIAN_POINT('Origin',(-270.,109.050071742435,16.4566187020946));
#6703=CARTESIAN_POINT('Origin',(-269.5,127.150071742422,16.7227951726827));
#6704=CARTESIAN_POINT('',(-269.5,127.150071742422,22.7727951726827));
#6705=CARTESIAN_POINT('Origin',(-269.5,127.150071742422,23.2727951726827));
#6706=CARTESIAN_POINT('',(-269.5,133.200071742422,16.7227951726827));
#6707=CARTESIAN_POINT('Origin',(-269.5,127.150071742422,16.7227951726827));
#6708=CARTESIAN_POINT('Origin',(-269.5,127.150071742422,16.7227951726827));
#6709=CARTESIAN_POINT('Origin',(-270.,127.150071742422,16.7227951726827));
#6710=CARTESIAN_POINT('',(-265.,133.200071742422,16.7227951726827));
#6711=CARTESIAN_POINT('',(-270.,133.200071742422,16.7227951726827));
#6712=CARTESIAN_POINT('Origin',(-265.,127.150071742422,16.7227951726827));
#6713=CARTESIAN_POINT('Origin',(-269.5,109.050071742435,16.4566187020946));
#6714=CARTESIAN_POINT('',(-269.5,109.050071742435,22.5066187020946));
#6715=CARTESIAN_POINT('Origin',(-269.5,109.050071742435,23.0066187020946));
#6716=CARTESIAN_POINT('',(-269.5,115.100071742435,16.4566187020946));
#6717=CARTESIAN_POINT('Origin',(-269.5,109.050071742435,16.4566187020946));
#6718=CARTESIAN_POINT('Origin',(-269.5,109.050071742435,16.4566187020946));
#6719=CARTESIAN_POINT('Origin',(-270.,109.050071742435,16.4566187020946));
#6720=CARTESIAN_POINT('',(-265.,115.100071742435,16.4566187020946));
#6721=CARTESIAN_POINT('',(-270.,115.100071742435,16.4566187020946));
#6722=CARTESIAN_POINT('Origin',(-265.,109.050071742435,16.4566187020946));
#6723=CARTESIAN_POINT('Origin',(-269.5,90.9558394771762,16.1905270511358));
#6724=CARTESIAN_POINT('',(-269.5,90.9558394771762,22.2405270511358));
#6725=CARTESIAN_POINT('Origin',(-269.5,90.9558394771762,22.7405270511358));
#6726=CARTESIAN_POINT('',(-269.5,97.0058394771762,16.1905270511358));
#6727=CARTESIAN_POINT('Origin',(-269.5,90.9558394771762,16.1905270511358));
#6728=CARTESIAN_POINT('Origin',(-269.5,90.9558394771762,16.1905270511358));
#6729=CARTESIAN_POINT('Origin',(-270.,90.9558394771762,16.1905270511358));
#6730=CARTESIAN_POINT('',(-265.,97.0058394771762,16.1905270511358));
#6731=CARTESIAN_POINT('',(-270.,97.0058394771762,16.1905270511358));
#6732=CARTESIAN_POINT('Origin',(-265.,90.9558394771762,16.1905270511358));
#6733=CARTESIAN_POINT('Origin',(-269.5,72.8500717424216,15.924265760918));
#6734=CARTESIAN_POINT('',(-269.5,72.8500717424216,21.974265760918));
#6735=CARTESIAN_POINT('Origin',(-269.5,72.8500717424216,22.474265760918));
#6736=CARTESIAN_POINT('',(-269.5,78.9000717424216,15.924265760918));
#6737=CARTESIAN_POINT('Origin',(-269.5,72.8500717424216,15.924265760918));
#6738=CARTESIAN_POINT('Origin',(-269.5,72.8500717424216,15.924265760918));
#6739=CARTESIAN_POINT('Origin',(-270.,72.8500717424216,15.924265760918));
#6740=CARTESIAN_POINT('',(-265.,78.9000717424216,15.924265760918));
#6741=CARTESIAN_POINT('',(-270.,78.9000717424216,15.924265760918));
#6742=CARTESIAN_POINT('Origin',(-265.,72.8500717424216,15.924265760918));
#6743=CARTESIAN_POINT('Origin',(-269.5,33.,15.3382352941176));
#6744=CARTESIAN_POINT('',(-269.5,34.4,15.3382352941176));
#6745=CARTESIAN_POINT('Origin',(-269.5,33.,15.3382352941176));
#6746=CARTESIAN_POINT('Origin',(-270.,33.,15.3382352941176));
#6747=CARTESIAN_POINT('',(-265.,34.4,15.3382352941176));
#6748=CARTESIAN_POINT('',(-270.,34.4,15.3382352941176));
#6749=CARTESIAN_POINT('Origin',(-265.,33.,15.3382352941176));
#6750=CARTESIAN_POINT('Origin',(-270.,167.000002413988,17.3000002559274));
#6751=CARTESIAN_POINT('',(-265.,168.400002413988,17.3000002559274));
#6752=CARTESIAN_POINT('',(-270.,168.400002413988,17.3000002559274));
#6753=CARTESIAN_POINT('Origin',(-265.,167.000002413988,17.3000002559274));
#6754=CARTESIAN_POINT('Origin',(-140.,99.9956784788245,27.6469317199654));
#6755=CARTESIAN_POINT('',(-265.,10.,25.));
#6756=CARTESIAN_POINT('',(-136.25,10.,25.));
#6757=CARTESIAN_POINT('',(-265.,190.,30.2941176470588));
#6758=CARTESIAN_POINT('',(-265.,149.548401037165,29.1043647363872));
#6759=CARTESIAN_POINT('',(-135.,190.,30.2941176470588));
#6760=CARTESIAN_POINT('Origin',(-130.,190.,27.5));
#6761=CARTESIAN_POINT('',(-265.,190.,5.));
#6762=CARTESIAN_POINT('',(-265.,190.,13.75));
#6763=CARTESIAN_POINT('',(-130.,190.,5.));
#6764=CARTESIAN_POINT('Origin',(-265.,200.,0.));
#6765=CARTESIAN_POINT('',(-265.,10.,5.));
#6766=CARTESIAN_POINT('',(-265.,10.,13.75));
#6767=CARTESIAN_POINT('',(-265.,150.,5.));
#6768=CARTESIAN_POINT('Origin',(-132.5,10.,27.5));
#6769=CARTESIAN_POINT('',(-131.25,10.,5.));
#6770=CARTESIAN_POINT('Origin',(-130.,100.,5.));
#6771=CARTESIAN_POINT('Origin',(-249.,170.,5.));
#6772=CARTESIAN_POINT('',(-241.,170.,29.7058823529412));
#6773=CARTESIAN_POINT('',(-249.,162.,29.4705882352941));
#6774=CARTESIAN_POINT('Origin',(-249.,170.,29.7058823529412));
#6775=CARTESIAN_POINT('',(-249.,162.,5.));
#6776=CARTESIAN_POINT('',(-249.,162.,5.));
#6777=CARTESIAN_POINT('',(-241.,170.,5.));
#6778=CARTESIAN_POINT('Origin',(-249.,170.,5.));
#6779=CARTESIAN_POINT('',(-241.,170.,21.6023796500748));
#6780=CARTESIAN_POINT('',(-241.,170.,5.));
#6781=CARTESIAN_POINT('',(-242.267931237201,165.678050188521,21.4752634791489));
#6782=CARTESIAN_POINT('Origin',(-249.,170.,21.6023796500748));
#6783=CARTESIAN_POINT('',(-242.313754599768,165.607492464676,23.8742260898634));
#6784=CARTESIAN_POINT('Origin',(-249.,170.,-125.471030111156));
#6785=CARTESIAN_POINT('',(-241.,170.,24.0034174879612));
#6786=CARTESIAN_POINT('Origin',(-249.,170.,24.0034174879612));
#6787=CARTESIAN_POINT('',(-241.,170.,5.));
#6788=CARTESIAN_POINT('Origin',(-241.,165.439917870545,29.5717622903102));
#6789=CARTESIAN_POINT('',(-253.5,165.678050188521,21.4752634791489));
#6790=CARTESIAN_POINT('',(-253.5,165.678050188521,21.4752634791489));
#6791=CARTESIAN_POINT('',(-253.5,165.607492464676,23.8742260898634));
#6792=CARTESIAN_POINT('',(-253.5,165.439917870545,29.5717622903102));
#6793=CARTESIAN_POINT('',(-246.125,165.607492464676,23.8742260898634));
#6794=CARTESIAN_POINT('Origin',(-251.25,173.674592224235,21.7104558919641));
#6795=CARTESIAN_POINT('',(-241.,181.67113425995,21.9456483047792));
#6796=CARTESIAN_POINT('',(-241.,167.596811709308,21.531697641525));
#6797=CARTESIAN_POINT('',(-253.5,181.67113425995,21.9456483047792));
#6798=CARTESIAN_POINT('',(-253.5,181.67113425995,21.9456483047792));
#6799=CARTESIAN_POINT('',(-261.5,173.674592224235,21.7104558919641));
#6800=CARTESIAN_POINT('Origin',(-253.5,173.674592224235,21.7104558919641));
#6801=CARTESIAN_POINT('Origin',(-253.5,173.674592224235,21.7104558919641));
#6802=CARTESIAN_POINT('Origin',(-253.,173.5,5.));
#6803=CARTESIAN_POINT('',(-265.,162.,5.));
#6804=CARTESIAN_POINT('',(-265.,162.,5.));
#6805=CARTESIAN_POINT('',(-265.,185.,5.));
#6806=CARTESIAN_POINT('',(-265.,185.,5.));
#6807=CARTESIAN_POINT('',(-241.,185.,5.));
#6808=CARTESIAN_POINT('',(-241.,185.,5.));
#6809=CARTESIAN_POINT('',(-241.,162.,5.));
#6810=CARTESIAN_POINT('',(-247.400003665686,180.000002682209,5.));
#6811=CARTESIAN_POINT('Origin',(-246.000003665686,180.000002682209,5.));
#6812=CARTESIAN_POINT('Origin',(-246.000003665686,180.000002682209,0.));
#6813=CARTESIAN_POINT('',(-247.400003665686,180.000002682209,13.));
#6814=CARTESIAN_POINT('',(-247.400003665686,180.000002682209,0.));
#6815=CARTESIAN_POINT('Origin',(-246.000003665686,180.000002682209,13.));
#6816=CARTESIAN_POINT('Origin',(-246.000003665686,180.000002682209,13.));
#6817=CARTESIAN_POINT('Origin',(-265.,173.639313362313,22.9099371973213));
#6818=CARTESIAN_POINT('',(-265.,174.839313362313,22.9099371973213));
#6819=CARTESIAN_POINT('Origin',(-265.,173.639313362313,22.9099371973213));
#6820=CARTESIAN_POINT('',(-261.409566650598,174.839313362313,22.9099371820423));
#6821=CARTESIAN_POINT('',(-265.,174.839313362313,22.9099371973213));
#6822=CARTESIAN_POINT('',(-261.5,173.604034500391,24.1094185026785));
#6823=CARTESIAN_POINT('Ctrl Pts',(-261.5,173.604034500391,24.1094185026785));
#6824=CARTESIAN_POINT('Ctrl Pts',(-261.5,173.754887550526,24.1138553570943));
#6825=CARTESIAN_POINT('Ctrl Pts',(-261.495294412773,173.916529344968,24.0883888331755));
#6826=CARTESIAN_POINT('Ctrl Pts',(-261.478287109753,174.215592975468,23.9745961846717));
#6827=CARTESIAN_POINT('Ctrl Pts',(-261.466223561092,174.353033278556,23.8862831237165));
#6828=CARTESIAN_POINT('Ctrl Pts',(-261.443521682072,174.572026240126,23.6798040456651));
#6829=CARTESIAN_POINT('Ctrl Pts',(-261.431398342797,174.668262900081,23.5477924764989));
#6830=CARTESIAN_POINT('Ctrl Pts',(-261.414253883996,174.799434479921,23.2559364123503));
#6831=CARTESIAN_POINT('Ctrl Pts',(-261.409487973314,174.834357735892,23.0960717397068));
#6832=CARTESIAN_POINT('Ctrl Pts',(-261.409487973314,174.839138735476,22.9335177538628));
#6833=CARTESIAN_POINT('Ctrl Pts',(-261.409513964535,174.839313362463,22.9217545533553));
#6834=CARTESIAN_POINT('Ctrl Pts',(-261.40956665053,174.839313362313,22.9099371820419));
#6835=CARTESIAN_POINT('Ctrl Pts',(-261.5,173.674592224235,21.7104558919641));
#6836=CARTESIAN_POINT('Ctrl Pts',(-261.5,173.5237391741,21.7060190375484));
#6837=CARTESIAN_POINT('Ctrl Pts',(-261.495294412773,173.362097379658,21.7314855614671));
#6838=CARTESIAN_POINT('Ctrl Pts',(-261.478287109753,173.063033749158,21.8452782099709));
#6839=CARTESIAN_POINT('Ctrl Pts',(-261.466223561092,172.92559344607,21.9335912709261));
#6840=CARTESIAN_POINT('Ctrl Pts',(-261.443521682072,172.7066004845,22.1400703489775));
#6841=CARTESIAN_POINT('Ctrl Pts',(-261.431398342797,172.610363824545,22.2720819181437));
#6842=CARTESIAN_POINT('Ctrl Pts',(-261.414253883996,172.479192244705,22.5639379822923));
#6843=CARTESIAN_POINT('Ctrl Pts',(-261.409487973314,172.444268988734,22.7238026549358));
#6844=CARTESIAN_POINT('Ctrl Pts',(-261.409487973314,172.439832056956,22.874658335399));
#6845=CARTESIAN_POINT('Ctrl Pts',(-261.409487973314,172.435395125178,23.0255140158623));
#6846=CARTESIAN_POINT('Ctrl Pts',(-261.414253883996,172.460862335987,23.1871548787052));
#6847=CARTESIAN_POINT('Ctrl Pts',(-261.431398342797,172.574654006128,23.4862157443238));
#6848=CARTESIAN_POINT('Ctrl Pts',(-261.443521682072,172.662965635812,23.6236552043618));
#6849=CARTESIAN_POINT('Ctrl Pts',(-261.466223561092,172.869444713864,23.8426481659315));
#6850=CARTESIAN_POINT('Ctrl Pts',(-261.478287109753,173.001457040503,23.9388863042316));
#6851=CARTESIAN_POINT('Ctrl Pts',(-261.495294412773,173.293315807253,24.0700590232427));
#6852=CARTESIAN_POINT('Ctrl Pts',(-261.5,173.453181450255,24.1049816482627));
#6853=CARTESIAN_POINT('Ctrl Pts',(-261.5,173.604034500391,24.1094185026785));
#6854=CARTESIAN_POINT('Ctrl Pts',(-261.40956665053,174.839313362313,22.9099371820419));
#6855=CARTESIAN_POINT('Ctrl Pts',(-261.410193377606,174.839313360523,22.7693634562923));
#6856=CARTESIAN_POINT('Ctrl Pts',(-261.414918628983,174.813352325059,22.6211239786573));
#6857=CARTESIAN_POINT('Ctrl Pts',(-261.431398342797,174.703972718498,22.3336586503188));
#6858=CARTESIAN_POINT('Ctrl Pts',(-261.443521682072,174.615661088814,22.1962191902809));
#6859=CARTESIAN_POINT('Ctrl Pts',(-261.466223561092,174.409182010762,21.9772262287112));
#6860=CARTESIAN_POINT('Ctrl Pts',(-261.478287109753,174.277169684123,21.8809880904111));
#6861=CARTESIAN_POINT('Ctrl Pts',(-261.495294412773,173.985310917373,21.7498153713999));
#6862=CARTESIAN_POINT('Ctrl Pts',(-261.5,173.825445274371,21.7148927463799));
#6863=CARTESIAN_POINT('Ctrl Pts',(-261.5,173.674592224235,21.7104558919641));
#6864=CARTESIAN_POINT('Origin',(-253.5,173.43645990626,29.8069547031253));
#6865=CARTESIAN_POINT('',(-253.5,181.600576536106,24.3446109154937));
#6866=CARTESIAN_POINT('',(-253.5,181.433001941975,30.0421471159405));
#6867=CARTESIAN_POINT('Origin',(-253.5,173.604034500391,24.1094185026785));
#6868=CARTESIAN_POINT('Origin',(-253.5,173.43645990626,29.8069547031253));
#6869=CARTESIAN_POINT('Origin',(-253.5,173.604034500391,24.1094185026785));
#6870=CARTESIAN_POINT('Origin',(-246.,190.,17.6470588235294));
#6871=CARTESIAN_POINT('',(-244.6,185.,17.6470588235294));
#6872=CARTESIAN_POINT('Origin',(-246.,185.,17.6470588235294));
#6873=CARTESIAN_POINT('',(-244.6,177.,17.6470588235294));
#6874=CARTESIAN_POINT('',(-244.6,190.,17.6470588235294));
#6875=CARTESIAN_POINT('Origin',(-246.,177.,17.6470588235294));
#6876=CARTESIAN_POINT('Origin',(-246.,177.,17.6470588235294));
#6877=CARTESIAN_POINT('Origin',(-270.,167.000002413988,17.3000002559274));
#6878=CARTESIAN_POINT('',(-265.,168.400002413988,17.3000002559274));
#6879=CARTESIAN_POINT('Origin',(-265.,167.000002413988,17.3000002559274));
#6880=CARTESIAN_POINT('',(-257.,168.400002413988,17.3000002559274));
#6881=CARTESIAN_POINT('',(-270.,168.400002413988,17.3000002559274));
#6882=CARTESIAN_POINT('Origin',(-257.,167.000002413988,17.3000002559274));
#6883=CARTESIAN_POINT('Origin',(-257.,167.000002413988,17.3000002559274));
#6884=CARTESIAN_POINT('Origin',(-253.5,173.458509194961,29.0572788872769));
#6885=CARTESIAN_POINT('',(-244.625,173.43645990626,29.8069547031253));
#6886=CARTESIAN_POINT('Origin',(-253.5,173.43645990626,29.8069547031253));
#6887=CARTESIAN_POINT('',(-245.375,173.458509194961,29.0572788872769));
#6888=CARTESIAN_POINT('Origin',(-244.625,173.458509194961,29.0572788872769));
#6889=CARTESIAN_POINT('',(-261.625,173.458509194961,29.0572788872769));
#6890=CARTESIAN_POINT('Origin',(-253.5,173.458509194961,29.0572788872769));
#6891=CARTESIAN_POINT('Origin',(-253.5,173.458509194961,29.0572788872769));
#6892=CARTESIAN_POINT('Origin',(-253.5,173.43645990626,29.8069547031253));
#6893=CARTESIAN_POINT('',(-261.625,173.568755638468,25.3088998080358));
#6894=CARTESIAN_POINT('',(-261.625,173.43645990626,29.8069547031253));
#6895=CARTESIAN_POINT('Origin',(-253.5,173.568755638468,25.3088998080358));
#6896=CARTESIAN_POINT('Origin',(-140.,99.7752808988764,27.6404494382022));
#6897=CARTESIAN_POINT('',(-241.,185.,30.1470588235294));
#6898=CARTESIAN_POINT('',(-241.,130.52808988764,28.5449438202247));
#6899=CARTESIAN_POINT('',(-265.,185.,30.1470588235294));
#6900=CARTESIAN_POINT('',(-190.5,185.,30.1470588235294));
#6901=CARTESIAN_POINT('',(-265.,162.,29.4705882352941));
#6902=CARTESIAN_POINT('',(-265.,142.018150388937,28.8828867761452));
#6903=CARTESIAN_POINT('',(-202.5,162.,29.4705882352941));
#6904=CARTESIAN_POINT('Origin',(-253.5,173.568755638468,25.3088998080358));
#6905=CARTESIAN_POINT('Origin',(-251.25,173.604034500391,24.1094185026785));
#6906=CARTESIAN_POINT('',(-241.,181.600576536106,24.3446109154937));
#6907=CARTESIAN_POINT('',(-252.375,181.600576536106,24.3446109154937));
#6908=CARTESIAN_POINT('',(-241.,162.104034500391,23.7711832085609));
#6909=CARTESIAN_POINT('Origin',(-253.5,181.433001941975,30.0421471159405));
#6910=CARTESIAN_POINT('',(-241.,181.792552503773,17.8174280148169));
#6911=CARTESIAN_POINT('Origin',(-241.,162.,5.));
#6912=CARTESIAN_POINT('',(-241.,185.,5.));
#6913=CARTESIAN_POINT('Origin',(-241.,185.,5.));
#6914=CARTESIAN_POINT('',(-265.,185.,5.));
#6915=CARTESIAN_POINT('Origin',(-265.,185.,5.));
#6916=CARTESIAN_POINT('',(-265.,162.,5.));
#6917=CARTESIAN_POINT('Origin',(-265.,162.,5.));
#6918=CARTESIAN_POINT('Origin',(-31.,170.,5.));
#6919=CARTESIAN_POINT('',(-37.7320687627988,165.678050188521,21.475263479149));
#6920=CARTESIAN_POINT('',(-39.,170.,21.6023796500748));
#6921=CARTESIAN_POINT('Origin',(-31.,170.,21.6023796500748));
#6922=CARTESIAN_POINT('',(-39.,170.,5.));
#6923=CARTESIAN_POINT('',(-39.,170.,5.));
#6924=CARTESIAN_POINT('',(-31.,162.,5.));
#6925=CARTESIAN_POINT('Origin',(-31.,170.,5.));
#6926=CARTESIAN_POINT('',(-31.,162.,29.4705882352941));
#6927=CARTESIAN_POINT('',(-31.,162.,5.));
#6928=CARTESIAN_POINT('',(-39.,170.,29.7058823529412));
#6929=CARTESIAN_POINT('Origin',(-31.,170.,29.7058823529412));
#6930=CARTESIAN_POINT('',(-39.,170.,24.0034174879612));
#6931=CARTESIAN_POINT('',(-39.,170.,5.));
#6932=CARTESIAN_POINT('',(-37.6862454002318,165.607492464676,23.8742260898634));
#6933=CARTESIAN_POINT('Origin',(-31.,170.,24.0034174879612));
#6934=CARTESIAN_POINT('Origin',(-31.,170.,-125.471030111157));
#6935=CARTESIAN_POINT('Origin',(-140.,99.7752808988764,27.6404494382022));
#6936=CARTESIAN_POINT('',(-15.,162.,29.4705882352941));
#6937=CARTESIAN_POINT('',(-89.5,162.,29.4705882352941));
#6938=CARTESIAN_POINT('',(-15.,185.,30.1470588235294));
#6939=CARTESIAN_POINT('',(-15.,130.52808988764,28.5449438202247));
#6940=CARTESIAN_POINT('',(-39.,185.,30.1470588235294));
#6941=CARTESIAN_POINT('',(-77.5,185.,30.1470588235294));
#6942=CARTESIAN_POINT('',(-39.,142.018150388937,28.8828867761452));
#6943=CARTESIAN_POINT('',(-17.625,173.43645990626,29.8069547031253));
#6944=CARTESIAN_POINT('Origin',(-26.5,173.43645990626,29.8069547031253));
#6945=CARTESIAN_POINT('Origin',(-39.,162.,5.));
#6946=CARTESIAN_POINT('',(-15.,162.,5.));
#6947=CARTESIAN_POINT('',(-39.,162.,5.));
#6948=CARTESIAN_POINT('',(-15.,162.,5.));
#6949=CARTESIAN_POINT('Origin',(-39.,185.,5.));
#6950=CARTESIAN_POINT('',(-39.,185.,5.));
#6951=CARTESIAN_POINT('',(-39.,185.,5.));
#6952=CARTESIAN_POINT('',(-39.,185.,5.));
#6953=CARTESIAN_POINT('',(-39.0000000000001,181.67113425995,21.9456483047793));
#6954=CARTESIAN_POINT('',(-39.,179.086872210604,21.8696405974455));
#6955=CARTESIAN_POINT('',(-39.0000000000001,181.600576536106,24.3446109154937));
#6956=CARTESIAN_POINT('',(-39.,181.802492002476,17.4794850588964));
#6957=CARTESIAN_POINT('',(-39.,162.104034500391,23.7711832085609));
#6958=CARTESIAN_POINT('Origin',(-27.,173.5,5.));
#6959=CARTESIAN_POINT('',(-15.,185.,5.));
#6960=CARTESIAN_POINT('',(-15.,185.,5.));
#6961=CARTESIAN_POINT('',(-15.,162.,5.));
#6962=CARTESIAN_POINT('',(-35.4000005066395,180.000002682209,5.));
#6963=CARTESIAN_POINT('Origin',(-34.0000005066395,180.000002682209,5.));
#6964=CARTESIAN_POINT('Origin',(-34.0000005066395,180.000002682209,0.));
#6965=CARTESIAN_POINT('',(-35.4000005066395,180.000002682209,13.));
#6966=CARTESIAN_POINT('',(-35.4000005066395,180.000002682209,0.));
#6967=CARTESIAN_POINT('Origin',(-34.0000005066395,180.000002682209,13.));
#6968=CARTESIAN_POINT('Origin',(-34.0000005066395,180.000002682209,13.));
#6969=CARTESIAN_POINT('Origin',(-265.,173.639313362313,22.9099371973213));
#6970=CARTESIAN_POINT('',(-18.5,173.604034500391,24.1094185026786));
#6971=CARTESIAN_POINT('',(-18.5,173.674592224235,21.7104558919641));
#6972=CARTESIAN_POINT('Ctrl Pts',(-18.5,173.604034500391,24.1094185026785));
#6973=CARTESIAN_POINT('Ctrl Pts',(-18.5,173.453181450255,24.1049816482628));
#6974=CARTESIAN_POINT('Ctrl Pts',(-18.5047055872267,173.293315807253,24.0700590232427));
#6975=CARTESIAN_POINT('Ctrl Pts',(-18.5217128902476,173.001457040503,23.9388863042316));
#6976=CARTESIAN_POINT('Ctrl Pts',(-18.5337764389085,172.869444713864,23.8426481659315));
#6977=CARTESIAN_POINT('Ctrl Pts',(-18.5564783179278,172.662965635812,23.6236552043618));
#6978=CARTESIAN_POINT('Ctrl Pts',(-18.568601657203,172.574654006128,23.4862157443239));
#6979=CARTESIAN_POINT('Ctrl Pts',(-18.5857461160038,172.460862335987,23.1871548787052));
#6980=CARTESIAN_POINT('Ctrl Pts',(-18.590512026686,172.435395125178,23.0255140158623));
#6981=CARTESIAN_POINT('Ctrl Pts',(-18.590512026686,172.439832056956,22.874658335399));
#6982=CARTESIAN_POINT('Ctrl Pts',(-18.590512026686,172.444268988734,22.7238026549358));
#6983=CARTESIAN_POINT('Ctrl Pts',(-18.5857461160038,172.479192244705,22.5639379822923));
#6984=CARTESIAN_POINT('Ctrl Pts',(-18.568601657203,172.610363824545,22.2720819181437));
#6985=CARTESIAN_POINT('Ctrl Pts',(-18.5564783179278,172.7066004845,22.1400703489775));
#6986=CARTESIAN_POINT('Ctrl Pts',(-18.5337764389085,172.92559344607,21.9335912709261));
#6987=CARTESIAN_POINT('Ctrl Pts',(-18.5217128902476,173.063033749158,21.8452782099709));
#6988=CARTESIAN_POINT('Ctrl Pts',(-18.5047055872267,173.362097379658,21.7314855614671));
#6989=CARTESIAN_POINT('Ctrl Pts',(-18.5,173.5237391741,21.7060190375484));
#6990=CARTESIAN_POINT('Ctrl Pts',(-18.5,173.674592224235,21.7104558919641));
#6991=CARTESIAN_POINT('',(-18.5904333494019,174.839313362313,22.9099371820423));
#6992=CARTESIAN_POINT('Ctrl Pts',(-18.59043334947,174.839313362313,22.9099371820419));
#6993=CARTESIAN_POINT('Ctrl Pts',(-18.5904860354647,174.839313362463,22.9217545533553));
#6994=CARTESIAN_POINT('Ctrl Pts',(-18.5905120266859,174.839138735476,22.9335177538628));
#6995=CARTESIAN_POINT('Ctrl Pts',(-18.5905120266859,174.834357735892,23.0960717397068));
#6996=CARTESIAN_POINT('Ctrl Pts',(-18.5857461160037,174.799434479921,23.2559364123503));
#6997=CARTESIAN_POINT('Ctrl Pts',(-18.568601657203,174.668262900081,23.5477924764989));
#6998=CARTESIAN_POINT('Ctrl Pts',(-18.5564783179278,174.572026240126,23.6798040456651));
#6999=CARTESIAN_POINT('Ctrl Pts',(-18.5337764389085,174.353033278556,23.8862831237165));
#7000=CARTESIAN_POINT('Ctrl Pts',(-18.5217128902476,174.215592975468,23.9745961846717));
#7001=CARTESIAN_POINT('Ctrl Pts',(-18.5047055872267,173.916529344968,24.0883888331755));
#7002=CARTESIAN_POINT('Ctrl Pts',(-18.5,173.754887550526,24.1138553570943));
#7003=CARTESIAN_POINT('Ctrl Pts',(-18.5,173.604034500391,24.1094185026785));
#7004=CARTESIAN_POINT('',(-15.,174.839313362313,22.9099371973213));
#7005=CARTESIAN_POINT('',(-265.,174.839313362313,22.9099371973213));
#7006=CARTESIAN_POINT('Origin',(-15.,173.639313362313,22.9099371973213));
#7007=CARTESIAN_POINT('Ctrl Pts',(-18.5,173.674592224235,21.7104558919641));
#7008=CARTESIAN_POINT('Ctrl Pts',(-18.5,173.825445274371,21.7148927463799));
#7009=CARTESIAN_POINT('Ctrl Pts',(-18.5047055872267,173.985310917373,21.7498153713999));
#7010=CARTESIAN_POINT('Ctrl Pts',(-18.5217128902476,174.277169684123,21.8809880904111));
#7011=CARTESIAN_POINT('Ctrl Pts',(-18.5337764389085,174.409182010762,21.9772262287112));
#7012=CARTESIAN_POINT('Ctrl Pts',(-18.5564783179278,174.615661088814,22.1962191902809));
#7013=CARTESIAN_POINT('Ctrl Pts',(-18.568601657203,174.703972718498,22.3336586503188));
#7014=CARTESIAN_POINT('Ctrl Pts',(-18.5850813710169,174.813352325059,22.6211239786573));
#7015=CARTESIAN_POINT('Ctrl Pts',(-18.5898066223942,174.839313360523,22.7693634562923));
#7016=CARTESIAN_POINT('Ctrl Pts',(-18.59043334947,174.839313362313,22.9099371820419));
#7017=CARTESIAN_POINT('Origin',(-28.7500000000001,173.674592224235,21.7104558919641));
#7018=CARTESIAN_POINT('',(-26.5,165.678050188521,21.475263479149));
#7019=CARTESIAN_POINT('',(-26.5,165.678050188521,21.475263479149));
#7020=CARTESIAN_POINT('Origin',(-26.5,173.674592224235,21.7104558919641));
#7021=CARTESIAN_POINT('',(-26.5000000000001,181.67113425995,21.9456483047793));
#7022=CARTESIAN_POINT('Origin',(-26.5,173.674592224235,21.7104558919641));
#7023=CARTESIAN_POINT('',(-26.5000000000001,181.67113425995,21.9456483047793));
#7024=CARTESIAN_POINT('Origin',(-26.5,173.43645990626,29.8069547031254));
#7025=CARTESIAN_POINT('',(-26.5,165.607492464676,23.8742260898634));
#7026=CARTESIAN_POINT('',(-26.5,165.439917870545,29.5717622903102));
#7027=CARTESIAN_POINT('Origin',(-26.5,173.604034500391,24.1094185026786));
#7028=CARTESIAN_POINT('Origin',(-26.5,173.43645990626,29.8069547031254));
#7029=CARTESIAN_POINT('',(-26.5000000000001,181.600576536106,24.3446109154937));
#7030=CARTESIAN_POINT('Origin',(-26.5,173.604034500391,24.1094185026786));
#7031=CARTESIAN_POINT('',(-26.5000000000001,181.433001941975,30.0421471159405));
#7032=CARTESIAN_POINT('Origin',(-10.,167.000002413988,17.3088235649116));
#7033=CARTESIAN_POINT('',(-15.,165.600002413988,17.3088235649116));
#7034=CARTESIAN_POINT('Origin',(-15.,167.000002413988,17.3088235649116));
#7035=CARTESIAN_POINT('',(-23.,165.600002413988,17.3088235649116));
#7036=CARTESIAN_POINT('',(-10.,165.600002413988,17.3088235649116));
#7037=CARTESIAN_POINT('Origin',(-23.,167.000002413988,17.3088235649116));
#7038=CARTESIAN_POINT('Origin',(-23.,167.000002413988,17.3088235649116));
#7039=CARTESIAN_POINT('Origin',(-34.0000005811453,190.,17.6470588235294));
#7040=CARTESIAN_POINT('',(-32.6000005811453,185.,17.6470588235294));
#7041=CARTESIAN_POINT('Origin',(-34.0000005811453,185.,17.6470588235294));
#7042=CARTESIAN_POINT('',(-32.6000005811453,177.,17.6470588235294));
#7043=CARTESIAN_POINT('',(-32.6000005811453,190.,17.6470588235294));
#7044=CARTESIAN_POINT('Origin',(-34.0000005811453,177.,17.6470588235294));
#7045=CARTESIAN_POINT('Origin',(-34.0000005811453,177.,17.6470588235294));
#7046=CARTESIAN_POINT('Origin',(-26.5,173.458509194961,29.0572788872769));
#7047=CARTESIAN_POINT('',(-18.375,173.458509194961,29.0572788872769));
#7048=CARTESIAN_POINT('Origin',(-17.625,173.458509194961,29.0572788872769));
#7049=CARTESIAN_POINT('Origin',(-26.5,173.458509194961,29.0572788872769));
#7050=CARTESIAN_POINT('Origin',(-26.5,173.43645990626,29.8069547031254));
#7051=CARTESIAN_POINT('',(-18.375,173.568755638469,25.3088998080358));
#7052=CARTESIAN_POINT('',(-18.375,173.43645990626,29.8069547031254));
#7053=CARTESIAN_POINT('Origin',(-26.5,173.568755638469,25.3088998080358));
#7054=CARTESIAN_POINT('Origin',(-26.5,173.568755638469,25.3088998080358));
#7055=CARTESIAN_POINT('Origin',(-28.7500000000001,173.604034500391,24.1094185026786));
#7056=CARTESIAN_POINT('',(-33.8750000000001,181.600576536106,24.3446109154937));
#7057=CARTESIAN_POINT('',(-27.625,165.607492464676,23.8742260898634));
#7058=CARTESIAN_POINT('Origin',(-26.5,165.439917870545,29.5717622903102));
#7059=CARTESIAN_POINT('Origin',(-39.0000000000001,181.433001941975,30.0421471159405));
#7060=CARTESIAN_POINT('Origin',(-15.,162.,5.));
#7061=CARTESIAN_POINT('',(-15.,185.,5.));
#7062=CARTESIAN_POINT('Origin',(-15.,185.,5.));
#7063=CARTESIAN_POINT('Origin',(-249.,30.,5.));
#7064=CARTESIAN_POINT('',(-242.551522756146,34.7346743536902,17.6239877193009));
#7065=CARTESIAN_POINT('',(-241.,30.,17.4847325912512));
#7066=CARTESIAN_POINT('Origin',(-249.,30.,17.4847325912512));
#7067=CARTESIAN_POINT('',(-241.,30.,5.));
#7068=CARTESIAN_POINT('',(-241.,30.,5.));
#7069=CARTESIAN_POINT('',(-249.,38.,5.));
#7070=CARTESIAN_POINT('Origin',(-249.,30.,5.));
#7071=CARTESIAN_POINT('',(-249.,38.,25.8235294117647));
#7072=CARTESIAN_POINT('',(-249.,38.,5.));
#7073=CARTESIAN_POINT('',(-241.,30.,25.5882352941176));
#7074=CARTESIAN_POINT('Origin',(-249.,30.,25.5882352941176));
#7075=CARTESIAN_POINT('',(-241.,30.,19.8857704291376));
#7076=CARTESIAN_POINT('',(-241.,30.,5.));
#7077=CARTESIAN_POINT('',(-242.500306463902,34.6641166298456,20.0229503300154));
#7078=CARTESIAN_POINT('Origin',(-249.,30.,19.8857704291376));
#7079=CARTESIAN_POINT('Origin',(-249.,30.,178.602915744763));
#7080=CARTESIAN_POINT('Origin',(-251.25,26.7381323179753,17.3887953064858));
#7081=CARTESIAN_POINT('',(-253.5,34.7346743536902,17.6239877193009));
#7082=CARTESIAN_POINT('',(-253.5,34.7346743536902,17.6239877193009));
#7083=CARTESIAN_POINT('',(-261.5,26.7381323179753,17.3887953064858));
#7084=CARTESIAN_POINT('Origin',(-253.5,26.7381323179753,17.3887953064858));
#7085=CARTESIAN_POINT('',(-253.5,18.7415902822605,17.1536028936707));
#7086=CARTESIAN_POINT('Origin',(-253.5,26.7381323179753,17.3887953064858));
#7087=CARTESIAN_POINT('',(-241.,18.7415902822605,17.1536028936707));
#7088=CARTESIAN_POINT('',(-253.5,18.7415902822605,17.1536028936707));
#7089=CARTESIAN_POINT('',(-241.,20.6921081174568,17.2109710652941));
#7090=CARTESIAN_POINT('Origin',(-253.5,34.4965420357148,25.7204865304622));
#7091=CARTESIAN_POINT('',(-253.5,34.6641166298456,20.0229503300154));
#7092=CARTESIAN_POINT('',(-252.375,34.6641166298456,20.0229503300154));
#7093=CARTESIAN_POINT('',(-253.5,34.4965420357148,25.7204865304622));
#7094=CARTESIAN_POINT('Origin',(-241.,15.,5.));
#7095=CARTESIAN_POINT('',(-241.,18.671032558416,19.5525655043851));
#7096=CARTESIAN_POINT('',(-241.,18.7994821648038,15.1852788872001));
#7097=CARTESIAN_POINT('',(-241.,38.1675745941308,20.1259932113179));
#7098=CARTESIAN_POINT('',(-241.,15.,25.1470588235294));
#7099=CARTESIAN_POINT('',(-241.,57.0916162489196,26.3850475367329));
#7100=CARTESIAN_POINT('',(-241.,15.,5.));
#7101=CARTESIAN_POINT('',(-241.,15.,5.));
#7102=CARTESIAN_POINT('',(-241.,15.,5.));
#7103=CARTESIAN_POINT('Origin',(-251.25,26.6675745941308,19.7877579172003));
#7104=CARTESIAN_POINT('',(-253.5,18.671032558416,19.5525655043851));
#7105=CARTESIAN_POINT('',(-246.125,18.671032558416,19.5525655043851));
#7106=CARTESIAN_POINT('',(-261.5,26.6675745941308,19.7877579172003));
#7107=CARTESIAN_POINT('Origin',(-253.5,26.6675745941308,19.7877579172003));
#7108=CARTESIAN_POINT('Origin',(-253.5,26.6675745941308,19.7877579172003));
#7109=CARTESIAN_POINT('Origin',(-246.,32.9999998325706,0.));
#7110=CARTESIAN_POINT('',(-247.4,32.9999998325706,5.));
#7111=CARTESIAN_POINT('Origin',(-246.,32.9999998325706,5.));
#7112=CARTESIAN_POINT('',(-247.4,32.9999998325706,13.));
#7113=CARTESIAN_POINT('',(-247.4,32.9999998325706,0.));
#7114=CARTESIAN_POINT('Origin',(-246.,32.9999998325706,13.));
#7115=CARTESIAN_POINT('Origin',(-246.,32.9999998325706,13.));
#7116=CARTESIAN_POINT('Origin',(-265.,26.7028534560531,18.588276611843));
#7117=CARTESIAN_POINT('',(-265.,27.9028534560531,18.588276611843));
#7118=CARTESIAN_POINT('Origin',(-265.,26.7028534560531,18.588276611843));
#7119=CARTESIAN_POINT('',(-261.409566650598,27.9028534560531,18.588276596564));
#7120=CARTESIAN_POINT('',(-265.,27.9028534560531,18.588276611843));
#7121=CARTESIAN_POINT('Ctrl Pts',(-261.5,26.6675745941308,19.7877579172002));
#7122=CARTESIAN_POINT('Ctrl Pts',(-261.5,26.8184276442665,19.792194771616));
#7123=CARTESIAN_POINT('Ctrl Pts',(-261.495294412773,26.9800694387078,19.7667282476972));
#7124=CARTESIAN_POINT('Ctrl Pts',(-261.478287109753,27.2791330692081,19.6529355991934));
#7125=CARTESIAN_POINT('Ctrl Pts',(-261.466223561092,27.4165733722965,19.5646225382383));
#7126=CARTESIAN_POINT('Ctrl Pts',(-261.443521682072,27.6355663338662,19.3581434601868));
#7127=CARTESIAN_POINT('Ctrl Pts',(-261.431398342797,27.7318029938214,19.2261318910207));
#7128=CARTESIAN_POINT('Ctrl Pts',(-261.414253883996,27.8629745736609,18.934275826872));
#7129=CARTESIAN_POINT('Ctrl Pts',(-261.409487973314,27.897897829632,18.7744111542285));
#7130=CARTESIAN_POINT('Ctrl Pts',(-261.409487973314,27.9026788292156,18.6118571683845));
#7131=CARTESIAN_POINT('Ctrl Pts',(-261.409513964535,27.9028534562035,18.600093967877));
#7132=CARTESIAN_POINT('Ctrl Pts',(-261.40956665053,27.9028534560531,18.5882765965636));
#7133=CARTESIAN_POINT('Ctrl Pts',(-261.5,26.7381323179753,17.3887953064858));
#7134=CARTESIAN_POINT('Ctrl Pts',(-261.5,26.5872792678396,17.38435845207));
#7135=CARTESIAN_POINT('Ctrl Pts',(-261.495294412773,26.4256374733984,17.4098249759888));
#7136=CARTESIAN_POINT('Ctrl Pts',(-261.478287109753,26.126573842898,17.5236176244926));
#7137=CARTESIAN_POINT('Ctrl Pts',(-261.466223561092,25.9891335398096,17.6119306854478));
#7138=CARTESIAN_POINT('Ctrl Pts',(-261.443521682072,25.7701405782399,17.8184097634992));
#7139=CARTESIAN_POINT('Ctrl Pts',(-261.431398342797,25.6739039182847,17.9504213326654));
#7140=CARTESIAN_POINT('Ctrl Pts',(-261.414253883996,25.5427323384452,18.242277396814));
#7141=CARTESIAN_POINT('Ctrl Pts',(-261.409487973314,25.5078090824742,18.4021420694575));
#7142=CARTESIAN_POINT('Ctrl Pts',(-261.409487973314,25.5033721506958,18.5529977499208));
#7143=CARTESIAN_POINT('Ctrl Pts',(-261.409487973314,25.4989352189175,18.703853430384));
#7144=CARTESIAN_POINT('Ctrl Pts',(-261.414253883996,25.5244024297272,18.8654942932269));
#7145=CARTESIAN_POINT('Ctrl Pts',(-261.431398342797,25.6381940998676,19.1645551588456));
#7146=CARTESIAN_POINT('Ctrl Pts',(-261.443521682072,25.7265057295522,19.3019946188835));
#7147=CARTESIAN_POINT('Ctrl Pts',(-261.466223561092,25.9329848076036,19.5209875804532));
#7148=CARTESIAN_POINT('Ctrl Pts',(-261.478287109753,26.0649971342433,19.6172257187533));
#7149=CARTESIAN_POINT('Ctrl Pts',(-261.495294412773,26.3568559009932,19.7483984377644));
#7150=CARTESIAN_POINT('Ctrl Pts',(-261.5,26.5167215439951,19.7833210627845));
#7151=CARTESIAN_POINT('Ctrl Pts',(-261.5,26.6675745941308,19.7877579172002));
#7152=CARTESIAN_POINT('Ctrl Pts',(-261.40956665053,27.9028534560531,18.5882765965636));
#7153=CARTESIAN_POINT('Ctrl Pts',(-261.410193377606,27.9028534542632,18.4477028708141));
#7154=CARTESIAN_POINT('Ctrl Pts',(-261.414918628983,27.8768924187994,18.299463393179));
#7155=CARTESIAN_POINT('Ctrl Pts',(-261.431398342797,27.7675128122385,18.0119980648405));
#7156=CARTESIAN_POINT('Ctrl Pts',(-261.443521682072,27.679201182554,17.8745586048026));
#7157=CARTESIAN_POINT('Ctrl Pts',(-261.466223561092,27.4727221045026,17.6555656432329));
#7158=CARTESIAN_POINT('Ctrl Pts',(-261.478287109753,27.3407097778629,17.5593275049328));
#7159=CARTESIAN_POINT('Ctrl Pts',(-261.495294412773,27.048851011113,17.4281547859216));
#7160=CARTESIAN_POINT('Ctrl Pts',(-261.5,26.8889853681111,17.3932321609016));
#7161=CARTESIAN_POINT('Ctrl Pts',(-261.5,26.7381323179753,17.3887953064858));
#7162=CARTESIAN_POINT('Origin',(-253.5,26.5,25.4852941176471));
#7163=CARTESIAN_POINT('Origin',(-253.5,26.5,25.4852941176471));
#7164=CARTESIAN_POINT('',(-253.5,18.5034579642852,25.2501017048319));
#7165=CARTESIAN_POINT('Origin',(-270.,33.,15.3382352941176));
#7166=CARTESIAN_POINT('',(-265.,34.4,15.3382352941176));
#7167=CARTESIAN_POINT('Origin',(-265.,33.,15.3382352941176));
#7168=CARTESIAN_POINT('',(-257.,34.4,15.3382352941176));
#7169=CARTESIAN_POINT('',(-270.,34.4,15.3382352941176));
#7170=CARTESIAN_POINT('Origin',(-257.,33.,15.3382352941176));
#7171=CARTESIAN_POINT('Origin',(-257.,33.,15.3382352941176));
#7172=CARTESIAN_POINT('Origin',(-246.,10.,15.0735294117647));
#7173=CARTESIAN_POINT('',(-247.4,15.,15.0735294117647));
#7174=CARTESIAN_POINT('Origin',(-246.,15.,15.0735294117647));
#7175=CARTESIAN_POINT('',(-247.4,23.,15.0735294117647));
#7176=CARTESIAN_POINT('',(-247.4,10.,15.0735294117647));
#7177=CARTESIAN_POINT('Origin',(-246.,23.,15.0735294117647));
#7178=CARTESIAN_POINT('Origin',(-246.,23.,15.0735294117647));
#7179=CARTESIAN_POINT('Origin',(-253.5,26.5220492887014,24.7356183017987));
#7180=CARTESIAN_POINT('',(-244.625,26.5,25.4852941176471));
#7181=CARTESIAN_POINT('Origin',(-253.5,26.5,25.4852941176471));
#7182=CARTESIAN_POINT('',(-245.375,26.5220492887014,24.7356183017987));
#7183=CARTESIAN_POINT('Origin',(-244.625,26.5220492887014,24.7356183017987));
#7184=CARTESIAN_POINT('',(-261.625,26.5220492887014,24.7356183017987));
#7185=CARTESIAN_POINT('Origin',(-253.5,26.5220492887014,24.7356183017987));
#7186=CARTESIAN_POINT('Origin',(-253.5,26.5220492887014,24.7356183017987));
#7187=CARTESIAN_POINT('Origin',(-253.5,26.5,25.4852941176471));
#7188=CARTESIAN_POINT('',(-261.625,26.6322957322085,20.9872392225575));
#7189=CARTESIAN_POINT('',(-261.625,26.5,25.4852941176471));
#7190=CARTESIAN_POINT('Origin',(-253.5,26.6322957322085,20.9872392225575));
#7191=CARTESIAN_POINT('Origin',(-140.,99.7752808988764,27.6404494382022));
#7192=CARTESIAN_POINT('',(-265.,38.,25.8235294117647));
#7193=CARTESIAN_POINT('',(-190.5,38.,25.8235294117647));
#7194=CARTESIAN_POINT('',(-265.,15.,25.1470588235294));
#7195=CARTESIAN_POINT('',(-265.,68.5816767502161,26.7229904926534));
#7196=CARTESIAN_POINT('',(-202.5,15.,25.1470588235294));
#7197=CARTESIAN_POINT('Origin',(-253.5,26.6322957322085,20.9872392225575));
#7198=CARTESIAN_POINT('Origin',(-241.,18.5034579642852,25.2501017048319));
#7199=CARTESIAN_POINT('Origin',(-253.,26.5,5.));
#7200=CARTESIAN_POINT('',(-265.,15.,5.));
#7201=CARTESIAN_POINT('',(-265.,15.,5.));
#7202=CARTESIAN_POINT('',(-265.,38.,5.));
#7203=CARTESIAN_POINT('',(-265.,38.,5.));
#7204=CARTESIAN_POINT('',(-241.,38.,5.));
#7205=CARTESIAN_POINT('Origin',(-265.,15.,5.));
#7206=CARTESIAN_POINT('',(-265.,15.,5.));
#7207=CARTESIAN_POINT('Origin',(-241.,38.,5.));
#7208=CARTESIAN_POINT('',(-265.,38.,5.));
#7209=CARTESIAN_POINT('Origin',(-265.,38.,5.));
#7210=CARTESIAN_POINT('Origin',(-31.,30.,5.));
#7211=CARTESIAN_POINT('',(-39.,30.,25.5882352941176));
#7212=CARTESIAN_POINT('',(-31.,38.,25.8235294117647));
#7213=CARTESIAN_POINT('Origin',(-31.,30.,25.5882352941176));
#7214=CARTESIAN_POINT('',(-31.,38.,5.));
#7215=CARTESIAN_POINT('',(-31.,38.,5.));
#7216=CARTESIAN_POINT('',(-39.,30.,5.));
#7217=CARTESIAN_POINT('Origin',(-31.,30.,5.));
#7218=CARTESIAN_POINT('',(-39.,30.,17.4847325912513));
#7219=CARTESIAN_POINT('',(-39.,30.,5.));
#7220=CARTESIAN_POINT('',(-37.4484772438544,34.7346743536903,17.623987719301));
#7221=CARTESIAN_POINT('Origin',(-31.,30.,17.4847325912513));
#7222=CARTESIAN_POINT('',(-37.4996935360982,34.6641166298457,20.0229503300154));
#7223=CARTESIAN_POINT('Origin',(-31.,30.,178.602915744767));
#7224=CARTESIAN_POINT('',(-39.0000000000001,30.,19.8857704291376));
#7225=CARTESIAN_POINT('Origin',(-31.,30.,19.8857704291376));
#7226=CARTESIAN_POINT('',(-39.,30.,5.));
#7227=CARTESIAN_POINT('Origin',(-15.,38.,5.));
#7228=CARTESIAN_POINT('',(-15.,38.,25.8235294117647));
#7229=CARTESIAN_POINT('',(-77.5,38.,25.8235294117647));
#7230=CARTESIAN_POINT('',(-15.,38.,5.));
#7231=CARTESIAN_POINT('',(-15.,38.,5.));
#7232=CARTESIAN_POINT('',(-15.,38.,5.));
#7233=CARTESIAN_POINT('Origin',(-140.,99.7752808988764,27.6404494382022));
#7234=CARTESIAN_POINT('',(-39.,15.,25.1470588235294));
#7235=CARTESIAN_POINT('',(-39.,68.5816767502161,26.7229904926534));
#7236=CARTESIAN_POINT('',(-15.,15.,25.1470588235294));
#7237=CARTESIAN_POINT('',(-89.5,15.,25.1470588235294));
#7238=CARTESIAN_POINT('',(-15.,57.0916162489196,26.3850475367329));
#7239=CARTESIAN_POINT('',(-17.625,26.5000000000001,25.4852941176471));
#7240=CARTESIAN_POINT('Origin',(-26.5,26.5000000000001,25.4852941176471));
#7241=CARTESIAN_POINT('Origin',(-28.7500000000001,26.6675745941309,19.7877579172003));
#7242=CARTESIAN_POINT('',(-26.5000001197401,34.6641166298458,20.0229503300154));
#7243=CARTESIAN_POINT('',(-33.8750000000001,34.6641166298457,20.0229503300154));
#7244=CARTESIAN_POINT('',(-18.5,26.6675745941308,19.7877579172003));
#7245=CARTESIAN_POINT('Origin',(-26.5,26.6675745941309,19.7877579172003));
#7246=CARTESIAN_POINT('',(-26.5,18.6710325584161,19.5525655043851));
#7247=CARTESIAN_POINT('Origin',(-26.5,26.6675745941309,19.7877579172003));
#7248=CARTESIAN_POINT('',(-39.,18.6710325584161,19.5525655043851));
#7249=CARTESIAN_POINT('',(-27.625,18.6710325584161,19.5525655043851));
#7250=CARTESIAN_POINT('',(-39.0000000000001,38.1675745941309,20.1259932113179));
#7251=CARTESIAN_POINT('Origin',(-34.0000005066395,33.0000004917383,0.));
#7252=CARTESIAN_POINT('',(-35.4000005066395,33.0000004917383,5.));
#7253=CARTESIAN_POINT('Origin',(-34.0000005066395,33.0000004917383,5.));
#7254=CARTESIAN_POINT('',(-35.4000005066395,33.0000004917383,13.));
#7255=CARTESIAN_POINT('',(-35.4000005066395,33.0000004917383,0.));
#7256=CARTESIAN_POINT('Origin',(-34.0000005066395,33.0000004917383,13.));
#7257=CARTESIAN_POINT('Origin',(-34.0000005066395,33.0000004917383,13.));
#7258=CARTESIAN_POINT('Origin',(-265.,26.7028534560531,18.588276611843));
#7259=CARTESIAN_POINT('',(-18.5,26.7381323179753,17.3887953064858));
#7260=CARTESIAN_POINT('Ctrl Pts',(-18.5,26.6675745941308,19.7877579172002));
#7261=CARTESIAN_POINT('Ctrl Pts',(-18.5,26.5167215439951,19.7833210627845));
#7262=CARTESIAN_POINT('Ctrl Pts',(-18.5047055872267,26.3568559009932,19.7483984377644));
#7263=CARTESIAN_POINT('Ctrl Pts',(-18.5217128902476,26.0649971342433,19.6172257187533));
#7264=CARTESIAN_POINT('Ctrl Pts',(-18.5337764389085,25.9329848076036,19.5209875804532));
#7265=CARTESIAN_POINT('Ctrl Pts',(-18.5564783179278,25.7265057295522,19.3019946188835));
#7266=CARTESIAN_POINT('Ctrl Pts',(-18.568601657203,25.6381940998676,19.1645551588456));
#7267=CARTESIAN_POINT('Ctrl Pts',(-18.5857461160038,25.5244024297272,18.8654942932269));
#7268=CARTESIAN_POINT('Ctrl Pts',(-18.590512026686,25.4989352189175,18.703853430384));
#7269=CARTESIAN_POINT('Ctrl Pts',(-18.590512026686,25.5033721506958,18.5529977499208));
#7270=CARTESIAN_POINT('Ctrl Pts',(-18.590512026686,25.5078090824742,18.4021420694575));
#7271=CARTESIAN_POINT('Ctrl Pts',(-18.5857461160038,25.5427323384452,18.242277396814));
#7272=CARTESIAN_POINT('Ctrl Pts',(-18.568601657203,25.6739039182847,17.9504213326654));
#7273=CARTESIAN_POINT('Ctrl Pts',(-18.5564783179278,25.7701405782399,17.8184097634992));
#7274=CARTESIAN_POINT('Ctrl Pts',(-18.5337764389085,25.9891335398096,17.6119306854478));
#7275=CARTESIAN_POINT('Ctrl Pts',(-18.5217128902476,26.126573842898,17.5236176244926));
#7276=CARTESIAN_POINT('Ctrl Pts',(-18.5047055872267,26.4256374733984,17.4098249759888));
#7277=CARTESIAN_POINT('Ctrl Pts',(-18.5,26.5872792678396,17.38435845207));
#7278=CARTESIAN_POINT('Ctrl Pts',(-18.5,26.7381323179753,17.3887953064858));
#7279=CARTESIAN_POINT('',(-18.5904333494019,27.9028534560531,18.588276596564));
#7280=CARTESIAN_POINT('Ctrl Pts',(-18.59043334947,27.9028534560531,18.5882765965636));
#7281=CARTESIAN_POINT('Ctrl Pts',(-18.5904860354647,27.9028534562035,18.600093967877));
#7282=CARTESIAN_POINT('Ctrl Pts',(-18.5905120266859,27.9026788292156,18.6118571683845));
#7283=CARTESIAN_POINT('Ctrl Pts',(-18.5905120266859,27.897897829632,18.7744111542285));
#7284=CARTESIAN_POINT('Ctrl Pts',(-18.5857461160037,27.8629745736609,18.934275826872));
#7285=CARTESIAN_POINT('Ctrl Pts',(-18.5686016572029,27.7318029938214,19.2261318910207));
#7286=CARTESIAN_POINT('Ctrl Pts',(-18.5564783179278,27.6355663338662,19.3581434601868));
#7287=CARTESIAN_POINT('Ctrl Pts',(-18.5337764389085,27.4165733722965,19.5646225382383));
#7288=CARTESIAN_POINT('Ctrl Pts',(-18.5217128902476,27.2791330692081,19.6529355991934));
#7289=CARTESIAN_POINT('Ctrl Pts',(-18.5047055872266,26.9800694387078,19.7667282476972));
#7290=CARTESIAN_POINT('Ctrl Pts',(-18.5,26.8184276442665,19.792194771616));
#7291=CARTESIAN_POINT('Ctrl Pts',(-18.5,26.6675745941308,19.7877579172002));
#7292=CARTESIAN_POINT('',(-15.,27.9028534560531,18.588276611843));
#7293=CARTESIAN_POINT('',(-265.,27.9028534560531,18.588276611843));
#7294=CARTESIAN_POINT('Origin',(-15.,26.7028534560531,18.588276611843));
#7295=CARTESIAN_POINT('Ctrl Pts',(-18.5,26.7381323179753,17.3887953064858));
#7296=CARTESIAN_POINT('Ctrl Pts',(-18.5,26.8889853681111,17.3932321609016));
#7297=CARTESIAN_POINT('Ctrl Pts',(-18.5047055872266,27.048851011113,17.4281547859216));
#7298=CARTESIAN_POINT('Ctrl Pts',(-18.5217128902476,27.3407097778629,17.5593275049328));
#7299=CARTESIAN_POINT('Ctrl Pts',(-18.5337764389085,27.4727221045026,17.6555656432329));
#7300=CARTESIAN_POINT('Ctrl Pts',(-18.5564783179278,27.679201182554,17.8745586048026));
#7301=CARTESIAN_POINT('Ctrl Pts',(-18.5686016572029,27.7675128122385,18.0119980648405));
#7302=CARTESIAN_POINT('Ctrl Pts',(-18.5850813710169,27.8768924187994,18.299463393179));
#7303=CARTESIAN_POINT('Ctrl Pts',(-18.5898066223942,27.9028534542632,18.4477028708141));
#7304=CARTESIAN_POINT('Ctrl Pts',(-18.59043334947,27.9028534560531,18.5882765965636));
#7305=CARTESIAN_POINT('Origin',(-28.7500000000001,26.7381323179755,17.3887953064858));
#7306=CARTESIAN_POINT('',(-39.,18.7415902822606,17.1536028936707));
#7307=CARTESIAN_POINT('',(-39.,32.1821686187533,17.5489140212146));
#7308=CARTESIAN_POINT('',(-26.5,18.7415902822606,17.1536028936707));
#7309=CARTESIAN_POINT('',(-26.5,18.7415902822606,17.1536028936707));
#7310=CARTESIAN_POINT('Origin',(-26.5,26.7381323179755,17.3887953064858));
#7311=CARTESIAN_POINT('',(-26.5000001197401,34.7346743536903,17.623987719301));
#7312=CARTESIAN_POINT('Origin',(-26.5,26.7381323179755,17.3887953064858));
#7313=CARTESIAN_POINT('',(-26.5000000000001,34.7346743536903,17.623987719301));
#7314=CARTESIAN_POINT('Origin',(-26.5,26.5000000000001,25.4852941176471));
#7315=CARTESIAN_POINT('',(-26.5,18.5034579642853,25.2501017048319));
#7316=CARTESIAN_POINT('Origin',(-26.5,26.5000000000001,25.4852941176471));
#7317=CARTESIAN_POINT('',(-26.5000001197401,34.496542035715,25.7204865304622));
#7318=CARTESIAN_POINT('Origin',(-10.,33.,15.3382352941176));
#7319=CARTESIAN_POINT('',(-15.,31.6,15.3382352941176));
#7320=CARTESIAN_POINT('Origin',(-15.,33.,15.3382352941176));
#7321=CARTESIAN_POINT('',(-23.,31.6,15.3382352941176));
#7322=CARTESIAN_POINT('',(-10.,31.6,15.3382352941176));
#7323=CARTESIAN_POINT('Origin',(-23.,33.,15.3382352941176));
#7324=CARTESIAN_POINT('Origin',(-23.,33.,15.3382352941176));
#7325=CARTESIAN_POINT('Origin',(-34.0000005811453,10.,15.0000002235174));
#7326=CARTESIAN_POINT('',(-35.4000005811453,15.,15.0000002235174));
#7327=CARTESIAN_POINT('Origin',(-34.0000005811453,15.,15.0000002235174));
#7328=CARTESIAN_POINT('',(-35.4000005811453,23.,15.0000002235174));
#7329=CARTESIAN_POINT('',(-35.4000005811453,10.,15.0000002235174));
#7330=CARTESIAN_POINT('Origin',(-34.0000005811453,23.,15.0000002235174));
#7331=CARTESIAN_POINT('Origin',(-34.0000005811453,23.,15.0000002235174));
#7332=CARTESIAN_POINT('Origin',(-26.5,26.5220492887016,24.7356183017987));
#7333=CARTESIAN_POINT('',(-18.375,26.5220492887016,24.7356183017987));
#7334=CARTESIAN_POINT('Origin',(-17.625,26.5220492887016,24.7356183017987));
#7335=CARTESIAN_POINT('Origin',(-26.5,26.5220492887016,24.7356183017987));
#7336=CARTESIAN_POINT('Origin',(-26.5,26.5000000000001,25.4852941176471));
#7337=CARTESIAN_POINT('',(-18.375,26.6322957322087,20.9872392225575));
#7338=CARTESIAN_POINT('',(-18.375,26.5000000000001,25.4852941176471));
#7339=CARTESIAN_POINT('Origin',(-26.5,26.6322957322087,20.9872392225575));
#7340=CARTESIAN_POINT('Origin',(-26.5,26.6322957322087,20.9872392225575));
#7341=CARTESIAN_POINT('Origin',(-26.5,18.5034579642853,25.2501017048319));
#7342=CARTESIAN_POINT('',(-39.,18.8094216635074,14.8473359312796));
#7343=CARTESIAN_POINT('Origin',(-39.0000000000001,34.4965420357149,25.7204865304622));
#7344=CARTESIAN_POINT('Origin',(-39.,38.,5.));
#7345=CARTESIAN_POINT('',(-39.,15.,5.));
#7346=CARTESIAN_POINT('',(-39.,38.,5.));
#7347=CARTESIAN_POINT('',(-39.,15.,5.));
#7348=CARTESIAN_POINT('Origin',(-27.,26.5,5.));
#7349=CARTESIAN_POINT('',(-15.,15.,5.));
#7350=CARTESIAN_POINT('',(-15.,15.,5.));
#7351=CARTESIAN_POINT('',(-39.,15.,5.));
#7352=CARTESIAN_POINT('Origin',(-15.,15.,5.));
#7353=CARTESIAN_POINT('',(-15.,15.,5.));
#7354=CARTESIAN_POINT('Origin',(-39.,15.,5.));
#7355=CARTESIAN_POINT('Origin',(-65.0326205840324,121.268140818923,31.2738896743851));
#7356=CARTESIAN_POINT('',(-77.1326205840324,121.268140818923,31.2738896743851));
#7357=CARTESIAN_POINT('Origin',(-65.0326205840324,121.268140818923,31.2738896743851));
#7358=CARTESIAN_POINT('',(-77.1326205840324,121.356337973728,28.2751864109921));
#7359=CARTESIAN_POINT('',(-77.1326205840324,121.268140818923,31.2738896743851));
#7360=CARTESIAN_POINT('Origin',(-65.0326205840324,121.356337973728,28.2751864109921));
#7361=CARTESIAN_POINT('Origin',(-115.043359294936,138.495127265243,31.7805657463357));
#7362=CARTESIAN_POINT('',(-127.143359294936,138.495127265243,31.7805657463357));
#7363=CARTESIAN_POINT('Origin',(-115.043359294936,138.495127265243,31.7805657463357));
#7364=CARTESIAN_POINT('',(-127.143359294936,138.583324420049,28.7818624829427));
#7365=CARTESIAN_POINT('',(-127.143359294936,138.495127265243,31.7805657463357));
#7366=CARTESIAN_POINT('Origin',(-115.043359294936,138.583324420049,28.7818624829427));
#7367=CARTESIAN_POINT('Origin',(-140.214707471616,126.004818363855,31.4132037198243));
#7368=CARTESIAN_POINT('',(-152.314707471616,126.004818363855,31.4132037198243));
#7369=CARTESIAN_POINT('Origin',(-140.214707471616,126.004818363855,31.4132037198242));
#7370=CARTESIAN_POINT('',(-152.314707471616,126.09301551866,28.4145004564313));
#7371=CARTESIAN_POINT('',(-152.314707471616,126.004818363855,31.4132037198243));
#7372=CARTESIAN_POINT('Origin',(-140.214707471616,126.09301551866,28.4145004564313));
#7373=CARTESIAN_POINT('Origin',(-160.978072984342,78.7740681947851,30.0240640089693));
#7374=CARTESIAN_POINT('',(-173.078072984342,78.7740681947851,30.0240640089693));
#7375=CARTESIAN_POINT('Origin',(-160.978072984342,78.7740681947851,30.0240640089693));
#7376=CARTESIAN_POINT('',(-173.078072984342,78.8622653495908,27.0253607455763));
#7377=CARTESIAN_POINT('',(-173.078072984342,78.7740681947851,30.0240640089693));
#7378=CARTESIAN_POINT('Origin',(-160.978072984342,78.8622653495908,27.0253607455763));
#7379=CARTESIAN_POINT('Origin',(-168.477485009817,127.057290247182,31.4441587752163));
#7380=CARTESIAN_POINT('',(-180.577485009817,127.057290247182,31.4441587752163));
#7381=CARTESIAN_POINT('Origin',(-168.477485009817,127.057290247182,31.4441587752162));
#7382=CARTESIAN_POINT('',(-180.577485009817,127.145487401988,28.4454555118232));
#7383=CARTESIAN_POINT('',(-180.577485009817,127.057290247182,31.4441587752163));
#7384=CARTESIAN_POINT('Origin',(-168.477485009817,127.145487401988,28.4454555118232));
#7385=CARTESIAN_POINT('Origin',(-90.5833614951516,150.281467777585,32.1272228202282));
#7386=CARTESIAN_POINT('',(-102.683361495152,150.281467777585,32.1272228202282));
#7387=CARTESIAN_POINT('Origin',(-90.5833614951516,150.281467777585,32.1272228202281));
#7388=CARTESIAN_POINT('',(-102.683361495152,150.369664932391,29.1285195568351));
#7389=CARTESIAN_POINT('',(-102.683361495152,150.281467777585,32.1272228202282));
#7390=CARTESIAN_POINT('Origin',(-90.5833614951516,150.369664932391,29.1285195568351));
#7391=CARTESIAN_POINT('Origin',(-38.3962169425536,116.684918816357,31.1390890272508));
#7392=CARTESIAN_POINT('',(-50.4962169425536,116.684918816357,31.1390890272508));
#7393=CARTESIAN_POINT('Origin',(-38.3962169425536,116.684918816357,31.1390890272508));
#7394=CARTESIAN_POINT('',(-50.4962169425536,116.773115971163,28.1403857638578));
#7395=CARTESIAN_POINT('',(-50.4962169425536,116.684918816357,31.1390890272508));
#7396=CARTESIAN_POINT('Origin',(-38.3962169425536,116.773115971163,28.1403857638578));
#7397=CARTESIAN_POINT('Origin',(-92.2507721965433,122.418378472403,31.3077201936051));
#7398=CARTESIAN_POINT('',(-104.350772196543,122.418378472403,31.3077201936051));
#7399=CARTESIAN_POINT('Origin',(-92.2507721965433,122.418378472403,31.3077201936051));
#7400=CARTESIAN_POINT('',(-104.350772196543,122.506575627209,28.3090169302121));
#7401=CARTESIAN_POINT('',(-104.350772196543,122.418378472403,31.3077201936051));
#7402=CARTESIAN_POINT('Origin',(-92.2507721965433,122.506575627209,28.3090169302121));
#7403=CARTESIAN_POINT('Origin',(-219.755984245281,139.694996429992,31.8158560158872));
#7404=CARTESIAN_POINT('',(-231.855984245281,139.694996429992,31.8158560158872));
#7405=CARTESIAN_POINT('Origin',(-219.755984245281,139.694996429992,31.8158560158871));
#7406=CARTESIAN_POINT('',(-231.855984245281,139.783193584798,28.8171527524941));
#7407=CARTESIAN_POINT('',(-231.855984245281,139.694996429992,31.8158560158872));
#7408=CARTESIAN_POINT('Origin',(-219.755984245281,139.783193584798,28.8171527524941));
#7409=CARTESIAN_POINT('Origin',(-116.887386815407,110.58335191272,30.9596311771439));
#7410=CARTESIAN_POINT('',(-128.987386815407,110.58335191272,30.9596311771439));
#7411=CARTESIAN_POINT('Origin',(-116.887386815407,110.58335191272,30.9596311771438));
#7412=CARTESIAN_POINT('',(-128.987386815407,110.671549067525,27.9609279137508));
#7413=CARTESIAN_POINT('',(-128.987386815407,110.58335191272,30.9596311771439));
#7414=CARTESIAN_POINT('Origin',(-116.887386815407,110.671549067525,27.9609279137508));
#7415=CARTESIAN_POINT('Origin',(-119.678072984342,78.7740681947851,30.0240640089693));
#7416=CARTESIAN_POINT('',(-131.778072984342,78.7740681947851,30.0240640089693));
#7417=CARTESIAN_POINT('Origin',(-119.678072984342,78.7740681947851,30.0240640089693));
#7418=CARTESIAN_POINT('',(-131.778072984342,78.8622653495908,27.0253607455763));
#7419=CARTESIAN_POINT('',(-131.778072984342,78.7740681947851,30.0240640089693));
#7420=CARTESIAN_POINT('Origin',(-119.678072984342,78.8622653495908,27.0253607455763));
#7421=CARTESIAN_POINT('Origin',(-192.569498446243,139.554215115834,31.8117153890002));
#7422=CARTESIAN_POINT('',(-204.669498446243,139.554215115834,31.8117153890002));
#7423=CARTESIAN_POINT('Origin',(-192.569498446243,139.554215115834,31.8117153890001));
#7424=CARTESIAN_POINT('',(-204.669498446243,139.64241227064,28.8130121256071));
#7425=CARTESIAN_POINT('',(-204.669498446243,139.554215115834,31.8117153890002));
#7426=CARTESIAN_POINT('Origin',(-192.569498446243,139.64241227064,28.8130121256071));
#7427=CARTESIAN_POINT('Origin',(-63.4468752380039,149.034352530132,32.0905429600089));
#7428=CARTESIAN_POINT('',(-75.5468752380039,149.034352530132,32.0905429600089));
#7429=CARTESIAN_POINT('Origin',(-63.4468752380039,149.034352530132,32.0905429600089));
#7430=CARTESIAN_POINT('',(-75.5468752380039,149.122549684938,29.0918396966159));
#7431=CARTESIAN_POINT('',(-75.5468752380039,149.034352530132,32.0905429600089));
#7432=CARTESIAN_POINT('Origin',(-63.4468752380039,149.122549684938,29.0918396966159));
#7433=CARTESIAN_POINT('Origin',(-36.4696329938439,144.690922767587,31.9627950258164));
#7434=CARTESIAN_POINT('',(-48.5696329938439,144.690922767587,31.9627950258164));
#7435=CARTESIAN_POINT('Origin',(-36.4696329938439,144.690922767587,31.9627950258164));
#7436=CARTESIAN_POINT('',(-48.5696329938439,144.779119922393,28.9640917624234));
#7437=CARTESIAN_POINT('',(-48.5696329938439,144.690922767587,31.9627950258164));
#7438=CARTESIAN_POINT('Origin',(-36.4696329938439,144.779119922393,28.9640917624234));
#7439=CARTESIAN_POINT('Origin',(-26.5,26.4118028451945,28.4839973810401));
#7440=CARTESIAN_POINT('',(-28.55,26.544098577403,23.9859424859505));
#7441=CARTESIAN_POINT('Origin',(-26.5,26.544098577403,23.9859424859505));
#7442=CARTESIAN_POINT('',(-28.55,26.4118028451945,28.4839973810401));
#7443=CARTESIAN_POINT('',(-28.55,26.4118028451945,28.4839973810401));
#7444=CARTESIAN_POINT('Origin',(-26.5,26.4118028451945,28.4839973810401));
#7445=CARTESIAN_POINT('Origin',(-26.5,26.4118028451945,28.4839973810401));
#7446=CARTESIAN_POINT('',(-34.25,26.544098577403,23.9859424859505));
#7447=CARTESIAN_POINT('Origin',(-26.5,26.544098577403,23.9859424859505));
#7448=CARTESIAN_POINT('',(-34.25,26.5000000000001,25.4852941176471));
#7449=CARTESIAN_POINT('',(-34.25,26.4118028451945,28.4839973810401));
#7450=CARTESIAN_POINT('Origin',(-26.5,26.5000000000001,25.4852941176471));
#7451=CARTESIAN_POINT('Origin',(-26.5,26.544098577403,23.9859424859505));
#7452=CARTESIAN_POINT('Origin',(-140.,100.,27.6470588235295));
#7453=CARTESIAN_POINT('',(-20.,0.00432245535645673,24.7060094839812));
#7454=CARTESIAN_POINT('',(4.31806719459335E-16,19.9956775446435,25.2939905160191));
#7455=CARTESIAN_POINT('Origin',(-20.,19.9956775446435,25.293990516019));
#7456=CARTESIAN_POINT('',(-260.,0.00432245535646143,24.7060094839811));
#7457=CARTESIAN_POINT('',(-205.,0.00432245535646035,24.7060094839811));
#7458=CARTESIAN_POINT('',(-280.,19.9956775446435,25.2939905160189));
#7459=CARTESIAN_POINT('Origin',(-260.,19.9956775446435,25.293990516019));
#7460=CARTESIAN_POINT('',(-280.,180.004322455358,30.00012713104));
#7461=CARTESIAN_POINT('',(-280.,145.,28.9705882352941));
#7462=CARTESIAN_POINT('',(-260.,199.995677544645,30.5881081630778));
#7463=CARTESIAN_POINT('Origin',(-260.,180.004322455358,30.00012713104));
#7464=CARTESIAN_POINT('',(-19.9999999999999,199.995677544644,30.5881081630779));
#7465=CARTESIAN_POINT('',(-74.9999999999996,199.995677544644,30.5881081630779));
#7466=CARTESIAN_POINT('',(-1.54202974408449E-15,180.004322455357,30.0001271310401));
#7467=CARTESIAN_POINT('Origin',(-20.,180.004322455357,30.00012713104));
#7468=CARTESIAN_POINT('',(1.0263416486754E-46,55.,26.3235294117649));
#7469=CARTESIAN_POINT('',(-34.25,173.43645990626,29.8069547031253));
#7470=CARTESIAN_POINT('Origin',(-26.5,173.43645990626,29.8069547031253));
#7471=CARTESIAN_POINT('',(-261.25,173.43645990626,29.8069547031253));
#7472=CARTESIAN_POINT('Origin',(-253.5,173.43645990626,29.8069547031253));
#7473=CARTESIAN_POINT('',(-261.25,26.5,25.4852941176471));
#7474=CARTESIAN_POINT('Origin',(-253.5,26.5,25.4852941176471));
#7475=CARTESIAN_POINT('Origin',(-253.5,26.4118028451943,28.4839973810401));
#7476=CARTESIAN_POINT('',(-255.55,26.5440985774028,23.9859424859505));
#7477=CARTESIAN_POINT('Origin',(-253.5,26.5440985774028,23.9859424859505));
#7478=CARTESIAN_POINT('',(-255.55,26.4118028451943,28.4839973810401));
#7479=CARTESIAN_POINT('',(-255.55,26.4118028451943,28.4839973810401));
#7480=CARTESIAN_POINT('Origin',(-253.5,26.4118028451943,28.4839973810401));
#7481=CARTESIAN_POINT('Origin',(-253.5,26.4118028451943,28.4839973810401));
#7482=CARTESIAN_POINT('',(-261.25,26.5440985774028,23.9859424859505));
#7483=CARTESIAN_POINT('Origin',(-253.5,26.5440985774028,23.9859424859505));
#7484=CARTESIAN_POINT('',(-261.25,26.4118028451943,28.4839973810401));
#7485=CARTESIAN_POINT('Origin',(-253.5,26.5440985774028,23.9859424859505));
#7486=CARTESIAN_POINT('Origin',(-26.5,173.348262751454,32.8056579665183));
#7487=CARTESIAN_POINT('',(-28.55,173.480558483663,28.3076030714288));
#7488=CARTESIAN_POINT('Origin',(-26.5,173.480558483663,28.3076030714288));
#7489=CARTESIAN_POINT('',(-28.55,173.348262751454,32.8056579665183));
#7490=CARTESIAN_POINT('',(-28.55,173.348262751454,32.8056579665183));
#7491=CARTESIAN_POINT('Origin',(-26.5,173.348262751454,32.8056579665183));
#7492=CARTESIAN_POINT('Origin',(-26.5,173.348262751454,32.8056579665183));
#7493=CARTESIAN_POINT('',(-34.25,173.480558483663,28.3076030714288));
#7494=CARTESIAN_POINT('Origin',(-26.5,173.480558483663,28.3076030714288));
#7495=CARTESIAN_POINT('',(-34.25,173.348262751454,32.8056579665183));
#7496=CARTESIAN_POINT('Origin',(-26.5,173.480558483663,28.3076030714288));
#7497=CARTESIAN_POINT('Origin',(-253.5,173.348262751454,32.8056579665184));
#7498=CARTESIAN_POINT('',(-255.55,173.480558483663,28.3076030714288));
#7499=CARTESIAN_POINT('Origin',(-253.5,173.480558483663,28.3076030714288));
#7500=CARTESIAN_POINT('',(-255.55,173.348262751454,32.8056579665184));
#7501=CARTESIAN_POINT('',(-255.55,173.348262751454,32.8056579665184));
#7502=CARTESIAN_POINT('Origin',(-253.5,173.348262751454,32.8056579665183));
#7503=CARTESIAN_POINT('Origin',(-253.5,173.348262751454,32.8056579665184));
#7504=CARTESIAN_POINT('',(-261.25,173.480558483663,28.3076030714288));
#7505=CARTESIAN_POINT('Origin',(-253.5,173.480558483663,28.3076030714288));
#7506=CARTESIAN_POINT('',(-261.25,173.348262751454,32.8056579665184));
#7507=CARTESIAN_POINT('Origin',(-253.5,173.480558483663,28.3076030714288));
#7508=CARTESIAN_POINT('Origin',(-20.,19.9956775446435,25.2939905160189));
#7509=CARTESIAN_POINT('',(4.31806719459335E-16,19.9074803898379,28.292693779412));
#7510=CARTESIAN_POINT('',(-20.,-0.0838746994492189,27.7047127473741));
#7511=CARTESIAN_POINT('Origin',(-20.,19.9074803898379,28.292693779412));
#7512=CARTESIAN_POINT('',(-20.,0.00432245535646913,24.7060094839811));
#7513=CARTESIAN_POINT('',(0.,19.9956775446435,25.2939905160189));
#7514=CARTESIAN_POINT('Origin',(0.,10.,25.));
#7515=CARTESIAN_POINT('',(-1.54202974408449E-15,179.916125300551,32.998830394433));
#7516=CARTESIAN_POINT('',(-2.22044604925031E-15,180.004322455357,30.0001271310399));
#7517=CARTESIAN_POINT('',(0.,54.9118028451943,29.3222326751578));
#7518=CARTESIAN_POINT('Origin',(-260.,19.9956775446435,25.2939905160189));
#7519=CARTESIAN_POINT('',(-260.,-0.0838746994492189,27.7047127473741));
#7520=CARTESIAN_POINT('',(-280.,19.9074803898379,28.292693779412));
#7521=CARTESIAN_POINT('Origin',(-260.,19.9074803898379,28.292693779412));
#7522=CARTESIAN_POINT('',(-280.,19.9956775446435,25.2939905160189));
#7523=CARTESIAN_POINT('',(-260.,0.00432245535646913,24.7060094839811));
#7524=CARTESIAN_POINT('Origin',(-280.,190.,30.2941176470588));
#7525=CARTESIAN_POINT('',(-280.,179.916125300553,32.998830394433));
#7526=CARTESIAN_POINT('',(-280.,144.911802845194,31.9692914986872));
#7527=CARTESIAN_POINT('',(-280.,180.004322455358,30.00012713104));
#7528=CARTESIAN_POINT('Origin',(-260.,180.004322455358,30.00012713104));
#7529=CARTESIAN_POINT('',(-260.,199.90748038984,33.5868114264709));
#7530=CARTESIAN_POINT('Origin',(-260.,179.916125300553,32.998830394433));
#7531=CARTESIAN_POINT('',(-260.,199.995677544645,30.5881081630778));
#7532=CARTESIAN_POINT('Origin',(-20.,180.004322455357,30.0001271310399));
#7533=CARTESIAN_POINT('',(-19.9999999999999,199.907480389838,33.5868114264708));
#7534=CARTESIAN_POINT('',(-19.9999999999999,199.995677544644,30.5881081630778));
#7535=CARTESIAN_POINT('Origin',(-20.,179.916125300551,32.998830394433));
#7536=CARTESIAN_POINT('Origin',(-270.,0.00432245535647247,24.7060094839811));
#7537=CARTESIAN_POINT('',(-205.,-0.0838746994492189,27.7047127473741));
#7538=CARTESIAN_POINT('Origin',(-9.99999999999993,199.995677544644,30.5881081630778));
#7539=CARTESIAN_POINT('',(-74.9999999999996,199.907480389838,33.5868114264708));
#7540=CARTESIAN_POINT('Origin',(-140.,99.9118028451944,30.6457620869225));
#7541=UNCERTAINTY_MEASURE_WITH_UNIT(LENGTH_MEASURE(0.01),#7545,
'DISTANCE_ACCURACY_VALUE',
'Maximum model space distance between geometric entities at asserted c
onnectivities');
#7542=UNCERTAINTY_MEASURE_WITH_UNIT(LENGTH_MEASURE(0.01),#7545,
'DISTANCE_ACCURACY_VALUE',
'Maximum model space distance between geometric entities at asserted c
onnectivities');
#7543=(
GEOMETRIC_REPRESENTATION_CONTEXT(3)
GLOBAL_UNCERTAINTY_ASSIGNED_CONTEXT((#7541))
GLOBAL_UNIT_ASSIGNED_CONTEXT((#7545,#7547,#7548))
REPRESENTATION_CONTEXT('','3D')
);
#7544=(
GEOMETRIC_REPRESENTATION_CONTEXT(3)
GLOBAL_UNCERTAINTY_ASSIGNED_CONTEXT((#7542))
GLOBAL_UNIT_ASSIGNED_CONTEXT((#7545,#7547,#7548))
REPRESENTATION_CONTEXT('','3D')
);
#7545=(
LENGTH_UNIT()
NAMED_UNIT(*)
SI_UNIT(.MILLI.,.METRE.)
);
#7546=(
LENGTH_UNIT()
NAMED_UNIT(*)
SI_UNIT($,.METRE.)
);
#7547=(
NAMED_UNIT(*)
PLANE_ANGLE_UNIT()
SI_UNIT($,.RADIAN.)
);
#7548=(
NAMED_UNIT(*)
SI_UNIT($,.STERADIAN.)
SOLID_ANGLE_UNIT()
);
#7549=SHAPE_DEFINITION_REPRESENTATION(#7550,#7551);
#7550=PRODUCT_DEFINITION_SHAPE('',$,#7553);
#7551=SHAPE_REPRESENTATION('',(#4255),#7543);
#7552=PRODUCT_DEFINITION_CONTEXT('part definition',#7557,'design');
#7553=PRODUCT_DEFINITION('2026-04-22-18-35-54-933',
'My_Arcade_Controller',#7554,#7552);
#7554=PRODUCT_DEFINITION_FORMATION('',$,#7559);
#7555=PRODUCT_RELATED_PRODUCT_CATEGORY('My_Arcade_Controller',
'My_Arcade_Controller',(#7559));
#7556=APPLICATION_PROTOCOL_DEFINITION('international standard',
'automotive_design',2009,#7557);
#7557=APPLICATION_CONTEXT(
'Core Data for Automotive Mechanical Design Process');
#7558=PRODUCT_CONTEXT('part definition',#7557,'mechanical');
#7559=PRODUCT('2026-04-22-18-35-54-933','My_Arcade_Controller',$,(#7558));
#7560=PRESENTATION_STYLE_ASSIGNMENT((#7561));
#7561=SURFACE_STYLE_USAGE(.BOTH.,#7562);
#7562=SURFACE_SIDE_STYLE('',(#7563));
#7563=SURFACE_STYLE_FILL_AREA(#7564);
#7564=FILL_AREA_STYLE('\X2\92FC\X0\ - \X2\30B530C630F3\X0\',(#7565));
#7565=FILL_AREA_STYLE_COLOUR('\X2\92FC\X0\ - \X2\30B530C630F3\X0\',#7566);
#7566=COLOUR_RGB('\X2\92FC\X0\ - \X2\30B530C630F3\X0\',0.627450980392157,
0.627450980392157,0.627450980392157);
ENDSEC;
END-ISO-10303-21;
